{"type": "FeatureCollection", "name": "sozialmonitoring_stadtteile", "features": [{"type": "Feature", "geometry": null, "properties": {"stadtteil": "Allermöhe", "jahr": "2013", "sm_statusindex_score": 3.25, "sm_dynamikindex_score": -1.0, "sm_anteil_niedrig_proz": 0.0, "sm_bev_niedrig": 0, "sm_bev_gesamt": 1334, "sm_gebiete_anz": 2, "sm_gebiete_niedrig_anz": 0}}, {"type": "Feature", "geometry": null, "properties": {"stadtteil": "Allermöhe", "jahr": "2014", "sm_statusindex_score": 3.0, "sm_dynamikindex_score": -0.249, "sm_anteil_niedrig_proz": 0.0, "sm_bev_niedrig": 0, "sm_bev_gesamt": 1322, "sm_gebiete_anz": 2, "sm_gebiete_niedrig_anz": 0}}, {"type": "Feature", "geometry": null, "properties": {"stadtteil": "Allermöhe", "jahr": "2015", "sm_statusindex_score": 3.0, "sm_dynamikindex_score": -0.771, "sm_anteil_niedrig_proz": 0.0, "sm_bev_niedrig": 0, "sm_bev_gesamt": 1353, "sm_gebiete_anz": 2, "sm_gebiete_niedrig_anz": 0}}, {"type": "Feature", "geometry": null, "properties": {"stadtteil": "Allermöhe", "jahr": "2016", "sm_statusindex_score": 3.0, "sm_dynamikindex_score": 0.0, "sm_anteil_niedrig_proz": 0.0, "sm_bev_niedrig": 0, "sm_bev_gesamt": 1383, "sm_gebiete_anz": 2, "sm_gebiete_niedrig_anz": 0}}, {"type": "Feature", "geometry": null, "properties": {"stadtteil": "Allermöhe", "jahr": "2017", "sm_statusindex_score": 3.0, "sm_dynamikindex_score": 0.0, "sm_anteil_niedrig_proz": 0.0, "sm_bev_niedrig": 0, "sm_bev_gesamt": 1063, "sm_gebiete_anz": 1, "sm_gebiete_niedrig_anz": 0}}, {"type": "Feature", "geometry": null, "properties": {"stadtteil": "Allermöhe", "jahr": "2018", "sm_statusindex_score": 3.0, "sm_dynamikindex_score": 0.0, "sm_anteil_niedrig_proz": 0.0, "sm_bev_niedrig": 0, "sm_bev_gesamt": 1066, "sm_gebiete_anz": 1, "sm_gebiete_niedrig_anz": 0}}, {"type": "Feature", "geometry": null, "properties": {"stadtteil": "Allermöhe", "jahr": "2019", "sm_statusindex_score": 3.0, "sm_dynamikindex_score": 0.0, "sm_anteil_niedrig_proz": 0.0, "sm_bev_niedrig": 0, "sm_bev_gesamt": 1367, "sm_gebiete_anz": 2, "sm_gebiete_niedrig_anz": 0}}, {"type": "Feature", "geometry": null, "properties": {"stadtteil": "Allermöhe", "jahr": "2020", "sm_statusindex_score": 3.0, "sm_dynamikindex_score": 0.0, "sm_anteil_niedrig_proz": 0.0, "sm_bev_niedrig": 0, "sm_bev_gesamt": 1083, "sm_gebiete_anz": 1, "sm_gebiete_niedrig_anz": 0}}, {"type": "Feature", "geometry": null, "properties": {"stadtteil": "Allermöhe", "jahr": "2021", "sm_statusindex_score": 3.0, "sm_dynamikindex_score": -0.22, "sm_anteil_niedrig_proz": 0.0, "sm_bev_niedrig": 0, "sm_bev_gesamt": 1392, "sm_gebiete_anz": 2, "sm_gebiete_niedrig_anz": 0}}, {"type": "Feature", "geometry": null, "properties": {"stadtteil": "Allermöhe", "jahr": "2022", "sm_statusindex_score": 3.0, "sm_dynamikindex_score": -0.245, "sm_anteil_niedrig_proz": 0.0, "sm_bev_niedrig": 0, "sm_bev_gesamt": 1441, "sm_gebiete_anz": 2, "sm_gebiete_niedrig_anz": 0}}, {"type": "Feature", "geometry": null, "properties": {"stadtteil": "Allermöhe", "jahr": "2023", "sm_statusindex_score": 3.0, "sm_dynamikindex_score": 0.0, "sm_anteil_niedrig_proz": 0.0, "sm_bev_niedrig": 0, "sm_bev_gesamt": 1421, "sm_gebiete_anz": 2, "sm_gebiete_niedrig_anz": 0}}, {"type": "Feature", "geometry": null, "properties": {"stadtteil": "Allermöhe", "jahr": "2024", "sm_statusindex_score": 3.0, "sm_dynamikindex_score": 0.22, "sm_anteil_niedrig_proz": 0.0, "sm_bev_niedrig": 0, "sm_bev_gesamt": 1412, "sm_gebiete_anz": 2, "sm_gebiete_niedrig_anz": 0}}, {"type": "Feature", "geometry": null, "properties": {"stadtteil": "Allermöhe", "jahr": "2025", "sm_statusindex_score": 3.0, "sm_dynamikindex_score": 0.222, "sm_anteil_niedrig_proz": 0.0, "sm_bev_niedrig": 0, "sm_bev_gesamt": 1411, "sm_gebiete_anz": 2, "sm_gebiete_niedrig_anz": 0}}, {"type": "Feature", "geometry": null, "properties": {"stadtteil": "Alsterdorf", "jahr": "2013", "sm_statusindex_score": 3.344, "sm_dynamikindex_score": -0.315, "sm_anteil_niedrig_proz": 0.0, "sm_bev_niedrig": 0, "sm_bev_gesamt": 13655, "sm_gebiete_anz": 7, "sm_gebiete_niedrig_anz": 0}}, {"type": "Feature", "geometry": null, "properties": {"stadtteil": "Alsterdorf", "jahr": "2014", "sm_statusindex_score": 3.344, "sm_dynamikindex_score": -0.387, "sm_anteil_niedrig_proz": 0.0, "sm_bev_niedrig": 0, "sm_bev_gesamt": 13746, "sm_gebiete_anz": 7, "sm_gebiete_niedrig_anz": 0}}, {"type": "Feature", "geometry": null, "properties": {"stadtteil": "Alsterdorf", "jahr": "2015", "sm_statusindex_score": 3.341, "sm_dynamikindex_score": -0.09, "sm_anteil_niedrig_proz": 0.0, "sm_bev_niedrig": 0, "sm_bev_gesamt": 14004, "sm_gebiete_anz": 7, "sm_gebiete_niedrig_anz": 0}}, {"type": "Feature", "geometry": null, "properties": {"stadtteil": "Alsterdorf", "jahr": "2016", "sm_statusindex_score": 3.338, "sm_dynamikindex_score": -0.089, "sm_anteil_niedrig_proz": 0.0, "sm_bev_niedrig": 0, "sm_bev_gesamt": 14119, "sm_gebiete_anz": 7, "sm_gebiete_niedrig_anz": 0}}, {"type": "Feature", "geometry": null, "properties": {"stadtteil": "Alsterdorf", "jahr": "2017", "sm_statusindex_score": 3.339, "sm_dynamikindex_score": 0.0, "sm_anteil_niedrig_proz": 0.0, "sm_bev_niedrig": 0, "sm_bev_gesamt": 14424, "sm_gebiete_anz": 7, "sm_gebiete_niedrig_anz": 0}}, {"type": "Feature", "geometry": null, "properties": {"stadtteil": "Alsterdorf", "jahr": "2018", "sm_statusindex_score": 3.122, "sm_dynamikindex_score": 0.09, "sm_anteil_niedrig_proz": 20.6, "sm_bev_niedrig": 3099, "sm_bev_gesamt": 15027, "sm_gebiete_anz": 7, "sm_gebiete_niedrig_anz": 1}}, {"type": "Feature", "geometry": null, "properties": {"stadtteil": "Alsterdorf", "jahr": "2019", "sm_statusindex_score": 3.324, "sm_dynamikindex_score": 0.0, "sm_anteil_niedrig_proz": 0.0, "sm_bev_niedrig": 0, "sm_bev_gesamt": 15172, "sm_gebiete_anz": 7, "sm_gebiete_niedrig_anz": 0}}, {"type": "Feature", "geometry": null, "properties": {"stadtteil": "Alsterdorf", "jahr": "2020", "sm_statusindex_score": 3.457, "sm_dynamikindex_score": 0.0, "sm_anteil_niedrig_proz": 0.0, "sm_bev_niedrig": 0, "sm_bev_gesamt": 15199, "sm_gebiete_anz": 7, "sm_gebiete_niedrig_anz": 0}}, {"type": "Feature", "geometry": null, "properties": {"stadtteil": "Alsterdorf", "jahr": "2021", "sm_statusindex_score": 3.458, "sm_dynamikindex_score": 0.0, "sm_anteil_niedrig_proz": 0.0, "sm_bev_niedrig": 0, "sm_bev_gesamt": 15222, "sm_gebiete_anz": 7, "sm_gebiete_niedrig_anz": 0}}, {"type": "Feature", "geometry": null, "properties": {"stadtteil": "Alsterdorf", "jahr": "2022", "sm_statusindex_score": 3.465, "sm_dynamikindex_score": 0.0, "sm_anteil_niedrig_proz": 0.0, "sm_bev_niedrig": 0, "sm_bev_gesamt": 14972, "sm_gebiete_anz": 7, "sm_gebiete_niedrig_anz": 0}}, {"type": "Feature", "geometry": null, "properties": {"stadtteil": "Alsterdorf", "jahr": "2023", "sm_statusindex_score": 3.461, "sm_dynamikindex_score": 0.065, "sm_anteil_niedrig_proz": 0.0, "sm_bev_niedrig": 0, "sm_bev_gesamt": 15135, "sm_gebiete_anz": 7, "sm_gebiete_niedrig_anz": 0}}, {"type": "Feature", "geometry": null, "properties": {"stadtteil": "Alsterdorf", "jahr": "2024", "sm_statusindex_score": 3.462, "sm_dynamikindex_score": 0.0, "sm_anteil_niedrig_proz": 0.0, "sm_bev_niedrig": 0, "sm_bev_gesamt": 15107, "sm_gebiete_anz": 7, "sm_gebiete_niedrig_anz": 0}}, {"type": "Feature", "geometry": null, "properties": {"stadtteil": "Alsterdorf", "jahr": "2025", "sm_statusindex_score": 3.455, "sm_dynamikindex_score": 0.0, "sm_anteil_niedrig_proz": 0.0, "sm_bev_niedrig": 0, "sm_bev_gesamt": 15643, "sm_gebiete_anz": 7, "sm_gebiete_niedrig_anz": 0}}, {"type": "Feature", "geometry": null, "properties": {"stadtteil": "Altengamme", "jahr": "2013", "sm_statusindex_score": 3.0, "sm_dynamikindex_score": 0.0, "sm_anteil_niedrig_proz": 0.0, "sm_bev_niedrig": 0, "sm_bev_gesamt": 2221, "sm_gebiete_anz": 1, "sm_gebiete_niedrig_anz": 0}}, {"type": "Feature", "geometry": null, "properties": {"stadtteil": "Altengamme", "jahr": "2014", "sm_statusindex_score": 3.0, "sm_dynamikindex_score": 0.0, "sm_anteil_niedrig_proz": 0.0, "sm_bev_niedrig": 0, "sm_bev_gesamt": 2199, "sm_gebiete_anz": 1, "sm_gebiete_niedrig_anz": 0}}, {"type": "Feature", "geometry": null, "properties": {"stadtteil": "Altengamme", "jahr": "2015", "sm_statusindex_score": 3.0, "sm_dynamikindex_score": 0.0, "sm_anteil_niedrig_proz": 0.0, "sm_bev_niedrig": 0, "sm_bev_gesamt": 2227, "sm_gebiete_anz": 1, "sm_gebiete_niedrig_anz": 0}}, {"type": "Feature", "geometry": null, "properties": {"stadtteil": "Altengamme", "jahr": "2016", "sm_statusindex_score": 3.0, "sm_dynamikindex_score": 0.0, "sm_anteil_niedrig_proz": 0.0, "sm_bev_niedrig": 0, "sm_bev_gesamt": 2214, "sm_gebiete_anz": 1, "sm_gebiete_niedrig_anz": 0}}, {"type": "Feature", "geometry": null, "properties": {"stadtteil": "Altengamme", "jahr": "2017", "sm_statusindex_score": 3.0, "sm_dynamikindex_score": 0.0, "sm_anteil_niedrig_proz": 0.0, "sm_bev_niedrig": 0, "sm_bev_gesamt": 2229, "sm_gebiete_anz": 1, "sm_gebiete_niedrig_anz": 0}}, {"type": "Feature", "geometry": null, "properties": {"stadtteil": "Altengamme", "jahr": "2018", "sm_statusindex_score": 3.0, "sm_dynamikindex_score": 0.0, "sm_anteil_niedrig_proz": 0.0, "sm_bev_niedrig": 0, "sm_bev_gesamt": 2246, "sm_gebiete_anz": 1, "sm_gebiete_niedrig_anz": 0}}, {"type": "Feature", "geometry": null, "properties": {"stadtteil": "Altengamme", "jahr": "2019", "sm_statusindex_score": 3.0, "sm_dynamikindex_score": 0.0, "sm_anteil_niedrig_proz": 0.0, "sm_bev_niedrig": 0, "sm_bev_gesamt": 2231, "sm_gebiete_anz": 1, "sm_gebiete_niedrig_anz": 0}}, {"type": "Feature", "geometry": null, "properties": {"stadtteil": "Altengamme", "jahr": "2020", "sm_statusindex_score": 3.0, "sm_dynamikindex_score": 0.0, "sm_anteil_niedrig_proz": 0.0, "sm_bev_niedrig": 0, "sm_bev_gesamt": 2296, "sm_gebiete_anz": 1, "sm_gebiete_niedrig_anz": 0}}, {"type": "Feature", "geometry": null, "properties": {"stadtteil": "Altengamme", "jahr": "2021", "sm_statusindex_score": 3.0, "sm_dynamikindex_score": 0.0, "sm_anteil_niedrig_proz": 0.0, "sm_bev_niedrig": 0, "sm_bev_gesamt": 2362, "sm_gebiete_anz": 1, "sm_gebiete_niedrig_anz": 0}}, {"type": "Feature", "geometry": null, "properties": {"stadtteil": "Altengamme", "jahr": "2022", "sm_statusindex_score": 4.0, "sm_dynamikindex_score": 0.0, "sm_anteil_niedrig_proz": 0.0, "sm_bev_niedrig": 0, "sm_bev_gesamt": 2319, "sm_gebiete_anz": 1, "sm_gebiete_niedrig_anz": 0}}, {"type": "Feature", "geometry": null, "properties": {"stadtteil": "Altengamme", "jahr": "2023", "sm_statusindex_score": 4.0, "sm_dynamikindex_score": 0.0, "sm_anteil_niedrig_proz": 0.0, "sm_bev_niedrig": 0, "sm_bev_gesamt": 2341, "sm_gebiete_anz": 1, "sm_gebiete_niedrig_anz": 0}}, {"type": "Feature", "geometry": null, "properties": {"stadtteil": "Altengamme", "jahr": "2024", "sm_statusindex_score": 4.0, "sm_dynamikindex_score": 0.0, "sm_anteil_niedrig_proz": 0.0, "sm_bev_niedrig": 0, "sm_bev_gesamt": 2345, "sm_gebiete_anz": 1, "sm_gebiete_niedrig_anz": 0}}, {"type": "Feature", "geometry": null, "properties": {"stadtteil": "Altengamme", "jahr": "2025", "sm_statusindex_score": 4.0, "sm_dynamikindex_score": 0.0, "sm_anteil_niedrig_proz": 0.0, "sm_bev_niedrig": 0, "sm_bev_gesamt": 2332, "sm_gebiete_anz": 1, "sm_gebiete_niedrig_anz": 0}}, {"type": "Feature", "geometry": null, "properties": {"stadtteil": "Altona-Altstadt", "jahr": "2013", "sm_statusindex_score": 2.563, "sm_dynamikindex_score": 0.556, "sm_anteil_niedrig_proz": 30.9, "sm_bev_niedrig": 8699, "sm_bev_gesamt": 28174, "sm_gebiete_anz": 12, "sm_gebiete_niedrig_anz": 4}}, {"type": "Feature", "geometry": null, "properties": {"stadtteil": "Altona-Altstadt", "jahr": "2014", "sm_statusindex_score": 2.562, "sm_dynamikindex_score": 0.466, "sm_anteil_niedrig_proz": 31.0, "sm_bev_niedrig": 8748, "sm_bev_gesamt": 28227, "sm_gebiete_anz": 12, "sm_gebiete_niedrig_anz": 4}}, {"type": "Feature", "geometry": null, "properties": {"stadtteil": "Altona-Altstadt", "jahr": "2015", "sm_statusindex_score": 2.631, "sm_dynamikindex_score": 0.584, "sm_anteil_niedrig_proz": 30.1, "sm_bev_niedrig": 8659, "sm_bev_gesamt": 28788, "sm_gebiete_anz": 12, "sm_gebiete_niedrig_anz": 4}}, {"type": "Feature", "geometry": null, "properties": {"stadtteil": "Altona-Altstadt", "jahr": "2016", "sm_statusindex_score": 2.503, "sm_dynamikindex_score": 0.209, "sm_anteil_niedrig_proz": 37.2, "sm_bev_niedrig": 10723, "sm_bev_gesamt": 28825, "sm_gebiete_anz": 12, "sm_gebiete_niedrig_anz": 5}}, {"type": "Feature", "geometry": null, "properties": {"stadtteil": "Altona-Altstadt", "jahr": "2017", "sm_statusindex_score": 2.64, "sm_dynamikindex_score": 0.213, "sm_anteil_niedrig_proz": 29.4, "sm_bev_niedrig": 8542, "sm_bev_gesamt": 29034, "sm_gebiete_anz": 12, "sm_gebiete_niedrig_anz": 4}}, {"type": "Feature", "geometry": null, "properties": {"stadtteil": "Altona-Altstadt", "jahr": "2018", "sm_statusindex_score": 2.581, "sm_dynamikindex_score": 0.072, "sm_anteil_niedrig_proz": 29.3, "sm_bev_niedrig": 8629, "sm_bev_gesamt": 29408, "sm_gebiete_anz": 12, "sm_gebiete_niedrig_anz": 4}}, {"type": "Feature", "geometry": null, "properties": {"stadtteil": "Altona-Altstadt", "jahr": "2019", "sm_statusindex_score": 2.667, "sm_dynamikindex_score": 0.0, "sm_anteil_niedrig_proz": 20.8, "sm_bev_niedrig": 6094, "sm_bev_gesamt": 29305, "sm_gebiete_anz": 12, "sm_gebiete_niedrig_anz": 3}}, {"type": "Feature", "geometry": null, "properties": {"stadtteil": "Altona-Altstadt", "jahr": "2020", "sm_statusindex_score": 2.668, "sm_dynamikindex_score": 0.0, "sm_anteil_niedrig_proz": 20.7, "sm_bev_niedrig": 6035, "sm_bev_gesamt": 29170, "sm_gebiete_anz": 12, "sm_gebiete_niedrig_anz": 3}}, {"type": "Feature", "geometry": null, "properties": {"stadtteil": "Altona-Altstadt", "jahr": "2021", "sm_statusindex_score": 2.589, "sm_dynamikindex_score": -0.073, "sm_anteil_niedrig_proz": 28.6, "sm_bev_niedrig": 8431, "sm_bev_gesamt": 29455, "sm_gebiete_anz": 12, "sm_gebiete_niedrig_anz": 4}}, {"type": "Feature", "geometry": null, "properties": {"stadtteil": "Altona-Altstadt", "jahr": "2022", "sm_statusindex_score": 2.59, "sm_dynamikindex_score": -0.003, "sm_anteil_niedrig_proz": 28.6, "sm_bev_niedrig": 8326, "sm_bev_gesamt": 29151, "sm_gebiete_anz": 12, "sm_gebiete_niedrig_anz": 4}}, {"type": "Feature", "geometry": null, "properties": {"stadtteil": "Altona-Altstadt", "jahr": "2023", "sm_statusindex_score": 2.731, "sm_dynamikindex_score": -0.111, "sm_anteil_niedrig_proz": 20.2, "sm_bev_niedrig": 5983, "sm_bev_gesamt": 29661, "sm_gebiete_anz": 12, "sm_gebiete_niedrig_anz": 3}}, {"type": "Feature", "geometry": null, "properties": {"stadtteil": "Altona-Altstadt", "jahr": "2024", "sm_statusindex_score": 2.813, "sm_dynamikindex_score": -0.043, "sm_anteil_niedrig_proz": 12.0, "sm_bev_niedrig": 3571, "sm_bev_gesamt": 29715, "sm_gebiete_anz": 12, "sm_gebiete_niedrig_anz": 2}}, {"type": "Feature", "geometry": null, "properties": {"stadtteil": "Altona-Altstadt", "jahr": "2025", "sm_statusindex_score": 2.8, "sm_dynamikindex_score": 0.059, "sm_anteil_niedrig_proz": 20.0, "sm_bev_niedrig": 5930, "sm_bev_gesamt": 29680, "sm_gebiete_anz": 12, "sm_gebiete_niedrig_anz": 3}}, {"type": "Feature", "geometry": null, "properties": {"stadtteil": "Altona-Nord", "jahr": "2013", "sm_statusindex_score": 2.757, "sm_dynamikindex_score": 0.42, "sm_anteil_niedrig_proz": 17.4, "sm_bev_niedrig": 3776, "sm_bev_gesamt": 21758, "sm_gebiete_anz": 10, "sm_gebiete_niedrig_anz": 2}}, {"type": "Feature", "geometry": null, "properties": {"stadtteil": "Altona-Nord", "jahr": "2014", "sm_statusindex_score": 2.757, "sm_dynamikindex_score": 0.338, "sm_anteil_niedrig_proz": 17.4, "sm_bev_niedrig": 3804, "sm_bev_gesamt": 21833, "sm_gebiete_anz": 10, "sm_gebiete_niedrig_anz": 2}}, {"type": "Feature", "geometry": null, "properties": {"stadtteil": "Altona-Nord", "jahr": "2015", "sm_statusindex_score": 2.861, "sm_dynamikindex_score": 0.338, "sm_anteil_niedrig_proz": 7.0, "sm_bev_niedrig": 1515, "sm_bev_gesamt": 21766, "sm_gebiete_anz": 10, "sm_gebiete_niedrig_anz": 1}}, {"type": "Feature", "geometry": null, "properties": {"stadtteil": "Altona-Nord", "jahr": "2016", "sm_statusindex_score": 2.759, "sm_dynamikindex_score": -0.076, "sm_anteil_niedrig_proz": 17.3, "sm_bev_niedrig": 3793, "sm_bev_gesamt": 21875, "sm_gebiete_anz": 10, "sm_gebiete_niedrig_anz": 2}}, {"type": "Feature", "geometry": null, "properties": {"stadtteil": "Altona-Nord", "jahr": "2017", "sm_statusindex_score": 2.76, "sm_dynamikindex_score": 0.0, "sm_anteil_niedrig_proz": 17.4, "sm_bev_niedrig": 3846, "sm_bev_gesamt": 22137, "sm_gebiete_anz": 10, "sm_gebiete_niedrig_anz": 2}}, {"type": "Feature", "geometry": null, "properties": {"stadtteil": "Altona-Nord", "jahr": "2018", "sm_statusindex_score": 2.746, "sm_dynamikindex_score": 0.0, "sm_anteil_niedrig_proz": 18.1, "sm_bev_niedrig": 4094, "sm_bev_gesamt": 22673, "sm_gebiete_anz": 10, "sm_gebiete_niedrig_anz": 2}}, {"type": "Feature", "geometry": null, "properties": {"stadtteil": "Altona-Nord", "jahr": "2019", "sm_statusindex_score": 2.767, "sm_dynamikindex_score": -0.002, "sm_anteil_niedrig_proz": 16.6, "sm_bev_niedrig": 4016, "sm_bev_gesamt": 24153, "sm_gebiete_anz": 11, "sm_gebiete_niedrig_anz": 2}}, {"type": "Feature", "geometry": null, "properties": {"stadtteil": "Altona-Nord", "jahr": "2020", "sm_statusindex_score": 2.841, "sm_dynamikindex_score": -0.033, "sm_anteil_niedrig_proz": 15.9, "sm_bev_niedrig": 3902, "sm_bev_gesamt": 24536, "sm_gebiete_anz": 11, "sm_gebiete_niedrig_anz": 2}}, {"type": "Feature", "geometry": null, "properties": {"stadtteil": "Altona-Nord", "jahr": "2021", "sm_statusindex_score": 2.851, "sm_dynamikindex_score": 0.161, "sm_anteil_niedrig_proz": 14.9, "sm_bev_niedrig": 3838, "sm_bev_gesamt": 25802, "sm_gebiete_anz": 11, "sm_gebiete_niedrig_anz": 2}}, {"type": "Feature", "geometry": null, "properties": {"stadtteil": "Altona-Nord", "jahr": "2022", "sm_statusindex_score": 2.852, "sm_dynamikindex_score": 0.159, "sm_anteil_niedrig_proz": 14.8, "sm_bev_niedrig": 3835, "sm_bev_gesamt": 25942, "sm_gebiete_anz": 11, "sm_gebiete_niedrig_anz": 2}}, {"type": "Feature", "geometry": null, "properties": {"stadtteil": "Altona-Nord", "jahr": "2023", "sm_statusindex_score": 2.849, "sm_dynamikindex_score": 0.065, "sm_anteil_niedrig_proz": 15.1, "sm_bev_niedrig": 4020, "sm_bev_gesamt": 26592, "sm_gebiete_anz": 11, "sm_gebiete_niedrig_anz": 2}}, {"type": "Feature", "geometry": null, "properties": {"stadtteil": "Altona-Nord", "jahr": "2024", "sm_statusindex_score": 2.846, "sm_dynamikindex_score": 0.0, "sm_anteil_niedrig_proz": 15.4, "sm_bev_niedrig": 4141, "sm_bev_gesamt": 26807, "sm_gebiete_anz": 11, "sm_gebiete_niedrig_anz": 2}}, {"type": "Feature", "geometry": null, "properties": {"stadtteil": "Altona-Nord", "jahr": "2025", "sm_statusindex_score": 2.846, "sm_dynamikindex_score": 0.0, "sm_anteil_niedrig_proz": 15.4, "sm_bev_niedrig": 4124, "sm_bev_gesamt": 26777, "sm_gebiete_anz": 11, "sm_gebiete_niedrig_anz": 2}}, {"type": "Feature", "geometry": null, "properties": {"stadtteil": "Bahrenfeld", "jahr": "2013", "sm_statusindex_score": 2.94, "sm_dynamikindex_score": 0.141, "sm_anteil_niedrig_proz": 6.0, "sm_bev_niedrig": 1606, "sm_bev_gesamt": 26871, "sm_gebiete_anz": 14, "sm_gebiete_niedrig_anz": 1}}, {"type": "Feature", "geometry": null, "properties": {"stadtteil": "Bahrenfeld", "jahr": "2014", "sm_statusindex_score": 2.941, "sm_dynamikindex_score": 0.074, "sm_anteil_niedrig_proz": 5.9, "sm_bev_niedrig": 1586, "sm_bev_gesamt": 26955, "sm_gebiete_anz": 14, "sm_gebiete_niedrig_anz": 1}}, {"type": "Feature", "geometry": null, "properties": {"stadtteil": "Bahrenfeld", "jahr": "2015", "sm_statusindex_score": 3.0, "sm_dynamikindex_score": 0.168, "sm_anteil_niedrig_proz": 0.0, "sm_bev_niedrig": 0, "sm_bev_gesamt": 27066, "sm_gebiete_anz": 14, "sm_gebiete_niedrig_anz": 0}}, {"type": "Feature", "geometry": null, "properties": {"stadtteil": "Bahrenfeld", "jahr": "2016", "sm_statusindex_score": 2.926, "sm_dynamikindex_score": -0.04, "sm_anteil_niedrig_proz": 7.4, "sm_bev_niedrig": 2176, "sm_bev_gesamt": 29387, "sm_gebiete_anz": 15, "sm_gebiete_niedrig_anz": 2}}, {"type": "Feature", "geometry": null, "properties": {"stadtteil": "Bahrenfeld", "jahr": "2017", "sm_statusindex_score": 2.812, "sm_dynamikindex_score": -0.226, "sm_anteil_niedrig_proz": 16.0, "sm_bev_niedrig": 4927, "sm_bev_gesamt": 30838, "sm_gebiete_anz": 15, "sm_gebiete_niedrig_anz": 3}}, {"type": "Feature", "geometry": null, "properties": {"stadtteil": "Bahrenfeld", "jahr": "2018", "sm_statusindex_score": 2.716, "sm_dynamikindex_score": -0.222, "sm_anteil_niedrig_proz": 24.7, "sm_bev_niedrig": 7637, "sm_bev_gesamt": 30962, "sm_gebiete_anz": 15, "sm_gebiete_niedrig_anz": 4}}, {"type": "Feature", "geometry": null, "properties": {"stadtteil": "Bahrenfeld", "jahr": "2019", "sm_statusindex_score": 2.745, "sm_dynamikindex_score": -0.013, "sm_anteil_niedrig_proz": 24.5, "sm_bev_niedrig": 7307, "sm_bev_gesamt": 29787, "sm_gebiete_anz": 15, "sm_gebiete_niedrig_anz": 4}}, {"type": "Feature", "geometry": null, "properties": {"stadtteil": "Bahrenfeld", "jahr": "2020", "sm_statusindex_score": 3.003, "sm_dynamikindex_score": 0.092, "sm_anteil_niedrig_proz": 10.2, "sm_bev_niedrig": 3047, "sm_bev_gesamt": 30010, "sm_gebiete_anz": 15, "sm_gebiete_niedrig_anz": 3}}, {"type": "Feature", "geometry": null, "properties": {"stadtteil": "Bahrenfeld", "jahr": "2021", "sm_statusindex_score": 3.03, "sm_dynamikindex_score": 0.127, "sm_anteil_niedrig_proz": 5.4, "sm_bev_niedrig": 1582, "sm_bev_gesamt": 29464, "sm_gebiete_anz": 15, "sm_gebiete_niedrig_anz": 2}}, {"type": "Feature", "geometry": null, "properties": {"stadtteil": "Bahrenfeld", "jahr": "2022", "sm_statusindex_score": 3.01, "sm_dynamikindex_score": 0.195, "sm_anteil_niedrig_proz": 7.7, "sm_bev_niedrig": 2247, "sm_bev_gesamt": 29250, "sm_gebiete_anz": 15, "sm_gebiete_niedrig_anz": 2}}, {"type": "Feature", "geometry": null, "properties": {"stadtteil": "Bahrenfeld", "jahr": "2023", "sm_statusindex_score": 2.884, "sm_dynamikindex_score": -0.056, "sm_anteil_niedrig_proz": 11.0, "sm_bev_niedrig": 3436, "sm_bev_gesamt": 31111, "sm_gebiete_anz": 15, "sm_gebiete_niedrig_anz": 2}}, {"type": "Feature", "geometry": null, "properties": {"stadtteil": "Bahrenfeld", "jahr": "2024", "sm_statusindex_score": 2.887, "sm_dynamikindex_score": -0.077, "sm_anteil_niedrig_proz": 10.9, "sm_bev_niedrig": 3391, "sm_bev_gesamt": 31238, "sm_gebiete_anz": 15, "sm_gebiete_niedrig_anz": 2}}, {"type": "Feature", "geometry": null, "properties": {"stadtteil": "Bahrenfeld", "jahr": "2025", "sm_statusindex_score": 2.928, "sm_dynamikindex_score": -0.123, "sm_anteil_niedrig_proz": 8.8, "sm_bev_niedrig": 2716, "sm_bev_gesamt": 30847, "sm_gebiete_anz": 15, "sm_gebiete_niedrig_anz": 2}}, {"type": "Feature", "geometry": null, "properties": {"stadtteil": "Barmbek-Nord", "jahr": "2013", "sm_statusindex_score": 2.941, "sm_dynamikindex_score": 0.036, "sm_anteil_niedrig_proz": 9.2, "sm_bev_niedrig": 3568, "sm_bev_gesamt": 38872, "sm_gebiete_anz": 20, "sm_gebiete_niedrig_anz": 2}}, {"type": "Feature", "geometry": null, "properties": {"stadtteil": "Barmbek-Nord", "jahr": "2014", "sm_statusindex_score": 2.946, "sm_dynamikindex_score": 0.245, "sm_anteil_niedrig_proz": 9.1, "sm_bev_niedrig": 3575, "sm_bev_gesamt": 39324, "sm_gebiete_anz": 20, "sm_gebiete_niedrig_anz": 2}}, {"type": "Feature", "geometry": null, "properties": {"stadtteil": "Barmbek-Nord", "jahr": "2015", "sm_statusindex_score": 2.948, "sm_dynamikindex_score": 0.363, "sm_anteil_niedrig_proz": 9.0, "sm_bev_niedrig": 3568, "sm_bev_gesamt": 39678, "sm_gebiete_anz": 20, "sm_gebiete_niedrig_anz": 2}}, {"type": "Feature", "geometry": null, "properties": {"stadtteil": "Barmbek-Nord", "jahr": "2016", "sm_statusindex_score": 2.984, "sm_dynamikindex_score": 0.138, "sm_anteil_niedrig_proz": 5.4, "sm_bev_niedrig": 2166, "sm_bev_gesamt": 40228, "sm_gebiete_anz": 20, "sm_gebiete_niedrig_anz": 1}}, {"type": "Feature", "geometry": null, "properties": {"stadtteil": "Barmbek-Nord", "jahr": "2017", "sm_statusindex_score": 2.948, "sm_dynamikindex_score": 0.114, "sm_anteil_niedrig_proz": 9.0, "sm_bev_niedrig": 3682, "sm_bev_gesamt": 40912, "sm_gebiete_anz": 20, "sm_gebiete_niedrig_anz": 2}}, {"type": "Feature", "geometry": null, "properties": {"stadtteil": "Barmbek-Nord", "jahr": "2018", "sm_statusindex_score": 2.984, "sm_dynamikindex_score": 0.043, "sm_anteil_niedrig_proz": 5.3, "sm_bev_niedrig": 2180, "sm_bev_gesamt": 41353, "sm_gebiete_anz": 20, "sm_gebiete_niedrig_anz": 1}}, {"type": "Feature", "geometry": null, "properties": {"stadtteil": "Barmbek-Nord", "jahr": "2019", "sm_statusindex_score": 2.948, "sm_dynamikindex_score": 0.043, "sm_anteil_niedrig_proz": 9.0, "sm_bev_niedrig": 3739, "sm_bev_gesamt": 41332, "sm_gebiete_anz": 20, "sm_gebiete_niedrig_anz": 2}}, {"type": "Feature", "geometry": null, "properties": {"stadtteil": "Barmbek-Nord", "jahr": "2020", "sm_statusindex_score": 2.977, "sm_dynamikindex_score": 0.0, "sm_anteil_niedrig_proz": 6.1, "sm_bev_niedrig": 2549, "sm_bev_gesamt": 41579, "sm_gebiete_anz": 21, "sm_gebiete_niedrig_anz": 2}}, {"type": "Feature", "geometry": null, "properties": {"stadtteil": "Barmbek-Nord", "jahr": "2021", "sm_statusindex_score": 2.948, "sm_dynamikindex_score": 0.047, "sm_anteil_niedrig_proz": 5.2, "sm_bev_niedrig": 2183, "sm_bev_gesamt": 41855, "sm_gebiete_anz": 21, "sm_gebiete_niedrig_anz": 1}}, {"type": "Feature", "geometry": null, "properties": {"stadtteil": "Barmbek-Nord", "jahr": "2022", "sm_statusindex_score": 2.899, "sm_dynamikindex_score": 0.014, "sm_anteil_niedrig_proz": 8.8, "sm_bev_niedrig": 3661, "sm_bev_gesamt": 41684, "sm_gebiete_anz": 21, "sm_gebiete_niedrig_anz": 2}}, {"type": "Feature", "geometry": null, "properties": {"stadtteil": "Barmbek-Nord", "jahr": "2023", "sm_statusindex_score": 2.986, "sm_dynamikindex_score": -0.057, "sm_anteil_niedrig_proz": 5.1, "sm_bev_niedrig": 2192, "sm_bev_gesamt": 42941, "sm_gebiete_anz": 21, "sm_gebiete_niedrig_anz": 1}}, {"type": "Feature", "geometry": null, "properties": {"stadtteil": "Barmbek-Nord", "jahr": "2024", "sm_statusindex_score": 2.988, "sm_dynamikindex_score": 0.001, "sm_anteil_niedrig_proz": 5.0, "sm_bev_niedrig": 2182, "sm_bev_gesamt": 43463, "sm_gebiete_anz": 21, "sm_gebiete_niedrig_anz": 1}}, {"type": "Feature", "geometry": null, "properties": {"stadtteil": "Barmbek-Nord", "jahr": "2025", "sm_statusindex_score": 2.986, "sm_dynamikindex_score": -0.015, "sm_anteil_niedrig_proz": 5.0, "sm_bev_niedrig": 2205, "sm_bev_gesamt": 43776, "sm_gebiete_anz": 21, "sm_gebiete_niedrig_anz": 1}}, {"type": "Feature", "geometry": null, "properties": {"stadtteil": "Barmbek-Süd", "jahr": "2013", "sm_statusindex_score": 3.013, "sm_dynamikindex_score": 0.094, "sm_anteil_niedrig_proz": 0.0, "sm_bev_niedrig": 0, "sm_bev_gesamt": 32284, "sm_gebiete_anz": 16, "sm_gebiete_niedrig_anz": 0}}, {"type": "Feature", "geometry": null, "properties": {"stadtteil": "Barmbek-Süd", "jahr": "2014", "sm_statusindex_score": 3.0, "sm_dynamikindex_score": 0.123, "sm_anteil_niedrig_proz": 0.0, "sm_bev_niedrig": 0, "sm_bev_gesamt": 32782, "sm_gebiete_anz": 16, "sm_gebiete_niedrig_anz": 0}}, {"type": "Feature", "geometry": null, "properties": {"stadtteil": "Barmbek-Süd", "jahr": "2015", "sm_statusindex_score": 3.027, "sm_dynamikindex_score": 0.225, "sm_anteil_niedrig_proz": 0.0, "sm_bev_niedrig": 0, "sm_bev_gesamt": 33116, "sm_gebiete_anz": 16, "sm_gebiete_niedrig_anz": 0}}, {"type": "Feature", "geometry": null, "properties": {"stadtteil": "Barmbek-Süd", "jahr": "2016", "sm_statusindex_score": 3.0, "sm_dynamikindex_score": 0.35, "sm_anteil_niedrig_proz": 0.0, "sm_bev_niedrig": 0, "sm_bev_gesamt": 33681, "sm_gebiete_anz": 16, "sm_gebiete_niedrig_anz": 0}}, {"type": "Feature", "geometry": null, "properties": {"stadtteil": "Barmbek-Süd", "jahr": "2017", "sm_statusindex_score": 3.028, "sm_dynamikindex_score": 0.15, "sm_anteil_niedrig_proz": 0.0, "sm_bev_niedrig": 0, "sm_bev_gesamt": 34792, "sm_gebiete_anz": 16, "sm_gebiete_niedrig_anz": 0}}, {"type": "Feature", "geometry": null, "properties": {"stadtteil": "Barmbek-Süd", "jahr": "2018", "sm_statusindex_score": 3.029, "sm_dynamikindex_score": 0.0, "sm_anteil_niedrig_proz": 0.0, "sm_bev_niedrig": 0, "sm_bev_gesamt": 35218, "sm_gebiete_anz": 16, "sm_gebiete_niedrig_anz": 0}}, {"type": "Feature", "geometry": null, "properties": {"stadtteil": "Barmbek-Süd", "jahr": "2019", "sm_statusindex_score": 3.028, "sm_dynamikindex_score": -0.06, "sm_anteil_niedrig_proz": 0.0, "sm_bev_niedrig": 0, "sm_bev_gesamt": 35438, "sm_gebiete_anz": 16, "sm_gebiete_niedrig_anz": 0}}, {"type": "Feature", "geometry": null, "properties": {"stadtteil": "Barmbek-Süd", "jahr": "2020", "sm_statusindex_score": 3.0, "sm_dynamikindex_score": 0.0, "sm_anteil_niedrig_proz": 0.0, "sm_bev_niedrig": 0, "sm_bev_gesamt": 35828, "sm_gebiete_anz": 16, "sm_gebiete_niedrig_anz": 0}}, {"type": "Feature", "geometry": null, "properties": {"stadtteil": "Barmbek-Süd", "jahr": "2021", "sm_statusindex_score": 3.0, "sm_dynamikindex_score": 0.025, "sm_anteil_niedrig_proz": 0.0, "sm_bev_niedrig": 0, "sm_bev_gesamt": 35880, "sm_gebiete_anz": 16, "sm_gebiete_niedrig_anz": 0}}, {"type": "Feature", "geometry": null, "properties": {"stadtteil": "Barmbek-Süd", "jahr": "2022", "sm_statusindex_score": 3.0, "sm_dynamikindex_score": -0.043, "sm_anteil_niedrig_proz": 0.0, "sm_bev_niedrig": 0, "sm_bev_gesamt": 35709, "sm_gebiete_anz": 16, "sm_gebiete_niedrig_anz": 0}}, {"type": "Feature", "geometry": null, "properties": {"stadtteil": "Barmbek-Süd", "jahr": "2023", "sm_statusindex_score": 2.962, "sm_dynamikindex_score": -0.038, "sm_anteil_niedrig_proz": 3.8, "sm_bev_niedrig": 1394, "sm_bev_gesamt": 36452, "sm_gebiete_anz": 16, "sm_gebiete_niedrig_anz": 1}}, {"type": "Feature", "geometry": null, "properties": {"stadtteil": "Barmbek-Süd", "jahr": "2024", "sm_statusindex_score": 3.001, "sm_dynamikindex_score": -0.108, "sm_anteil_niedrig_proz": 3.8, "sm_bev_niedrig": 1401, "sm_bev_gesamt": 36705, "sm_gebiete_anz": 16, "sm_gebiete_niedrig_anz": 1}}, {"type": "Feature", "geometry": null, "properties": {"stadtteil": "Barmbek-Süd", "jahr": "2025", "sm_statusindex_score": 2.997, "sm_dynamikindex_score": 0.033, "sm_anteil_niedrig_proz": 4.0, "sm_bev_niedrig": 1487, "sm_bev_gesamt": 37091, "sm_gebiete_anz": 16, "sm_gebiete_niedrig_anz": 1}}, {"type": "Feature", "geometry": null, "properties": {"stadtteil": "Bergedorf", "jahr": "2013", "sm_statusindex_score": 2.925, "sm_dynamikindex_score": 0.076, "sm_anteil_niedrig_proz": 14.1, "sm_bev_niedrig": 4582, "sm_bev_gesamt": 32575, "sm_gebiete_anz": 17, "sm_gebiete_niedrig_anz": 2}}, {"type": "Feature", "geometry": null, "properties": {"stadtteil": "Bergedorf", "jahr": "2014", "sm_statusindex_score": 3.005, "sm_dynamikindex_score": 0.1, "sm_anteil_niedrig_proz": 6.2, "sm_bev_niedrig": 2045, "sm_bev_gesamt": 33064, "sm_gebiete_anz": 17, "sm_gebiete_niedrig_anz": 1}}, {"type": "Feature", "geometry": null, "properties": {"stadtteil": "Bergedorf", "jahr": "2015", "sm_statusindex_score": 3.122, "sm_dynamikindex_score": -0.018, "sm_anteil_niedrig_proz": 6.1, "sm_bev_niedrig": 2038, "sm_bev_gesamt": 33225, "sm_gebiete_anz": 17, "sm_gebiete_niedrig_anz": 1}}, {"type": "Feature", "geometry": null, "properties": {"stadtteil": "Bergedorf", "jahr": "2016", "sm_statusindex_score": 3.04, "sm_dynamikindex_score": -0.082, "sm_anteil_niedrig_proz": 6.4, "sm_bev_niedrig": 2213, "sm_bev_gesamt": 34335, "sm_gebiete_anz": 17, "sm_gebiete_niedrig_anz": 1}}, {"type": "Feature", "geometry": null, "properties": {"stadtteil": "Bergedorf", "jahr": "2017", "sm_statusindex_score": 3.131, "sm_dynamikindex_score": -0.17, "sm_anteil_niedrig_proz": 14.1, "sm_bev_niedrig": 4953, "sm_bev_gesamt": 35032, "sm_gebiete_anz": 17, "sm_gebiete_niedrig_anz": 2}}, {"type": "Feature", "geometry": null, "properties": {"stadtteil": "Bergedorf", "jahr": "2018", "sm_statusindex_score": 3.106, "sm_dynamikindex_score": -0.103, "sm_anteil_niedrig_proz": 6.0, "sm_bev_niedrig": 2153, "sm_bev_gesamt": 35597, "sm_gebiete_anz": 17, "sm_gebiete_niedrig_anz": 1}}, {"type": "Feature", "geometry": null, "properties": {"stadtteil": "Bergedorf", "jahr": "2019", "sm_statusindex_score": 2.929, "sm_dynamikindex_score": 0.0, "sm_anteil_niedrig_proz": 13.5, "sm_bev_niedrig": 4738, "sm_bev_gesamt": 35220, "sm_gebiete_anz": 17, "sm_gebiete_niedrig_anz": 2}}, {"type": "Feature", "geometry": null, "properties": {"stadtteil": "Bergedorf", "jahr": "2020", "sm_statusindex_score": 2.892, "sm_dynamikindex_score": 0.0, "sm_anteil_niedrig_proz": 13.3, "sm_bev_niedrig": 4744, "sm_bev_gesamt": 35729, "sm_gebiete_anz": 17, "sm_gebiete_niedrig_anz": 2}}, {"type": "Feature", "geometry": null, "properties": {"stadtteil": "Bergedorf", "jahr": "2021", "sm_statusindex_score": 2.895, "sm_dynamikindex_score": 0.05, "sm_anteil_niedrig_proz": 13.0, "sm_bev_niedrig": 4695, "sm_bev_gesamt": 36091, "sm_gebiete_anz": 17, "sm_gebiete_niedrig_anz": 2}}, {"type": "Feature", "geometry": null, "properties": {"stadtteil": "Bergedorf", "jahr": "2022", "sm_statusindex_score": 3.006, "sm_dynamikindex_score": -0.047, "sm_anteil_niedrig_proz": 12.9, "sm_bev_niedrig": 4641, "sm_bev_gesamt": 36108, "sm_gebiete_anz": 17, "sm_gebiete_niedrig_anz": 2}}, {"type": "Feature", "geometry": null, "properties": {"stadtteil": "Bergedorf", "jahr": "2023", "sm_statusindex_score": 3.038, "sm_dynamikindex_score": -0.049, "sm_anteil_niedrig_proz": 13.2, "sm_bev_niedrig": 4837, "sm_bev_gesamt": 36686, "sm_gebiete_anz": 17, "sm_gebiete_niedrig_anz": 2}}, {"type": "Feature", "geometry": null, "properties": {"stadtteil": "Bergedorf", "jahr": "2024", "sm_statusindex_score": 2.971, "sm_dynamikindex_score": -0.058, "sm_anteil_niedrig_proz": 19.3, "sm_bev_niedrig": 7244, "sm_bev_gesamt": 37505, "sm_gebiete_anz": 17, "sm_gebiete_niedrig_anz": 3}}, {"type": "Feature", "geometry": null, "properties": {"stadtteil": "Bergedorf", "jahr": "2025", "sm_statusindex_score": 2.999, "sm_dynamikindex_score": 0.009, "sm_anteil_niedrig_proz": 13.7, "sm_bev_niedrig": 5128, "sm_bev_gesamt": 37487, "sm_gebiete_anz": 17, "sm_gebiete_niedrig_anz": 2}}, {"type": "Feature", "geometry": null, "properties": {"stadtteil": "Bergstedt", "jahr": "2013", "sm_statusindex_score": 3.792, "sm_dynamikindex_score": -0.038, "sm_anteil_niedrig_proz": 0.0, "sm_bev_niedrig": 0, "sm_bev_gesamt": 10205, "sm_gebiete_anz": 6, "sm_gebiete_niedrig_anz": 0}}, {"type": "Feature", "geometry": null, "properties": {"stadtteil": "Bergstedt", "jahr": "2014", "sm_statusindex_score": 3.787, "sm_dynamikindex_score": -0.037, "sm_anteil_niedrig_proz": 0.0, "sm_bev_niedrig": 0, "sm_bev_gesamt": 10206, "sm_gebiete_anz": 6, "sm_gebiete_niedrig_anz": 0}}, {"type": "Feature", "geometry": null, "properties": {"stadtteil": "Bergstedt", "jahr": "2015", "sm_statusindex_score": 3.787, "sm_dynamikindex_score": 0.0, "sm_anteil_niedrig_proz": 0.0, "sm_bev_niedrig": 0, "sm_bev_gesamt": 10216, "sm_gebiete_anz": 6, "sm_gebiete_niedrig_anz": 0}}, {"type": "Feature", "geometry": null, "properties": {"stadtteil": "Bergstedt", "jahr": "2016", "sm_statusindex_score": 3.789, "sm_dynamikindex_score": 0.035, "sm_anteil_niedrig_proz": 0.0, "sm_bev_niedrig": 0, "sm_bev_gesamt": 10209, "sm_gebiete_anz": 6, "sm_gebiete_niedrig_anz": 0}}, {"type": "Feature", "geometry": null, "properties": {"stadtteil": "Bergstedt", "jahr": "2017", "sm_statusindex_score": 3.373, "sm_dynamikindex_score": -0.394, "sm_anteil_niedrig_proz": 0.0, "sm_bev_niedrig": 0, "sm_bev_gesamt": 10687, "sm_gebiete_anz": 6, "sm_gebiete_niedrig_anz": 0}}, {"type": "Feature", "geometry": null, "properties": {"stadtteil": "Bergstedt", "jahr": "2018", "sm_statusindex_score": 3.372, "sm_dynamikindex_score": -0.431, "sm_anteil_niedrig_proz": 0.0, "sm_bev_niedrig": 0, "sm_bev_gesamt": 10836, "sm_gebiete_anz": 6, "sm_gebiete_niedrig_anz": 0}}, {"type": "Feature", "geometry": null, "properties": {"stadtteil": "Bergstedt", "jahr": "2019", "sm_statusindex_score": 3.373, "sm_dynamikindex_score": -0.431, "sm_anteil_niedrig_proz": 0.0, "sm_bev_niedrig": 0, "sm_bev_gesamt": 10692, "sm_gebiete_anz": 6, "sm_gebiete_niedrig_anz": 0}}, {"type": "Feature", "geometry": null, "properties": {"stadtteil": "Bergstedt", "jahr": "2020", "sm_statusindex_score": 3.374, "sm_dynamikindex_score": 0.0, "sm_anteil_niedrig_proz": 0.0, "sm_bev_niedrig": 0, "sm_bev_gesamt": 10736, "sm_gebiete_anz": 6, "sm_gebiete_niedrig_anz": 0}}, {"type": "Feature", "geometry": null, "properties": {"stadtteil": "Bergstedt", "jahr": "2021", "sm_statusindex_score": 3.374, "sm_dynamikindex_score": 0.0, "sm_anteil_niedrig_proz": 0.0, "sm_bev_niedrig": 0, "sm_bev_gesamt": 10798, "sm_gebiete_anz": 6, "sm_gebiete_niedrig_anz": 0}}, {"type": "Feature", "geometry": null, "properties": {"stadtteil": "Bergstedt", "jahr": "2022", "sm_statusindex_score": 3.376, "sm_dynamikindex_score": 0.0, "sm_anteil_niedrig_proz": 0.0, "sm_bev_niedrig": 0, "sm_bev_gesamt": 10738, "sm_gebiete_anz": 6, "sm_gebiete_niedrig_anz": 0}}, {"type": "Feature", "geometry": null, "properties": {"stadtteil": "Bergstedt", "jahr": "2023", "sm_statusindex_score": 3.371, "sm_dynamikindex_score": -0.033, "sm_anteil_niedrig_proz": 0.0, "sm_bev_niedrig": 0, "sm_bev_gesamt": 10767, "sm_gebiete_anz": 6, "sm_gebiete_niedrig_anz": 0}}, {"type": "Feature", "geometry": null, "properties": {"stadtteil": "Bergstedt", "jahr": "2024", "sm_statusindex_score": 3.377, "sm_dynamikindex_score": -0.032, "sm_anteil_niedrig_proz": 0.0, "sm_bev_niedrig": 0, "sm_bev_gesamt": 10855, "sm_gebiete_anz": 6, "sm_gebiete_niedrig_anz": 0}}, {"type": "Feature", "geometry": null, "properties": {"stadtteil": "Bergstedt", "jahr": "2025", "sm_statusindex_score": 3.377, "sm_dynamikindex_score": 0.0, "sm_anteil_niedrig_proz": 0.0, "sm_bev_niedrig": 0, "sm_bev_gesamt": 10822, "sm_gebiete_anz": 6, "sm_gebiete_niedrig_anz": 0}}, {"type": "Feature", "geometry": null, "properties": {"stadtteil": "Billbrook", "jahr": "2013", "sm_statusindex_score": 1.0, "sm_dynamikindex_score": -1.0, "sm_anteil_niedrig_proz": 100.0, "sm_bev_niedrig": 1162, "sm_bev_gesamt": 1162, "sm_gebiete_anz": 1, "sm_gebiete_niedrig_anz": 1}}, {"type": "Feature", "geometry": null, "properties": {"stadtteil": "Billbrook", "jahr": "2014", "sm_statusindex_score": 1.0, "sm_dynamikindex_score": -1.0, "sm_anteil_niedrig_proz": 100.0, "sm_bev_niedrig": 1127, "sm_bev_gesamt": 1127, "sm_gebiete_anz": 1, "sm_gebiete_niedrig_anz": 1}}, {"type": "Feature", "geometry": null, "properties": {"stadtteil": "Billbrook", "jahr": "2015", "sm_statusindex_score": 1.0, "sm_dynamikindex_score": 0.0, "sm_anteil_niedrig_proz": 100.0, "sm_bev_niedrig": 1144, "sm_bev_gesamt": 1144, "sm_gebiete_anz": 1, "sm_gebiete_niedrig_anz": 1}}, {"type": "Feature", "geometry": null, "properties": {"stadtteil": "Billbrook", "jahr": "2016", "sm_statusindex_score": 1.353, "sm_dynamikindex_score": -0.647, "sm_anteil_niedrig_proz": 82.4, "sm_bev_niedrig": 1792, "sm_bev_gesamt": 2176, "sm_gebiete_anz": 2, "sm_gebiete_niedrig_anz": 1}}, {"type": "Feature", "geometry": null, "properties": {"stadtteil": "Billbrook", "jahr": "2017", "sm_statusindex_score": 1.363, "sm_dynamikindex_score": -0.818, "sm_anteil_niedrig_proz": 81.8, "sm_bev_niedrig": 1799, "sm_bev_gesamt": 2198, "sm_gebiete_anz": 2, "sm_gebiete_niedrig_anz": 1}}, {"type": "Feature", "geometry": null, "properties": {"stadtteil": "Billbrook", "jahr": "2018", "sm_statusindex_score": 1.339, "sm_dynamikindex_score": -0.831, "sm_anteil_niedrig_proz": 83.1, "sm_bev_niedrig": 1742, "sm_bev_gesamt": 2097, "sm_gebiete_anz": 2, "sm_gebiete_niedrig_anz": 1}}, {"type": "Feature", "geometry": null, "properties": {"stadtteil": "Billbrook", "jahr": "2019", "sm_statusindex_score": 1.337, "sm_dynamikindex_score": -1.0, "sm_anteil_niedrig_proz": 83.1, "sm_bev_niedrig": 1656, "sm_bev_gesamt": 1992, "sm_gebiete_anz": 2, "sm_gebiete_niedrig_anz": 1}}, {"type": "Feature", "geometry": null, "properties": {"stadtteil": "Billbrook", "jahr": "2020", "sm_statusindex_score": 1.0, "sm_dynamikindex_score": -1.0, "sm_anteil_niedrig_proz": 100.0, "sm_bev_niedrig": 1493, "sm_bev_gesamt": 1493, "sm_gebiete_anz": 1, "sm_gebiete_niedrig_anz": 1}}, {"type": "Feature", "geometry": null, "properties": {"stadtteil": "Billbrook", "jahr": "2021", "sm_statusindex_score": 1.0, "sm_dynamikindex_score": -1.0, "sm_anteil_niedrig_proz": 100.0, "sm_bev_niedrig": 1378, "sm_bev_gesamt": 1378, "sm_gebiete_anz": 1, "sm_gebiete_niedrig_anz": 1}}, {"type": "Feature", "geometry": null, "properties": {"stadtteil": "Billbrook", "jahr": "2022", "sm_statusindex_score": 1.0, "sm_dynamikindex_score": 0.0, "sm_anteil_niedrig_proz": 100.0, "sm_bev_niedrig": 1397, "sm_bev_gesamt": 1397, "sm_gebiete_anz": 1, "sm_gebiete_niedrig_anz": 1}}, {"type": "Feature", "geometry": null, "properties": {"stadtteil": "Billbrook", "jahr": "2023", "sm_statusindex_score": 1.0, "sm_dynamikindex_score": -0.205, "sm_anteil_niedrig_proz": 100.0, "sm_bev_niedrig": 1791, "sm_bev_gesamt": 1791, "sm_gebiete_anz": 2, "sm_gebiete_niedrig_anz": 2}}, {"type": "Feature", "geometry": null, "properties": {"stadtteil": "Billbrook", "jahr": "2024", "sm_statusindex_score": 1.0, "sm_dynamikindex_score": -0.173, "sm_anteil_niedrig_proz": 100.0, "sm_bev_niedrig": 1869, "sm_bev_gesamt": 1869, "sm_gebiete_anz": 2, "sm_gebiete_niedrig_anz": 2}}, {"type": "Feature", "geometry": null, "properties": {"stadtteil": "Billbrook", "jahr": "2025", "sm_statusindex_score": 1.186, "sm_dynamikindex_score": -0.186, "sm_anteil_niedrig_proz": 100.0, "sm_bev_niedrig": 1851, "sm_bev_gesamt": 1851, "sm_gebiete_anz": 2, "sm_gebiete_niedrig_anz": 2}}, {"type": "Feature", "geometry": null, "properties": {"stadtteil": "Billstedt", "jahr": "2013", "sm_statusindex_score": 1.719, "sm_dynamikindex_score": 0.024, "sm_anteil_niedrig_proz": 67.0, "sm_bev_niedrig": 46254, "sm_bev_gesamt": 69061, "sm_gebiete_anz": 28, "sm_gebiete_niedrig_anz": 15}}, {"type": "Feature", "geometry": null, "properties": {"stadtteil": "Billstedt", "jahr": "2014", "sm_statusindex_score": 1.713, "sm_dynamikindex_score": -0.005, "sm_anteil_niedrig_proz": 66.5, "sm_bev_niedrig": 46241, "sm_bev_gesamt": 69531, "sm_gebiete_anz": 28, "sm_gebiete_niedrig_anz": 15}}, {"type": "Feature", "geometry": null, "properties": {"stadtteil": "Billstedt", "jahr": "2015", "sm_statusindex_score": 1.694, "sm_dynamikindex_score": -0.121, "sm_anteil_niedrig_proz": 68.8, "sm_bev_niedrig": 47971, "sm_bev_gesamt": 69762, "sm_gebiete_anz": 28, "sm_gebiete_niedrig_anz": 16}}, {"type": "Feature", "geometry": null, "properties": {"stadtteil": "Billstedt", "jahr": "2016", "sm_statusindex_score": 1.699, "sm_dynamikindex_score": -0.071, "sm_anteil_niedrig_proz": 68.6, "sm_bev_niedrig": 48085, "sm_bev_gesamt": 70059, "sm_gebiete_anz": 28, "sm_gebiete_niedrig_anz": 16}}, {"type": "Feature", "geometry": null, "properties": {"stadtteil": "Billstedt", "jahr": "2017", "sm_statusindex_score": 1.703, "sm_dynamikindex_score": 0.0, "sm_anteil_niedrig_proz": 68.4, "sm_bev_niedrig": 48039, "sm_bev_gesamt": 70194, "sm_gebiete_anz": 28, "sm_gebiete_niedrig_anz": 16}}, {"type": "Feature", "geometry": null, "properties": {"stadtteil": "Billstedt", "jahr": "2018", "sm_statusindex_score": 1.719, "sm_dynamikindex_score": -0.025, "sm_anteil_niedrig_proz": 68.3, "sm_bev_niedrig": 48166, "sm_bev_gesamt": 70494, "sm_gebiete_anz": 28, "sm_gebiete_niedrig_anz": 16}}, {"type": "Feature", "geometry": null, "properties": {"stadtteil": "Billstedt", "jahr": "2019", "sm_statusindex_score": 1.721, "sm_dynamikindex_score": 0.093, "sm_anteil_niedrig_proz": 68.2, "sm_bev_niedrig": 47947, "sm_bev_gesamt": 70313, "sm_gebiete_anz": 28, "sm_gebiete_niedrig_anz": 16}}, {"type": "Feature", "geometry": null, "properties": {"stadtteil": "Billstedt", "jahr": "2020", "sm_statusindex_score": 1.776, "sm_dynamikindex_score": 0.019, "sm_anteil_niedrig_proz": 63.1, "sm_bev_niedrig": 44432, "sm_bev_gesamt": 70370, "sm_gebiete_anz": 28, "sm_gebiete_niedrig_anz": 15}}, {"type": "Feature", "geometry": null, "properties": {"stadtteil": "Billstedt", "jahr": "2021", "sm_statusindex_score": 1.75, "sm_dynamikindex_score": 0.009, "sm_anteil_niedrig_proz": 66.6, "sm_bev_niedrig": 47291, "sm_bev_gesamt": 71039, "sm_gebiete_anz": 28, "sm_gebiete_niedrig_anz": 16}}, {"type": "Feature", "geometry": null, "properties": {"stadtteil": "Billstedt", "jahr": "2022", "sm_statusindex_score": 1.772, "sm_dynamikindex_score": 0.017, "sm_anteil_niedrig_proz": 69.6, "sm_bev_niedrig": 49238, "sm_bev_gesamt": 70751, "sm_gebiete_anz": 28, "sm_gebiete_niedrig_anz": 17}}, {"type": "Feature", "geometry": null, "properties": {"stadtteil": "Billstedt", "jahr": "2023", "sm_statusindex_score": 2.008, "sm_dynamikindex_score": -0.045, "sm_anteil_niedrig_proz": 66.0, "sm_bev_niedrig": 47345, "sm_bev_gesamt": 71747, "sm_gebiete_anz": 28, "sm_gebiete_niedrig_anz": 16}}, {"type": "Feature", "geometry": null, "properties": {"stadtteil": "Billstedt", "jahr": "2024", "sm_statusindex_score": 1.965, "sm_dynamikindex_score": 0.045, "sm_anteil_niedrig_proz": 66.1, "sm_bev_niedrig": 47998, "sm_bev_gesamt": 72583, "sm_gebiete_anz": 28, "sm_gebiete_niedrig_anz": 16}}, {"type": "Feature", "geometry": null, "properties": {"stadtteil": "Billstedt", "jahr": "2025", "sm_statusindex_score": 2.021, "sm_dynamikindex_score": -0.021, "sm_anteil_niedrig_proz": 66.0, "sm_bev_niedrig": 48194, "sm_bev_gesamt": 73062, "sm_gebiete_anz": 28, "sm_gebiete_niedrig_anz": 16}}, {"type": "Feature", "geometry": null, "properties": {"stadtteil": "Billwerder", "jahr": "2013", "sm_statusindex_score": 3.0, "sm_dynamikindex_score": -0.277, "sm_anteil_niedrig_proz": 0.0, "sm_bev_niedrig": 0, "sm_bev_gesamt": 1305, "sm_gebiete_anz": 2, "sm_gebiete_niedrig_anz": 0}}, {"type": "Feature", "geometry": null, "properties": {"stadtteil": "Billwerder", "jahr": "2014", "sm_statusindex_score": 3.0, "sm_dynamikindex_score": -0.273, "sm_anteil_niedrig_proz": 0.0, "sm_bev_niedrig": 0, "sm_bev_gesamt": 1335, "sm_gebiete_anz": 2, "sm_gebiete_niedrig_anz": 0}}, {"type": "Feature", "geometry": null, "properties": {"stadtteil": "Billwerder", "jahr": "2015", "sm_statusindex_score": 3.0, "sm_dynamikindex_score": -0.274, "sm_anteil_niedrig_proz": 0.0, "sm_bev_niedrig": 0, "sm_bev_gesamt": 1294, "sm_gebiete_anz": 2, "sm_gebiete_niedrig_anz": 0}}, {"type": "Feature", "geometry": null, "properties": {"stadtteil": "Billwerder", "jahr": "2016", "sm_statusindex_score": 3.0, "sm_dynamikindex_score": 0.0, "sm_anteil_niedrig_proz": 0.0, "sm_bev_niedrig": 0, "sm_bev_gesamt": 1433, "sm_gebiete_anz": 2, "sm_gebiete_niedrig_anz": 0}}, {"type": "Feature", "geometry": null, "properties": {"stadtteil": "Billwerder", "jahr": "2017", "sm_statusindex_score": 3.0, "sm_dynamikindex_score": 0.206, "sm_anteil_niedrig_proz": 0.0, "sm_bev_niedrig": 0, "sm_bev_gesamt": 1584, "sm_gebiete_anz": 2, "sm_gebiete_niedrig_anz": 0}}, {"type": "Feature", "geometry": null, "properties": {"stadtteil": "Billwerder", "jahr": "2018", "sm_statusindex_score": 1.541, "sm_dynamikindex_score": -0.73, "sm_anteil_niedrig_proz": 73.0, "sm_bev_niedrig": 2761, "sm_bev_gesamt": 3784, "sm_gebiete_anz": 2, "sm_gebiete_niedrig_anz": 1}}, {"type": "Feature", "geometry": null, "properties": {"stadtteil": "Billwerder", "jahr": "2019", "sm_statusindex_score": 1.576, "sm_dynamikindex_score": -0.712, "sm_anteil_niedrig_proz": 71.2, "sm_bev_niedrig": 2777, "sm_bev_gesamt": 3901, "sm_gebiete_anz": 2, "sm_gebiete_niedrig_anz": 1}}, {"type": "Feature", "geometry": null, "properties": {"stadtteil": "Billwerder", "jahr": "2020", "sm_statusindex_score": 1.724, "sm_dynamikindex_score": -0.638, "sm_anteil_niedrig_proz": 63.8, "sm_bev_niedrig": 2143, "sm_bev_gesamt": 3359, "sm_gebiete_anz": 2, "sm_gebiete_niedrig_anz": 1}}, {"type": "Feature", "geometry": null, "properties": {"stadtteil": "Billwerder", "jahr": "2021", "sm_statusindex_score": 1.829, "sm_dynamikindex_score": 0.0, "sm_anteil_niedrig_proz": 58.5, "sm_bev_niedrig": 1754, "sm_bev_gesamt": 2997, "sm_gebiete_anz": 2, "sm_gebiete_niedrig_anz": 1}}, {"type": "Feature", "geometry": null, "properties": {"stadtteil": "Billwerder", "jahr": "2022", "sm_statusindex_score": 1.857, "sm_dynamikindex_score": 0.572, "sm_anteil_niedrig_proz": 57.2, "sm_bev_niedrig": 1820, "sm_bev_gesamt": 3184, "sm_gebiete_anz": 2, "sm_gebiete_niedrig_anz": 1}}, {"type": "Feature", "geometry": null, "properties": {"stadtteil": "Billwerder", "jahr": "2023", "sm_statusindex_score": 1.735, "sm_dynamikindex_score": 0.633, "sm_anteil_niedrig_proz": 63.3, "sm_bev_niedrig": 2398, "sm_bev_gesamt": 3790, "sm_gebiete_anz": 2, "sm_gebiete_niedrig_anz": 1}}, {"type": "Feature", "geometry": null, "properties": {"stadtteil": "Billwerder", "jahr": "2024", "sm_statusindex_score": 1.774, "sm_dynamikindex_score": 0.613, "sm_anteil_niedrig_proz": 61.3, "sm_bev_niedrig": 2341, "sm_bev_gesamt": 3818, "sm_gebiete_anz": 2, "sm_gebiete_niedrig_anz": 1}}, {"type": "Feature", "geometry": null, "properties": {"stadtteil": "Billwerder", "jahr": "2025", "sm_statusindex_score": 1.829, "sm_dynamikindex_score": -0.585, "sm_anteil_niedrig_proz": 58.5, "sm_bev_niedrig": 2410, "sm_bev_gesamt": 4117, "sm_gebiete_anz": 2, "sm_gebiete_niedrig_anz": 1}}, {"type": "Feature", "geometry": null, "properties": {"stadtteil": "Blankenese", "jahr": "2013", "sm_statusindex_score": 3.811, "sm_dynamikindex_score": -0.189, "sm_anteil_niedrig_proz": 0.0, "sm_bev_niedrig": 0, "sm_bev_gesamt": 13016, "sm_gebiete_anz": 6, "sm_gebiete_niedrig_anz": 0}}, {"type": "Feature", "geometry": null, "properties": {"stadtteil": "Blankenese", "jahr": "2014", "sm_statusindex_score": 4.0, "sm_dynamikindex_score": 0.0, "sm_anteil_niedrig_proz": 0.0, "sm_bev_niedrig": 0, "sm_bev_gesamt": 13122, "sm_gebiete_anz": 6, "sm_gebiete_niedrig_anz": 0}}, {"type": "Feature", "geometry": null, "properties": {"stadtteil": "Blankenese", "jahr": "2015", "sm_statusindex_score": 4.0, "sm_dynamikindex_score": 0.0, "sm_anteil_niedrig_proz": 0.0, "sm_bev_niedrig": 0, "sm_bev_gesamt": 13199, "sm_gebiete_anz": 6, "sm_gebiete_niedrig_anz": 0}}, {"type": "Feature", "geometry": null, "properties": {"stadtteil": "Blankenese", "jahr": "2016", "sm_statusindex_score": 4.0, "sm_dynamikindex_score": 0.0, "sm_anteil_niedrig_proz": 0.0, "sm_bev_niedrig": 0, "sm_bev_gesamt": 13325, "sm_gebiete_anz": 6, "sm_gebiete_niedrig_anz": 0}}, {"type": "Feature", "geometry": null, "properties": {"stadtteil": "Blankenese", "jahr": "2017", "sm_statusindex_score": 4.0, "sm_dynamikindex_score": 0.0, "sm_anteil_niedrig_proz": 0.0, "sm_bev_niedrig": 0, "sm_bev_gesamt": 13407, "sm_gebiete_anz": 6, "sm_gebiete_niedrig_anz": 0}}, {"type": "Feature", "geometry": null, "properties": {"stadtteil": "Blankenese", "jahr": "2018", "sm_statusindex_score": 4.0, "sm_dynamikindex_score": 0.0, "sm_anteil_niedrig_proz": 0.0, "sm_bev_niedrig": 0, "sm_bev_gesamt": 13491, "sm_gebiete_anz": 6, "sm_gebiete_niedrig_anz": 0}}, {"type": "Feature", "geometry": null, "properties": {"stadtteil": "Blankenese", "jahr": "2019", "sm_statusindex_score": 4.0, "sm_dynamikindex_score": 0.0, "sm_anteil_niedrig_proz": 0.0, "sm_bev_niedrig": 0, "sm_bev_gesamt": 13686, "sm_gebiete_anz": 6, "sm_gebiete_niedrig_anz": 0}}, {"type": "Feature", "geometry": null, "properties": {"stadtteil": "Blankenese", "jahr": "2020", "sm_statusindex_score": 3.837, "sm_dynamikindex_score": -0.163, "sm_anteil_niedrig_proz": 0.0, "sm_bev_niedrig": 0, "sm_bev_gesamt": 13730, "sm_gebiete_anz": 6, "sm_gebiete_niedrig_anz": 0}}, {"type": "Feature", "geometry": null, "properties": {"stadtteil": "Blankenese", "jahr": "2021", "sm_statusindex_score": 4.0, "sm_dynamikindex_score": -0.163, "sm_anteil_niedrig_proz": 0.0, "sm_bev_niedrig": 0, "sm_bev_gesamt": 13637, "sm_gebiete_anz": 6, "sm_gebiete_niedrig_anz": 0}}, {"type": "Feature", "geometry": null, "properties": {"stadtteil": "Blankenese", "jahr": "2022", "sm_statusindex_score": 4.0, "sm_dynamikindex_score": 0.0, "sm_anteil_niedrig_proz": 0.0, "sm_bev_niedrig": 0, "sm_bev_gesamt": 13656, "sm_gebiete_anz": 6, "sm_gebiete_niedrig_anz": 0}}, {"type": "Feature", "geometry": null, "properties": {"stadtteil": "Blankenese", "jahr": "2023", "sm_statusindex_score": 4.0, "sm_dynamikindex_score": 0.0, "sm_anteil_niedrig_proz": 0.0, "sm_bev_niedrig": 0, "sm_bev_gesamt": 13733, "sm_gebiete_anz": 6, "sm_gebiete_niedrig_anz": 0}}, {"type": "Feature", "geometry": null, "properties": {"stadtteil": "Blankenese", "jahr": "2024", "sm_statusindex_score": 4.0, "sm_dynamikindex_score": 0.153, "sm_anteil_niedrig_proz": 0.0, "sm_bev_niedrig": 0, "sm_bev_gesamt": 13521, "sm_gebiete_anz": 6, "sm_gebiete_niedrig_anz": 0}}, {"type": "Feature", "geometry": null, "properties": {"stadtteil": "Blankenese", "jahr": "2025", "sm_statusindex_score": 4.0, "sm_dynamikindex_score": 0.153, "sm_anteil_niedrig_proz": 0.0, "sm_bev_niedrig": 0, "sm_bev_gesamt": 13487, "sm_gebiete_anz": 6, "sm_gebiete_niedrig_anz": 0}}, {"type": "Feature", "geometry": null, "properties": {"stadtteil": "Borgfelde", "jahr": "2013", "sm_statusindex_score": 3.0, "sm_dynamikindex_score": -0.328, "sm_anteil_niedrig_proz": 0.0, "sm_bev_niedrig": 0, "sm_bev_gesamt": 6857, "sm_gebiete_anz": 3, "sm_gebiete_niedrig_anz": 0}}, {"type": "Feature", "geometry": null, "properties": {"stadtteil": "Borgfelde", "jahr": "2014", "sm_statusindex_score": 3.0, "sm_dynamikindex_score": 0.0, "sm_anteil_niedrig_proz": 0.0, "sm_bev_niedrig": 0, "sm_bev_gesamt": 7085, "sm_gebiete_anz": 3, "sm_gebiete_niedrig_anz": 0}}, {"type": "Feature", "geometry": null, "properties": {"stadtteil": "Borgfelde", "jahr": "2015", "sm_statusindex_score": 3.0, "sm_dynamikindex_score": 0.0, "sm_anteil_niedrig_proz": 0.0, "sm_bev_niedrig": 0, "sm_bev_gesamt": 6773, "sm_gebiete_anz": 3, "sm_gebiete_niedrig_anz": 0}}, {"type": "Feature", "geometry": null, "properties": {"stadtteil": "Borgfelde", "jahr": "2016", "sm_statusindex_score": 3.0, "sm_dynamikindex_score": 0.0, "sm_anteil_niedrig_proz": 0.0, "sm_bev_niedrig": 0, "sm_bev_gesamt": 6845, "sm_gebiete_anz": 3, "sm_gebiete_niedrig_anz": 0}}, {"type": "Feature", "geometry": null, "properties": {"stadtteil": "Borgfelde", "jahr": "2017", "sm_statusindex_score": 2.649, "sm_dynamikindex_score": 0.0, "sm_anteil_niedrig_proz": 35.1, "sm_bev_niedrig": 2620, "sm_bev_gesamt": 7461, "sm_gebiete_anz": 3, "sm_gebiete_niedrig_anz": 1}}, {"type": "Feature", "geometry": null, "properties": {"stadtteil": "Borgfelde", "jahr": "2018", "sm_statusindex_score": 2.649, "sm_dynamikindex_score": -0.351, "sm_anteil_niedrig_proz": 35.1, "sm_bev_niedrig": 2681, "sm_bev_gesamt": 7635, "sm_gebiete_anz": 3, "sm_gebiete_niedrig_anz": 1}}, {"type": "Feature", "geometry": null, "properties": {"stadtteil": "Borgfelde", "jahr": "2019", "sm_statusindex_score": 2.652, "sm_dynamikindex_score": -0.348, "sm_anteil_niedrig_proz": 34.8, "sm_bev_niedrig": 2681, "sm_bev_gesamt": 7696, "sm_gebiete_anz": 3, "sm_gebiete_niedrig_anz": 1}}, {"type": "Feature", "geometry": null, "properties": {"stadtteil": "Borgfelde", "jahr": "2020", "sm_statusindex_score": 2.197, "sm_dynamikindex_score": -0.402, "sm_anteil_niedrig_proz": 40.2, "sm_bev_niedrig": 3350, "sm_bev_gesamt": 8343, "sm_gebiete_anz": 3, "sm_gebiete_niedrig_anz": 1}}, {"type": "Feature", "geometry": null, "properties": {"stadtteil": "Borgfelde", "jahr": "2021", "sm_statusindex_score": 2.189, "sm_dynamikindex_score": -0.406, "sm_anteil_niedrig_proz": 40.6, "sm_bev_niedrig": 3324, "sm_bev_gesamt": 8197, "sm_gebiete_anz": 3, "sm_gebiete_niedrig_anz": 1}}, {"type": "Feature", "geometry": null, "properties": {"stadtteil": "Borgfelde", "jahr": "2022", "sm_statusindex_score": 2.19, "sm_dynamikindex_score": -0.084, "sm_anteil_niedrig_proz": 40.5, "sm_bev_niedrig": 3350, "sm_bev_gesamt": 8276, "sm_gebiete_anz": 3, "sm_gebiete_niedrig_anz": 1}}, {"type": "Feature", "geometry": null, "properties": {"stadtteil": "Borgfelde", "jahr": "2023", "sm_statusindex_score": 2.184, "sm_dynamikindex_score": 0.0, "sm_anteil_niedrig_proz": 40.8, "sm_bev_niedrig": 3496, "sm_bev_gesamt": 8569, "sm_gebiete_anz": 3, "sm_gebiete_niedrig_anz": 1}}, {"type": "Feature", "geometry": null, "properties": {"stadtteil": "Borgfelde", "jahr": "2024", "sm_statusindex_score": 2.178, "sm_dynamikindex_score": 0.0, "sm_anteil_niedrig_proz": 41.1, "sm_bev_niedrig": 3627, "sm_bev_gesamt": 8822, "sm_gebiete_anz": 3, "sm_gebiete_niedrig_anz": 1}}, {"type": "Feature", "geometry": null, "properties": {"stadtteil": "Borgfelde", "jahr": "2025", "sm_statusindex_score": 2.174, "sm_dynamikindex_score": 0.0, "sm_anteil_niedrig_proz": 41.3, "sm_bev_niedrig": 3669, "sm_bev_gesamt": 8880, "sm_gebiete_anz": 3, "sm_gebiete_niedrig_anz": 1}}, {"type": "Feature", "geometry": null, "properties": {"stadtteil": "Bramfeld", "jahr": "2013", "sm_statusindex_score": 3.0, "sm_dynamikindex_score": -0.036, "sm_anteil_niedrig_proz": 10.6, "sm_bev_niedrig": 5413, "sm_bev_gesamt": 50837, "sm_gebiete_anz": 24, "sm_gebiete_niedrig_anz": 3}}, {"type": "Feature", "geometry": null, "properties": {"stadtteil": "Bramfeld", "jahr": "2014", "sm_statusindex_score": 2.869, "sm_dynamikindex_score": -0.057, "sm_anteil_niedrig_proz": 17.1, "sm_bev_niedrig": 8660, "sm_bev_gesamt": 50699, "sm_gebiete_anz": 24, "sm_gebiete_niedrig_anz": 4}}, {"type": "Feature", "geometry": null, "properties": {"stadtteil": "Bramfeld", "jahr": "2015", "sm_statusindex_score": 3.02, "sm_dynamikindex_score": -0.074, "sm_anteil_niedrig_proz": 10.9, "sm_bev_niedrig": 5544, "sm_bev_gesamt": 50838, "sm_gebiete_anz": 24, "sm_gebiete_niedrig_anz": 3}}, {"type": "Feature", "geometry": null, "properties": {"stadtteil": "Bramfeld", "jahr": "2016", "sm_statusindex_score": 2.995, "sm_dynamikindex_score": -0.132, "sm_anteil_niedrig_proz": 11.1, "sm_bev_niedrig": 5657, "sm_bev_gesamt": 51115, "sm_gebiete_anz": 24, "sm_gebiete_niedrig_anz": 3}}, {"type": "Feature", "geometry": null, "properties": {"stadtteil": "Bramfeld", "jahr": "2017", "sm_statusindex_score": 2.998, "sm_dynamikindex_score": 0.033, "sm_anteil_niedrig_proz": 10.9, "sm_bev_niedrig": 5637, "sm_bev_gesamt": 51858, "sm_gebiete_anz": 24, "sm_gebiete_niedrig_anz": 3}}, {"type": "Feature", "geometry": null, "properties": {"stadtteil": "Bramfeld", "jahr": "2018", "sm_statusindex_score": 2.917, "sm_dynamikindex_score": 0.0, "sm_anteil_niedrig_proz": 10.9, "sm_bev_niedrig": 5682, "sm_bev_gesamt": 52342, "sm_gebiete_anz": 24, "sm_gebiete_niedrig_anz": 3}}, {"type": "Feature", "geometry": null, "properties": {"stadtteil": "Bramfeld", "jahr": "2019", "sm_statusindex_score": 2.917, "sm_dynamikindex_score": 0.0, "sm_anteil_niedrig_proz": 10.8, "sm_bev_niedrig": 5660, "sm_bev_gesamt": 52498, "sm_gebiete_anz": 24, "sm_gebiete_niedrig_anz": 3}}, {"type": "Feature", "geometry": null, "properties": {"stadtteil": "Bramfeld", "jahr": "2020", "sm_statusindex_score": 2.953, "sm_dynamikindex_score": 0.0, "sm_anteil_niedrig_proz": 10.7, "sm_bev_niedrig": 5634, "sm_bev_gesamt": 52749, "sm_gebiete_anz": 24, "sm_gebiete_niedrig_anz": 3}}, {"type": "Feature", "geometry": null, "properties": {"stadtteil": "Bramfeld", "jahr": "2021", "sm_statusindex_score": 2.953, "sm_dynamikindex_score": -0.024, "sm_anteil_niedrig_proz": 10.7, "sm_bev_niedrig": 5618, "sm_bev_gesamt": 52704, "sm_gebiete_anz": 24, "sm_gebiete_niedrig_anz": 3}}, {"type": "Feature", "geometry": null, "properties": {"stadtteil": "Bramfeld", "jahr": "2022", "sm_statusindex_score": 2.954, "sm_dynamikindex_score": -0.18, "sm_anteil_niedrig_proz": 10.6, "sm_bev_niedrig": 5570, "sm_bev_gesamt": 52573, "sm_gebiete_anz": 24, "sm_gebiete_niedrig_anz": 3}}, {"type": "Feature", "geometry": null, "properties": {"stadtteil": "Bramfeld", "jahr": "2023", "sm_statusindex_score": 2.956, "sm_dynamikindex_score": 0.0, "sm_anteil_niedrig_proz": 10.5, "sm_bev_niedrig": 5572, "sm_bev_gesamt": 52980, "sm_gebiete_anz": 24, "sm_gebiete_niedrig_anz": 3}}, {"type": "Feature", "geometry": null, "properties": {"stadtteil": "Bramfeld", "jahr": "2024", "sm_statusindex_score": 2.915, "sm_dynamikindex_score": -0.023, "sm_anteil_niedrig_proz": 10.4, "sm_bev_niedrig": 5555, "sm_bev_gesamt": 53220, "sm_gebiete_anz": 24, "sm_gebiete_niedrig_anz": 3}}, {"type": "Feature", "geometry": null, "properties": {"stadtteil": "Bramfeld", "jahr": "2025", "sm_statusindex_score": 2.919, "sm_dynamikindex_score": 0.049, "sm_anteil_niedrig_proz": 10.6, "sm_bev_niedrig": 5663, "sm_bev_gesamt": 53543, "sm_gebiete_anz": 24, "sm_gebiete_niedrig_anz": 3}}, {"type": "Feature", "geometry": null, "properties": {"stadtteil": "Cranz", "jahr": "2013", "sm_statusindex_score": 3.0, "sm_dynamikindex_score": -1.0, "sm_anteil_niedrig_proz": 0.0, "sm_bev_niedrig": 0, "sm_bev_gesamt": 763, "sm_gebiete_anz": 1, "sm_gebiete_niedrig_anz": 0}}, {"type": "Feature", "geometry": null, "properties": {"stadtteil": "Cranz", "jahr": "2014", "sm_statusindex_score": 3.0, "sm_dynamikindex_score": 0.0, "sm_anteil_niedrig_proz": 0.0, "sm_bev_niedrig": 0, "sm_bev_gesamt": 759, "sm_gebiete_anz": 1, "sm_gebiete_niedrig_anz": 0}}, {"type": "Feature", "geometry": null, "properties": {"stadtteil": "Cranz", "jahr": "2015", "sm_statusindex_score": 3.0, "sm_dynamikindex_score": 0.0, "sm_anteil_niedrig_proz": 0.0, "sm_bev_niedrig": 0, "sm_bev_gesamt": 768, "sm_gebiete_anz": 1, "sm_gebiete_niedrig_anz": 0}}, {"type": "Feature", "geometry": null, "properties": {"stadtteil": "Cranz", "jahr": "2016", "sm_statusindex_score": 3.0, "sm_dynamikindex_score": 0.0, "sm_anteil_niedrig_proz": 0.0, "sm_bev_niedrig": 0, "sm_bev_gesamt": 768, "sm_gebiete_anz": 1, "sm_gebiete_niedrig_anz": 0}}, {"type": "Feature", "geometry": null, "properties": {"stadtteil": "Cranz", "jahr": "2017", "sm_statusindex_score": 3.0, "sm_dynamikindex_score": 0.0, "sm_anteil_niedrig_proz": 0.0, "sm_bev_niedrig": 0, "sm_bev_gesamt": 826, "sm_gebiete_anz": 1, "sm_gebiete_niedrig_anz": 0}}, {"type": "Feature", "geometry": null, "properties": {"stadtteil": "Cranz", "jahr": "2018", "sm_statusindex_score": 3.0, "sm_dynamikindex_score": 0.0, "sm_anteil_niedrig_proz": 0.0, "sm_bev_niedrig": 0, "sm_bev_gesamt": 840, "sm_gebiete_anz": 1, "sm_gebiete_niedrig_anz": 0}}, {"type": "Feature", "geometry": null, "properties": {"stadtteil": "Cranz", "jahr": "2019", "sm_statusindex_score": 3.0, "sm_dynamikindex_score": 0.0, "sm_anteil_niedrig_proz": 0.0, "sm_bev_niedrig": 0, "sm_bev_gesamt": 799, "sm_gebiete_anz": 1, "sm_gebiete_niedrig_anz": 0}}, {"type": "Feature", "geometry": null, "properties": {"stadtteil": "Cranz", "jahr": "2020", "sm_statusindex_score": 3.0, "sm_dynamikindex_score": 0.0, "sm_anteil_niedrig_proz": 0.0, "sm_bev_niedrig": 0, "sm_bev_gesamt": 804, "sm_gebiete_anz": 1, "sm_gebiete_niedrig_anz": 0}}, {"type": "Feature", "geometry": null, "properties": {"stadtteil": "Cranz", "jahr": "2021", "sm_statusindex_score": 3.0, "sm_dynamikindex_score": 0.0, "sm_anteil_niedrig_proz": 0.0, "sm_bev_niedrig": 0, "sm_bev_gesamt": 843, "sm_gebiete_anz": 1, "sm_gebiete_niedrig_anz": 0}}, {"type": "Feature", "geometry": null, "properties": {"stadtteil": "Cranz", "jahr": "2022", "sm_statusindex_score": 3.0, "sm_dynamikindex_score": 0.0, "sm_anteil_niedrig_proz": 0.0, "sm_bev_niedrig": 0, "sm_bev_gesamt": 840, "sm_gebiete_anz": 1, "sm_gebiete_niedrig_anz": 0}}, {"type": "Feature", "geometry": null, "properties": {"stadtteil": "Cranz", "jahr": "2023", "sm_statusindex_score": 3.0, "sm_dynamikindex_score": -1.0, "sm_anteil_niedrig_proz": 0.0, "sm_bev_niedrig": 0, "sm_bev_gesamt": 810, "sm_gebiete_anz": 1, "sm_gebiete_niedrig_anz": 0}}, {"type": "Feature", "geometry": null, "properties": {"stadtteil": "Cranz", "jahr": "2024", "sm_statusindex_score": 3.0, "sm_dynamikindex_score": 0.0, "sm_anteil_niedrig_proz": 0.0, "sm_bev_niedrig": 0, "sm_bev_gesamt": 826, "sm_gebiete_anz": 1, "sm_gebiete_niedrig_anz": 0}}, {"type": "Feature", "geometry": null, "properties": {"stadtteil": "Cranz", "jahr": "2025", "sm_statusindex_score": 3.0, "sm_dynamikindex_score": 0.0, "sm_anteil_niedrig_proz": 0.0, "sm_bev_niedrig": 0, "sm_bev_gesamt": 858, "sm_gebiete_anz": 1, "sm_gebiete_niedrig_anz": 0}}, {"type": "Feature", "geometry": null, "properties": {"stadtteil": "Curslack", "jahr": "2013", "sm_statusindex_score": 3.0, "sm_dynamikindex_score": -1.0, "sm_anteil_niedrig_proz": 0.0, "sm_bev_niedrig": 0, "sm_bev_gesamt": 3916, "sm_gebiete_anz": 1, "sm_gebiete_niedrig_anz": 0}}, {"type": "Feature", "geometry": null, "properties": {"stadtteil": "Curslack", "jahr": "2014", "sm_statusindex_score": 3.0, "sm_dynamikindex_score": 0.0, "sm_anteil_niedrig_proz": 0.0, "sm_bev_niedrig": 0, "sm_bev_gesamt": 3930, "sm_gebiete_anz": 1, "sm_gebiete_niedrig_anz": 0}}, {"type": "Feature", "geometry": null, "properties": {"stadtteil": "Curslack", "jahr": "2015", "sm_statusindex_score": 3.0, "sm_dynamikindex_score": -1.0, "sm_anteil_niedrig_proz": 0.0, "sm_bev_niedrig": 0, "sm_bev_gesamt": 3920, "sm_gebiete_anz": 1, "sm_gebiete_niedrig_anz": 0}}, {"type": "Feature", "geometry": null, "properties": {"stadtteil": "Curslack", "jahr": "2016", "sm_statusindex_score": 3.0, "sm_dynamikindex_score": -1.0, "sm_anteil_niedrig_proz": 0.0, "sm_bev_niedrig": 0, "sm_bev_gesamt": 3893, "sm_gebiete_anz": 1, "sm_gebiete_niedrig_anz": 0}}, {"type": "Feature", "geometry": null, "properties": {"stadtteil": "Curslack", "jahr": "2017", "sm_statusindex_score": 3.0, "sm_dynamikindex_score": 0.0, "sm_anteil_niedrig_proz": 0.0, "sm_bev_niedrig": 0, "sm_bev_gesamt": 3937, "sm_gebiete_anz": 1, "sm_gebiete_niedrig_anz": 0}}, {"type": "Feature", "geometry": null, "properties": {"stadtteil": "Curslack", "jahr": "2018", "sm_statusindex_score": 3.0, "sm_dynamikindex_score": 0.0, "sm_anteil_niedrig_proz": 0.0, "sm_bev_niedrig": 0, "sm_bev_gesamt": 3964, "sm_gebiete_anz": 1, "sm_gebiete_niedrig_anz": 0}}, {"type": "Feature", "geometry": null, "properties": {"stadtteil": "Curslack", "jahr": "2019", "sm_statusindex_score": 3.0, "sm_dynamikindex_score": 0.0, "sm_anteil_niedrig_proz": 0.0, "sm_bev_niedrig": 0, "sm_bev_gesamt": 4029, "sm_gebiete_anz": 1, "sm_gebiete_niedrig_anz": 0}}, {"type": "Feature", "geometry": null, "properties": {"stadtteil": "Curslack", "jahr": "2020", "sm_statusindex_score": 3.0, "sm_dynamikindex_score": 0.0, "sm_anteil_niedrig_proz": 0.0, "sm_bev_niedrig": 0, "sm_bev_gesamt": 4036, "sm_gebiete_anz": 1, "sm_gebiete_niedrig_anz": 0}}, {"type": "Feature", "geometry": null, "properties": {"stadtteil": "Curslack", "jahr": "2021", "sm_statusindex_score": 3.0, "sm_dynamikindex_score": 0.0, "sm_anteil_niedrig_proz": 0.0, "sm_bev_niedrig": 0, "sm_bev_gesamt": 4079, "sm_gebiete_anz": 1, "sm_gebiete_niedrig_anz": 0}}, {"type": "Feature", "geometry": null, "properties": {"stadtteil": "Curslack", "jahr": "2022", "sm_statusindex_score": 3.0, "sm_dynamikindex_score": 1.0, "sm_anteil_niedrig_proz": 0.0, "sm_bev_niedrig": 0, "sm_bev_gesamt": 4034, "sm_gebiete_anz": 1, "sm_gebiete_niedrig_anz": 0}}, {"type": "Feature", "geometry": null, "properties": {"stadtteil": "Curslack", "jahr": "2023", "sm_statusindex_score": 3.0, "sm_dynamikindex_score": 0.0, "sm_anteil_niedrig_proz": 0.0, "sm_bev_niedrig": 0, "sm_bev_gesamt": 4143, "sm_gebiete_anz": 1, "sm_gebiete_niedrig_anz": 0}}, {"type": "Feature", "geometry": null, "properties": {"stadtteil": "Curslack", "jahr": "2024", "sm_statusindex_score": 3.0, "sm_dynamikindex_score": 0.0, "sm_anteil_niedrig_proz": 0.0, "sm_bev_niedrig": 0, "sm_bev_gesamt": 4178, "sm_gebiete_anz": 1, "sm_gebiete_niedrig_anz": 0}}, {"type": "Feature", "geometry": null, "properties": {"stadtteil": "Curslack", "jahr": "2025", "sm_statusindex_score": 3.0, "sm_dynamikindex_score": 0.0, "sm_anteil_niedrig_proz": 0.0, "sm_bev_niedrig": 0, "sm_bev_gesamt": 4269, "sm_gebiete_anz": 1, "sm_gebiete_niedrig_anz": 0}}, {"type": "Feature", "geometry": null, "properties": {"stadtteil": "Dulsberg", "jahr": "2013", "sm_statusindex_score": 1.801, "sm_dynamikindex_score": -0.095, "sm_anteil_niedrig_proz": 74.0, "sm_bev_niedrig": 12834, "sm_bev_gesamt": 17340, "sm_gebiete_anz": 7, "sm_gebiete_niedrig_anz": 5}}, {"type": "Feature", "geometry": null, "properties": {"stadtteil": "Dulsberg", "jahr": "2014", "sm_statusindex_score": 1.526, "sm_dynamikindex_score": -0.143, "sm_anteil_niedrig_proz": 82.8, "sm_bev_niedrig": 14270, "sm_bev_gesamt": 17234, "sm_gebiete_anz": 7, "sm_gebiete_niedrig_anz": 6}}, {"type": "Feature", "geometry": null, "properties": {"stadtteil": "Dulsberg", "jahr": "2015", "sm_statusindex_score": 1.803, "sm_dynamikindex_score": 0.17, "sm_anteil_niedrig_proz": 74.0, "sm_bev_niedrig": 12793, "sm_bev_gesamt": 17282, "sm_gebiete_anz": 7, "sm_gebiete_niedrig_anz": 5}}, {"type": "Feature", "geometry": null, "properties": {"stadtteil": "Dulsberg", "jahr": "2016", "sm_statusindex_score": 1.796, "sm_dynamikindex_score": 0.0, "sm_anteil_niedrig_proz": 74.1, "sm_bev_niedrig": 12776, "sm_bev_gesamt": 17231, "sm_gebiete_anz": 7, "sm_gebiete_niedrig_anz": 5}}, {"type": "Feature", "geometry": null, "properties": {"stadtteil": "Dulsberg", "jahr": "2017", "sm_statusindex_score": 1.602, "sm_dynamikindex_score": 0.083, "sm_anteil_niedrig_proz": 74.4, "sm_bev_niedrig": 12884, "sm_bev_gesamt": 17326, "sm_gebiete_anz": 7, "sm_gebiete_niedrig_anz": 5}}, {"type": "Feature", "geometry": null, "properties": {"stadtteil": "Dulsberg", "jahr": "2018", "sm_statusindex_score": 1.768, "sm_dynamikindex_score": 0.0, "sm_anteil_niedrig_proz": 91.8, "sm_bev_niedrig": 16005, "sm_bev_gesamt": 17442, "sm_gebiete_anz": 7, "sm_gebiete_niedrig_anz": 6}}, {"type": "Feature", "geometry": null, "properties": {"stadtteil": "Dulsberg", "jahr": "2019", "sm_statusindex_score": 1.765, "sm_dynamikindex_score": 0.089, "sm_anteil_niedrig_proz": 91.9, "sm_bev_niedrig": 16019, "sm_bev_gesamt": 17429, "sm_gebiete_anz": 7, "sm_gebiete_niedrig_anz": 6}}, {"type": "Feature", "geometry": null, "properties": {"stadtteil": "Dulsberg", "jahr": "2020", "sm_statusindex_score": 1.945, "sm_dynamikindex_score": 0.0, "sm_anteil_niedrig_proz": 74.1, "sm_bev_niedrig": 12769, "sm_bev_gesamt": 17229, "sm_gebiete_anz": 7, "sm_gebiete_niedrig_anz": 5}}, {"type": "Feature", "geometry": null, "properties": {"stadtteil": "Dulsberg", "jahr": "2021", "sm_statusindex_score": 1.791, "sm_dynamikindex_score": 0.0, "sm_anteil_niedrig_proz": 74.4, "sm_bev_niedrig": 12650, "sm_bev_gesamt": 17002, "sm_gebiete_anz": 7, "sm_gebiete_niedrig_anz": 5}}, {"type": "Feature", "geometry": null, "properties": {"stadtteil": "Dulsberg", "jahr": "2022", "sm_statusindex_score": 1.884, "sm_dynamikindex_score": -0.127, "sm_anteil_niedrig_proz": 65.2, "sm_bev_niedrig": 10985, "sm_bev_gesamt": 16839, "sm_gebiete_anz": 7, "sm_gebiete_niedrig_anz": 4}}, {"type": "Feature", "geometry": null, "properties": {"stadtteil": "Dulsberg", "jahr": "2023", "sm_statusindex_score": 1.797, "sm_dynamikindex_score": 0.0, "sm_anteil_niedrig_proz": 74.3, "sm_bev_niedrig": 12736, "sm_bev_gesamt": 17149, "sm_gebiete_anz": 7, "sm_gebiete_niedrig_anz": 5}}, {"type": "Feature", "geometry": null, "properties": {"stadtteil": "Dulsberg", "jahr": "2024", "sm_statusindex_score": 1.796, "sm_dynamikindex_score": 0.0, "sm_anteil_niedrig_proz": 74.1, "sm_bev_niedrig": 12764, "sm_bev_gesamt": 17237, "sm_gebiete_anz": 7, "sm_gebiete_niedrig_anz": 5}}, {"type": "Feature", "geometry": null, "properties": {"stadtteil": "Dulsberg", "jahr": "2025", "sm_statusindex_score": 1.925, "sm_dynamikindex_score": 0.31, "sm_anteil_niedrig_proz": 73.9, "sm_bev_niedrig": 12739, "sm_bev_gesamt": 17230, "sm_gebiete_anz": 7, "sm_gebiete_niedrig_anz": 5}}, {"type": "Feature", "geometry": null, "properties": {"stadtteil": "Duvenstedt", "jahr": "2013", "sm_statusindex_score": 3.419, "sm_dynamikindex_score": 0.0, "sm_anteil_niedrig_proz": 0.0, "sm_bev_niedrig": 0, "sm_bev_gesamt": 6308, "sm_gebiete_anz": 2, "sm_gebiete_niedrig_anz": 0}}, {"type": "Feature", "geometry": null, "properties": {"stadtteil": "Duvenstedt", "jahr": "2014", "sm_statusindex_score": 3.419, "sm_dynamikindex_score": 0.0, "sm_anteil_niedrig_proz": 0.0, "sm_bev_niedrig": 0, "sm_bev_gesamt": 6241, "sm_gebiete_anz": 2, "sm_gebiete_niedrig_anz": 0}}, {"type": "Feature", "geometry": null, "properties": {"stadtteil": "Duvenstedt", "jahr": "2015", "sm_statusindex_score": 3.417, "sm_dynamikindex_score": 0.0, "sm_anteil_niedrig_proz": 0.0, "sm_bev_niedrig": 0, "sm_bev_gesamt": 6253, "sm_gebiete_anz": 2, "sm_gebiete_niedrig_anz": 0}}, {"type": "Feature", "geometry": null, "properties": {"stadtteil": "Duvenstedt", "jahr": "2016", "sm_statusindex_score": 3.42, "sm_dynamikindex_score": 0.0, "sm_anteil_niedrig_proz": 0.0, "sm_bev_niedrig": 0, "sm_bev_gesamt": 6248, "sm_gebiete_anz": 2, "sm_gebiete_niedrig_anz": 0}}, {"type": "Feature", "geometry": null, "properties": {"stadtteil": "Duvenstedt", "jahr": "2017", "sm_statusindex_score": 3.417, "sm_dynamikindex_score": 0.0, "sm_anteil_niedrig_proz": 0.0, "sm_bev_niedrig": 0, "sm_bev_gesamt": 6247, "sm_gebiete_anz": 2, "sm_gebiete_niedrig_anz": 0}}, {"type": "Feature", "geometry": null, "properties": {"stadtteil": "Duvenstedt", "jahr": "2018", "sm_statusindex_score": 3.414, "sm_dynamikindex_score": 0.0, "sm_anteil_niedrig_proz": 0.0, "sm_bev_niedrig": 0, "sm_bev_gesamt": 6221, "sm_gebiete_anz": 2, "sm_gebiete_niedrig_anz": 0}}, {"type": "Feature", "geometry": null, "properties": {"stadtteil": "Duvenstedt", "jahr": "2019", "sm_statusindex_score": 3.413, "sm_dynamikindex_score": 0.0, "sm_anteil_niedrig_proz": 0.0, "sm_bev_niedrig": 0, "sm_bev_gesamt": 6220, "sm_gebiete_anz": 2, "sm_gebiete_niedrig_anz": 0}}, {"type": "Feature", "geometry": null, "properties": {"stadtteil": "Duvenstedt", "jahr": "2020", "sm_statusindex_score": 3.412, "sm_dynamikindex_score": 0.0, "sm_anteil_niedrig_proz": 0.0, "sm_bev_niedrig": 0, "sm_bev_gesamt": 6160, "sm_gebiete_anz": 2, "sm_gebiete_niedrig_anz": 0}}, {"type": "Feature", "geometry": null, "properties": {"stadtteil": "Duvenstedt", "jahr": "2021", "sm_statusindex_score": 3.415, "sm_dynamikindex_score": 0.0, "sm_anteil_niedrig_proz": 0.0, "sm_bev_niedrig": 0, "sm_bev_gesamt": 6060, "sm_gebiete_anz": 2, "sm_gebiete_niedrig_anz": 0}}, {"type": "Feature", "geometry": null, "properties": {"stadtteil": "Duvenstedt", "jahr": "2022", "sm_statusindex_score": 3.412, "sm_dynamikindex_score": 0.0, "sm_anteil_niedrig_proz": 0.0, "sm_bev_niedrig": 0, "sm_bev_gesamt": 6010, "sm_gebiete_anz": 2, "sm_gebiete_niedrig_anz": 0}}, {"type": "Feature", "geometry": null, "properties": {"stadtteil": "Duvenstedt", "jahr": "2023", "sm_statusindex_score": 3.417, "sm_dynamikindex_score": 0.0, "sm_anteil_niedrig_proz": 0.0, "sm_bev_niedrig": 0, "sm_bev_gesamt": 5982, "sm_gebiete_anz": 2, "sm_gebiete_niedrig_anz": 0}}, {"type": "Feature", "geometry": null, "properties": {"stadtteil": "Duvenstedt", "jahr": "2024", "sm_statusindex_score": 3.419, "sm_dynamikindex_score": 0.0, "sm_anteil_niedrig_proz": 0.0, "sm_bev_niedrig": 0, "sm_bev_gesamt": 5977, "sm_gebiete_anz": 2, "sm_gebiete_niedrig_anz": 0}}, {"type": "Feature", "geometry": null, "properties": {"stadtteil": "Duvenstedt", "jahr": "2025", "sm_statusindex_score": 3.422, "sm_dynamikindex_score": 0.0, "sm_anteil_niedrig_proz": 0.0, "sm_bev_niedrig": 0, "sm_bev_gesamt": 5940, "sm_gebiete_anz": 2, "sm_gebiete_niedrig_anz": 0}}, {"type": "Feature", "geometry": null, "properties": {"stadtteil": "Eidelstedt", "jahr": "2013", "sm_statusindex_score": 2.942, "sm_dynamikindex_score": -0.15, "sm_anteil_niedrig_proz": 12.6, "sm_bev_niedrig": 3861, "sm_bev_gesamt": 30649, "sm_gebiete_anz": 15, "sm_gebiete_niedrig_anz": 2}}, {"type": "Feature", "geometry": null, "properties": {"stadtteil": "Eidelstedt", "jahr": "2014", "sm_statusindex_score": 2.845, "sm_dynamikindex_score": -0.293, "sm_anteil_niedrig_proz": 22.4, "sm_bev_niedrig": 6886, "sm_bev_gesamt": 30713, "sm_gebiete_anz": 15, "sm_gebiete_niedrig_anz": 3}}, {"type": "Feature", "geometry": null, "properties": {"stadtteil": "Eidelstedt", "jahr": "2015", "sm_statusindex_score": 2.942, "sm_dynamikindex_score": -0.194, "sm_anteil_niedrig_proz": 12.4, "sm_bev_niedrig": 3884, "sm_bev_gesamt": 31347, "sm_gebiete_anz": 15, "sm_gebiete_niedrig_anz": 2}}, {"type": "Feature", "geometry": null, "properties": {"stadtteil": "Eidelstedt", "jahr": "2016", "sm_statusindex_score": 2.943, "sm_dynamikindex_score": 0.043, "sm_anteil_niedrig_proz": 12.2, "sm_bev_niedrig": 3900, "sm_bev_gesamt": 32035, "sm_gebiete_anz": 15, "sm_gebiete_niedrig_anz": 2}}, {"type": "Feature", "geometry": null, "properties": {"stadtteil": "Eidelstedt", "jahr": "2017", "sm_statusindex_score": 3.014, "sm_dynamikindex_score": -0.046, "sm_anteil_niedrig_proz": 7.0, "sm_bev_niedrig": 2243, "sm_bev_gesamt": 32170, "sm_gebiete_anz": 15, "sm_gebiete_niedrig_anz": 1}}, {"type": "Feature", "geometry": null, "properties": {"stadtteil": "Eidelstedt", "jahr": "2018", "sm_statusindex_score": 3.015, "sm_dynamikindex_score": 0.0, "sm_anteil_niedrig_proz": 6.8, "sm_bev_niedrig": 2214, "sm_bev_gesamt": 32361, "sm_gebiete_anz": 15, "sm_gebiete_niedrig_anz": 1}}, {"type": "Feature", "geometry": null, "properties": {"stadtteil": "Eidelstedt", "jahr": "2019", "sm_statusindex_score": 2.997, "sm_dynamikindex_score": -0.092, "sm_anteil_niedrig_proz": 6.7, "sm_bev_niedrig": 2223, "sm_bev_gesamt": 33340, "sm_gebiete_anz": 16, "sm_gebiete_niedrig_anz": 1}}, {"type": "Feature", "geometry": null, "properties": {"stadtteil": "Eidelstedt", "jahr": "2020", "sm_statusindex_score": 2.931, "sm_dynamikindex_score": -0.138, "sm_anteil_niedrig_proz": 9.8, "sm_bev_niedrig": 3355, "sm_bev_gesamt": 34188, "sm_gebiete_anz": 16, "sm_gebiete_niedrig_anz": 2}}, {"type": "Feature", "geometry": null, "properties": {"stadtteil": "Eidelstedt", "jahr": "2021", "sm_statusindex_score": 2.906, "sm_dynamikindex_score": -0.162, "sm_anteil_niedrig_proz": 10.9, "sm_bev_niedrig": 3806, "sm_bev_gesamt": 35007, "sm_gebiete_anz": 16, "sm_gebiete_niedrig_anz": 2}}, {"type": "Feature", "geometry": null, "properties": {"stadtteil": "Eidelstedt", "jahr": "2022", "sm_statusindex_score": 2.894, "sm_dynamikindex_score": -0.178, "sm_anteil_niedrig_proz": 12.3, "sm_bev_niedrig": 4380, "sm_bev_gesamt": 35621, "sm_gebiete_anz": 16, "sm_gebiete_niedrig_anz": 2}}, {"type": "Feature", "geometry": null, "properties": {"stadtteil": "Eidelstedt", "jahr": "2023", "sm_statusindex_score": 2.89, "sm_dynamikindex_score": 0.063, "sm_anteil_niedrig_proz": 12.4, "sm_bev_niedrig": 4463, "sm_bev_gesamt": 35949, "sm_gebiete_anz": 16, "sm_gebiete_niedrig_anz": 2}}, {"type": "Feature", "geometry": null, "properties": {"stadtteil": "Eidelstedt", "jahr": "2024", "sm_statusindex_score": 2.89, "sm_dynamikindex_score": 0.0, "sm_anteil_niedrig_proz": 12.5, "sm_bev_niedrig": 4534, "sm_bev_gesamt": 36233, "sm_gebiete_anz": 16, "sm_gebiete_niedrig_anz": 2}}, {"type": "Feature", "geometry": null, "properties": {"stadtteil": "Eidelstedt", "jahr": "2025", "sm_statusindex_score": 2.89, "sm_dynamikindex_score": 0.0, "sm_anteil_niedrig_proz": 12.5, "sm_bev_niedrig": 4561, "sm_bev_gesamt": 36626, "sm_gebiete_anz": 16, "sm_gebiete_niedrig_anz": 2}}, {"type": "Feature", "geometry": null, "properties": {"stadtteil": "Eilbek", "jahr": "2013", "sm_statusindex_score": 3.0, "sm_dynamikindex_score": 0.188, "sm_anteil_niedrig_proz": 0.0, "sm_bev_niedrig": 0, "sm_bev_gesamt": 20835, "sm_gebiete_anz": 6, "sm_gebiete_niedrig_anz": 0}}, {"type": "Feature", "geometry": null, "properties": {"stadtteil": "Eilbek", "jahr": "2014", "sm_statusindex_score": 3.0, "sm_dynamikindex_score": 0.0, "sm_anteil_niedrig_proz": 0.0, "sm_bev_niedrig": 0, "sm_bev_gesamt": 20887, "sm_gebiete_anz": 6, "sm_gebiete_niedrig_anz": 0}}, {"type": "Feature", "geometry": null, "properties": {"stadtteil": "Eilbek", "jahr": "2015", "sm_statusindex_score": 3.0, "sm_dynamikindex_score": -0.086, "sm_anteil_niedrig_proz": 0.0, "sm_bev_niedrig": 0, "sm_bev_gesamt": 20981, "sm_gebiete_anz": 6, "sm_gebiete_niedrig_anz": 0}}, {"type": "Feature", "geometry": null, "properties": {"stadtteil": "Eilbek", "jahr": "2016", "sm_statusindex_score": 3.0, "sm_dynamikindex_score": 0.0, "sm_anteil_niedrig_proz": 0.0, "sm_bev_niedrig": 0, "sm_bev_gesamt": 21287, "sm_gebiete_anz": 6, "sm_gebiete_niedrig_anz": 0}}, {"type": "Feature", "geometry": null, "properties": {"stadtteil": "Eilbek", "jahr": "2017", "sm_statusindex_score": 3.0, "sm_dynamikindex_score": 0.0, "sm_anteil_niedrig_proz": 0.0, "sm_bev_niedrig": 0, "sm_bev_gesamt": 21505, "sm_gebiete_anz": 6, "sm_gebiete_niedrig_anz": 0}}, {"type": "Feature", "geometry": null, "properties": {"stadtteil": "Eilbek", "jahr": "2018", "sm_statusindex_score": 3.0, "sm_dynamikindex_score": 0.0, "sm_anteil_niedrig_proz": 0.0, "sm_bev_niedrig": 0, "sm_bev_gesamt": 21964, "sm_gebiete_anz": 6, "sm_gebiete_niedrig_anz": 0}}, {"type": "Feature", "geometry": null, "properties": {"stadtteil": "Eilbek", "jahr": "2019", "sm_statusindex_score": 3.0, "sm_dynamikindex_score": 0.0, "sm_anteil_niedrig_proz": 0.0, "sm_bev_niedrig": 0, "sm_bev_gesamt": 22233, "sm_gebiete_anz": 6, "sm_gebiete_niedrig_anz": 0}}, {"type": "Feature", "geometry": null, "properties": {"stadtteil": "Eilbek", "jahr": "2020", "sm_statusindex_score": 3.0, "sm_dynamikindex_score": 0.0, "sm_anteil_niedrig_proz": 0.0, "sm_bev_niedrig": 0, "sm_bev_gesamt": 22276, "sm_gebiete_anz": 6, "sm_gebiete_niedrig_anz": 0}}, {"type": "Feature", "geometry": null, "properties": {"stadtteil": "Eilbek", "jahr": "2021", "sm_statusindex_score": 3.0, "sm_dynamikindex_score": 0.0, "sm_anteil_niedrig_proz": 0.0, "sm_bev_niedrig": 0, "sm_bev_gesamt": 22235, "sm_gebiete_anz": 6, "sm_gebiete_niedrig_anz": 0}}, {"type": "Feature", "geometry": null, "properties": {"stadtteil": "Eilbek", "jahr": "2022", "sm_statusindex_score": 3.0, "sm_dynamikindex_score": 0.09, "sm_anteil_niedrig_proz": 0.0, "sm_bev_niedrig": 0, "sm_bev_gesamt": 22235, "sm_gebiete_anz": 6, "sm_gebiete_niedrig_anz": 0}}, {"type": "Feature", "geometry": null, "properties": {"stadtteil": "Eilbek", "jahr": "2023", "sm_statusindex_score": 3.0, "sm_dynamikindex_score": 0.0, "sm_anteil_niedrig_proz": 0.0, "sm_bev_niedrig": 0, "sm_bev_gesamt": 22701, "sm_gebiete_anz": 6, "sm_gebiete_niedrig_anz": 0}}, {"type": "Feature", "geometry": null, "properties": {"stadtteil": "Eilbek", "jahr": "2024", "sm_statusindex_score": 3.0, "sm_dynamikindex_score": 0.0, "sm_anteil_niedrig_proz": 0.0, "sm_bev_niedrig": 0, "sm_bev_gesamt": 22693, "sm_gebiete_anz": 6, "sm_gebiete_niedrig_anz": 0}}, {"type": "Feature", "geometry": null, "properties": {"stadtteil": "Eilbek", "jahr": "2025", "sm_statusindex_score": 3.0, "sm_dynamikindex_score": 0.0, "sm_anteil_niedrig_proz": 0.0, "sm_bev_niedrig": 0, "sm_bev_gesamt": 22694, "sm_gebiete_anz": 6, "sm_gebiete_niedrig_anz": 0}}, {"type": "Feature", "geometry": null, "properties": {"stadtteil": "Eimsbüttel", "jahr": "2013", "sm_statusindex_score": 3.082, "sm_dynamikindex_score": 0.286, "sm_anteil_niedrig_proz": 0.0, "sm_bev_niedrig": 0, "sm_bev_gesamt": 55625, "sm_gebiete_anz": 26, "sm_gebiete_niedrig_anz": 0}}, {"type": "Feature", "geometry": null, "properties": {"stadtteil": "Eimsbüttel", "jahr": "2014", "sm_statusindex_score": 3.082, "sm_dynamikindex_score": 0.193, "sm_anteil_niedrig_proz": 0.0, "sm_bev_niedrig": 0, "sm_bev_gesamt": 56097, "sm_gebiete_anz": 26, "sm_gebiete_niedrig_anz": 0}}, {"type": "Feature", "geometry": null, "properties": {"stadtteil": "Eimsbüttel", "jahr": "2015", "sm_statusindex_score": 3.128, "sm_dynamikindex_score": 0.064, "sm_anteil_niedrig_proz": 0.0, "sm_bev_niedrig": 0, "sm_bev_gesamt": 56359, "sm_gebiete_anz": 26, "sm_gebiete_niedrig_anz": 0}}, {"type": "Feature", "geometry": null, "properties": {"stadtteil": "Eimsbüttel", "jahr": "2016", "sm_statusindex_score": 3.082, "sm_dynamikindex_score": 0.262, "sm_anteil_niedrig_proz": 0.0, "sm_bev_niedrig": 0, "sm_bev_gesamt": 56889, "sm_gebiete_anz": 26, "sm_gebiete_niedrig_anz": 0}}, {"type": "Feature", "geometry": null, "properties": {"stadtteil": "Eimsbüttel", "jahr": "2017", "sm_statusindex_score": 3.131, "sm_dynamikindex_score": 0.036, "sm_anteil_niedrig_proz": 0.0, "sm_bev_niedrig": 0, "sm_bev_gesamt": 57055, "sm_gebiete_anz": 26, "sm_gebiete_niedrig_anz": 0}}, {"type": "Feature", "geometry": null, "properties": {"stadtteil": "Eimsbüttel", "jahr": "2018", "sm_statusindex_score": 3.169, "sm_dynamikindex_score": 0.035, "sm_anteil_niedrig_proz": 0.0, "sm_bev_niedrig": 0, "sm_bev_gesamt": 57541, "sm_gebiete_anz": 26, "sm_gebiete_niedrig_anz": 0}}, {"type": "Feature", "geometry": null, "properties": {"stadtteil": "Eimsbüttel", "jahr": "2019", "sm_statusindex_score": 3.127, "sm_dynamikindex_score": 0.0, "sm_anteil_niedrig_proz": 0.0, "sm_bev_niedrig": 0, "sm_bev_gesamt": 58196, "sm_gebiete_anz": 26, "sm_gebiete_niedrig_anz": 0}}, {"type": "Feature", "geometry": null, "properties": {"stadtteil": "Eimsbüttel", "jahr": "2020", "sm_statusindex_score": 3.13, "sm_dynamikindex_score": -0.035, "sm_anteil_niedrig_proz": 0.0, "sm_bev_niedrig": 0, "sm_bev_gesamt": 58005, "sm_gebiete_anz": 26, "sm_gebiete_niedrig_anz": 0}}, {"type": "Feature", "geometry": null, "properties": {"stadtteil": "Eimsbüttel", "jahr": "2021", "sm_statusindex_score": 3.13, "sm_dynamikindex_score": -0.035, "sm_anteil_niedrig_proz": 0.0, "sm_bev_niedrig": 0, "sm_bev_gesamt": 57593, "sm_gebiete_anz": 26, "sm_gebiete_niedrig_anz": 0}}, {"type": "Feature", "geometry": null, "properties": {"stadtteil": "Eimsbüttel", "jahr": "2022", "sm_statusindex_score": 3.24, "sm_dynamikindex_score": -0.035, "sm_anteil_niedrig_proz": 0.0, "sm_bev_niedrig": 0, "sm_bev_gesamt": 57183, "sm_gebiete_anz": 26, "sm_gebiete_niedrig_anz": 0}}, {"type": "Feature", "geometry": null, "properties": {"stadtteil": "Eimsbüttel", "jahr": "2023", "sm_statusindex_score": 3.213, "sm_dynamikindex_score": 0.0, "sm_anteil_niedrig_proz": 0.0, "sm_bev_niedrig": 0, "sm_bev_gesamt": 57875, "sm_gebiete_anz": 26, "sm_gebiete_niedrig_anz": 0}}, {"type": "Feature", "geometry": null, "properties": {"stadtteil": "Eimsbüttel", "jahr": "2024", "sm_statusindex_score": 3.212, "sm_dynamikindex_score": 0.0, "sm_anteil_niedrig_proz": 0.0, "sm_bev_niedrig": 0, "sm_bev_gesamt": 57820, "sm_gebiete_anz": 26, "sm_gebiete_niedrig_anz": 0}}, {"type": "Feature", "geometry": null, "properties": {"stadtteil": "Eimsbüttel", "jahr": "2025", "sm_statusindex_score": 3.254, "sm_dynamikindex_score": 0.0, "sm_anteil_niedrig_proz": 0.0, "sm_bev_niedrig": 0, "sm_bev_gesamt": 57798, "sm_gebiete_anz": 26, "sm_gebiete_niedrig_anz": 0}}, {"type": "Feature", "geometry": null, "properties": {"stadtteil": "Eißendorf", "jahr": "2013", "sm_statusindex_score": 2.867, "sm_dynamikindex_score": 0.142, "sm_anteil_niedrig_proz": 13.3, "sm_bev_niedrig": 3163, "sm_bev_gesamt": 23774, "sm_gebiete_anz": 10, "sm_gebiete_niedrig_anz": 2}}, {"type": "Feature", "geometry": null, "properties": {"stadtteil": "Eißendorf", "jahr": "2014", "sm_statusindex_score": 2.766, "sm_dynamikindex_score": 0.0, "sm_anteil_niedrig_proz": 13.6, "sm_bev_niedrig": 3240, "sm_bev_gesamt": 23861, "sm_gebiete_anz": 10, "sm_gebiete_niedrig_anz": 2}}, {"type": "Feature", "geometry": null, "properties": {"stadtteil": "Eißendorf", "jahr": "2015", "sm_statusindex_score": 2.666, "sm_dynamikindex_score": 0.0, "sm_anteil_niedrig_proz": 23.5, "sm_bev_niedrig": 5627, "sm_bev_gesamt": 23946, "sm_gebiete_anz": 10, "sm_gebiete_niedrig_anz": 3}}, {"type": "Feature", "geometry": null, "properties": {"stadtteil": "Eißendorf", "jahr": "2016", "sm_statusindex_score": 2.664, "sm_dynamikindex_score": -0.26, "sm_anteil_niedrig_proz": 23.6, "sm_bev_niedrig": 5683, "sm_bev_gesamt": 24103, "sm_gebiete_anz": 10, "sm_gebiete_niedrig_anz": 3}}, {"type": "Feature", "geometry": null, "properties": {"stadtteil": "Eißendorf", "jahr": "2017", "sm_statusindex_score": 2.761, "sm_dynamikindex_score": 0.0, "sm_anteil_niedrig_proz": 13.8, "sm_bev_niedrig": 3346, "sm_bev_gesamt": 24324, "sm_gebiete_anz": 10, "sm_gebiete_niedrig_anz": 2}}, {"type": "Feature", "geometry": null, "properties": {"stadtteil": "Eißendorf", "jahr": "2018", "sm_statusindex_score": 2.865, "sm_dynamikindex_score": 0.104, "sm_anteil_niedrig_proz": 13.5, "sm_bev_niedrig": 3308, "sm_bev_gesamt": 24540, "sm_gebiete_anz": 10, "sm_gebiete_niedrig_anz": 2}}, {"type": "Feature", "geometry": null, "properties": {"stadtteil": "Eißendorf", "jahr": "2019", "sm_statusindex_score": 2.904, "sm_dynamikindex_score": 0.138, "sm_anteil_niedrig_proz": 9.6, "sm_bev_niedrig": 2381, "sm_bev_gesamt": 24679, "sm_gebiete_anz": 10, "sm_gebiete_niedrig_anz": 1}}, {"type": "Feature", "geometry": null, "properties": {"stadtteil": "Eißendorf", "jahr": "2020", "sm_statusindex_score": 2.812, "sm_dynamikindex_score": 0.03, "sm_anteil_niedrig_proz": 9.4, "sm_bev_niedrig": 2344, "sm_bev_gesamt": 24999, "sm_gebiete_anz": 10, "sm_gebiete_niedrig_anz": 1}}, {"type": "Feature", "geometry": null, "properties": {"stadtteil": "Eißendorf", "jahr": "2021", "sm_statusindex_score": 2.907, "sm_dynamikindex_score": 0.03, "sm_anteil_niedrig_proz": 9.3, "sm_bev_niedrig": 2318, "sm_bev_gesamt": 24863, "sm_gebiete_anz": 10, "sm_gebiete_niedrig_anz": 1}}, {"type": "Feature", "geometry": null, "properties": {"stadtteil": "Eißendorf", "jahr": "2022", "sm_statusindex_score": 2.904, "sm_dynamikindex_score": 0.0, "sm_anteil_niedrig_proz": 9.6, "sm_bev_niedrig": 2382, "sm_bev_gesamt": 24780, "sm_gebiete_anz": 10, "sm_gebiete_niedrig_anz": 1}}, {"type": "Feature", "geometry": null, "properties": {"stadtteil": "Eißendorf", "jahr": "2023", "sm_statusindex_score": 2.904, "sm_dynamikindex_score": 0.0, "sm_anteil_niedrig_proz": 9.6, "sm_bev_niedrig": 2435, "sm_bev_gesamt": 25283, "sm_gebiete_anz": 10, "sm_gebiete_niedrig_anz": 1}}, {"type": "Feature", "geometry": null, "properties": {"stadtteil": "Eißendorf", "jahr": "2024", "sm_statusindex_score": 2.902, "sm_dynamikindex_score": 0.0, "sm_anteil_niedrig_proz": 9.8, "sm_bev_niedrig": 2497, "sm_bev_gesamt": 25546, "sm_gebiete_anz": 10, "sm_gebiete_niedrig_anz": 1}}, {"type": "Feature", "geometry": null, "properties": {"stadtteil": "Eißendorf", "jahr": "2025", "sm_statusindex_score": 2.902, "sm_dynamikindex_score": 0.0, "sm_anteil_niedrig_proz": 9.8, "sm_bev_niedrig": 2503, "sm_bev_gesamt": 25557, "sm_gebiete_anz": 10, "sm_gebiete_niedrig_anz": 1}}, {"type": "Feature", "geometry": null, "properties": {"stadtteil": "Eppendorf", "jahr": "2013", "sm_statusindex_score": 3.458, "sm_dynamikindex_score": 0.015, "sm_anteil_niedrig_proz": 0.0, "sm_bev_niedrig": 0, "sm_bev_gesamt": 23455, "sm_gebiete_anz": 11, "sm_gebiete_niedrig_anz": 0}}, {"type": "Feature", "geometry": null, "properties": {"stadtteil": "Eppendorf", "jahr": "2014", "sm_statusindex_score": 3.44, "sm_dynamikindex_score": 0.0, "sm_anteil_niedrig_proz": 0.0, "sm_bev_niedrig": 0, "sm_bev_gesamt": 23777, "sm_gebiete_anz": 11, "sm_gebiete_niedrig_anz": 0}}, {"type": "Feature", "geometry": null, "properties": {"stadtteil": "Eppendorf", "jahr": "2015", "sm_statusindex_score": 3.318, "sm_dynamikindex_score": 0.0, "sm_anteil_niedrig_proz": 0.0, "sm_bev_niedrig": 0, "sm_bev_gesamt": 24170, "sm_gebiete_anz": 11, "sm_gebiete_niedrig_anz": 0}}, {"type": "Feature", "geometry": null, "properties": {"stadtteil": "Eppendorf", "jahr": "2016", "sm_statusindex_score": 3.31, "sm_dynamikindex_score": 0.134, "sm_anteil_niedrig_proz": 0.0, "sm_bev_niedrig": 0, "sm_bev_gesamt": 24356, "sm_gebiete_anz": 11, "sm_gebiete_niedrig_anz": 0}}, {"type": "Feature", "geometry": null, "properties": {"stadtteil": "Eppendorf", "jahr": "2017", "sm_statusindex_score": 3.53, "sm_dynamikindex_score": 0.0, "sm_anteil_niedrig_proz": 0.0, "sm_bev_niedrig": 0, "sm_bev_gesamt": 24387, "sm_gebiete_anz": 11, "sm_gebiete_niedrig_anz": 0}}, {"type": "Feature", "geometry": null, "properties": {"stadtteil": "Eppendorf", "jahr": "2018", "sm_statusindex_score": 3.443, "sm_dynamikindex_score": 0.0, "sm_anteil_niedrig_proz": 0.0, "sm_bev_niedrig": 0, "sm_bev_gesamt": 24718, "sm_gebiete_anz": 11, "sm_gebiete_niedrig_anz": 0}}, {"type": "Feature", "geometry": null, "properties": {"stadtteil": "Eppendorf", "jahr": "2019", "sm_statusindex_score": 3.523, "sm_dynamikindex_score": 0.0, "sm_anteil_niedrig_proz": 0.0, "sm_bev_niedrig": 0, "sm_bev_gesamt": 24868, "sm_gebiete_anz": 11, "sm_gebiete_niedrig_anz": 0}}, {"type": "Feature", "geometry": null, "properties": {"stadtteil": "Eppendorf", "jahr": "2020", "sm_statusindex_score": 3.438, "sm_dynamikindex_score": 0.0, "sm_anteil_niedrig_proz": 0.0, "sm_bev_niedrig": 0, "sm_bev_gesamt": 25070, "sm_gebiete_anz": 11, "sm_gebiete_niedrig_anz": 0}}, {"type": "Feature", "geometry": null, "properties": {"stadtteil": "Eppendorf", "jahr": "2021", "sm_statusindex_score": 3.439, "sm_dynamikindex_score": 0.0, "sm_anteil_niedrig_proz": 0.0, "sm_bev_niedrig": 0, "sm_bev_gesamt": 24806, "sm_gebiete_anz": 11, "sm_gebiete_niedrig_anz": 0}}, {"type": "Feature", "geometry": null, "properties": {"stadtteil": "Eppendorf", "jahr": "2022", "sm_statusindex_score": 3.444, "sm_dynamikindex_score": -0.051, "sm_anteil_niedrig_proz": 0.0, "sm_bev_niedrig": 0, "sm_bev_gesamt": 24538, "sm_gebiete_anz": 11, "sm_gebiete_niedrig_anz": 0}}, {"type": "Feature", "geometry": null, "properties": {"stadtteil": "Eppendorf", "jahr": "2023", "sm_statusindex_score": 3.445, "sm_dynamikindex_score": 0.0, "sm_anteil_niedrig_proz": 0.0, "sm_bev_niedrig": 0, "sm_bev_gesamt": 24639, "sm_gebiete_anz": 11, "sm_gebiete_niedrig_anz": 0}}, {"type": "Feature", "geometry": null, "properties": {"stadtteil": "Eppendorf", "jahr": "2024", "sm_statusindex_score": 3.631, "sm_dynamikindex_score": -0.139, "sm_anteil_niedrig_proz": 0.0, "sm_bev_niedrig": 0, "sm_bev_gesamt": 25253, "sm_gebiete_anz": 11, "sm_gebiete_niedrig_anz": 0}}, {"type": "Feature", "geometry": null, "properties": {"stadtteil": "Eppendorf", "jahr": "2025", "sm_statusindex_score": 3.646, "sm_dynamikindex_score": -0.139, "sm_anteil_niedrig_proz": 0.0, "sm_bev_niedrig": 0, "sm_bev_gesamt": 25234, "sm_gebiete_anz": 11, "sm_gebiete_niedrig_anz": 0}}, {"type": "Feature", "geometry": null, "properties": {"stadtteil": "Farmsen-Berne", "jahr": "2013", "sm_statusindex_score": 2.682, "sm_dynamikindex_score": -0.148, "sm_anteil_niedrig_proz": 18.4, "sm_bev_niedrig": 6169, "sm_bev_gesamt": 33502, "sm_gebiete_anz": 16, "sm_gebiete_niedrig_anz": 2}}, {"type": "Feature", "geometry": null, "properties": {"stadtteil": "Farmsen-Berne", "jahr": "2014", "sm_statusindex_score": 2.782, "sm_dynamikindex_score": -0.01, "sm_anteil_niedrig_proz": 18.5, "sm_bev_niedrig": 6305, "sm_bev_gesamt": 33992, "sm_gebiete_anz": 16, "sm_gebiete_niedrig_anz": 2}}, {"type": "Feature", "geometry": null, "properties": {"stadtteil": "Farmsen-Berne", "jahr": "2015", "sm_statusindex_score": 2.784, "sm_dynamikindex_score": -0.058, "sm_anteil_niedrig_proz": 18.2, "sm_bev_niedrig": 6325, "sm_bev_gesamt": 34664, "sm_gebiete_anz": 16, "sm_gebiete_niedrig_anz": 2}}, {"type": "Feature", "geometry": null, "properties": {"stadtteil": "Farmsen-Berne", "jahr": "2016", "sm_statusindex_score": 2.852, "sm_dynamikindex_score": -0.06, "sm_anteil_niedrig_proz": 18.5, "sm_bev_niedrig": 6448, "sm_bev_gesamt": 34890, "sm_gebiete_anz": 16, "sm_gebiete_niedrig_anz": 2}}, {"type": "Feature", "geometry": null, "properties": {"stadtteil": "Farmsen-Berne", "jahr": "2017", "sm_statusindex_score": 2.822, "sm_dynamikindex_score": 0.0, "sm_anteil_niedrig_proz": 18.7, "sm_bev_niedrig": 6488, "sm_bev_gesamt": 34634, "sm_gebiete_anz": 16, "sm_gebiete_niedrig_anz": 2}}, {"type": "Feature", "geometry": null, "properties": {"stadtteil": "Farmsen-Berne", "jahr": "2018", "sm_statusindex_score": 2.854, "sm_dynamikindex_score": 0.0, "sm_anteil_niedrig_proz": 18.7, "sm_bev_niedrig": 6497, "sm_bev_gesamt": 34752, "sm_gebiete_anz": 16, "sm_gebiete_niedrig_anz": 2}}, {"type": "Feature", "geometry": null, "properties": {"stadtteil": "Farmsen-Berne", "jahr": "2019", "sm_statusindex_score": 2.887, "sm_dynamikindex_score": 0.0, "sm_anteil_niedrig_proz": 18.6, "sm_bev_niedrig": 6443, "sm_bev_gesamt": 34689, "sm_gebiete_anz": 16, "sm_gebiete_niedrig_anz": 2}}, {"type": "Feature", "geometry": null, "properties": {"stadtteil": "Farmsen-Berne", "jahr": "2020", "sm_statusindex_score": 2.776, "sm_dynamikindex_score": -0.058, "sm_anteil_niedrig_proz": 23.8, "sm_bev_niedrig": 8441, "sm_bev_gesamt": 35454, "sm_gebiete_anz": 16, "sm_gebiete_niedrig_anz": 3}}, {"type": "Feature", "geometry": null, "properties": {"stadtteil": "Farmsen-Berne", "jahr": "2021", "sm_statusindex_score": 2.796, "sm_dynamikindex_score": -0.059, "sm_anteil_niedrig_proz": 17.9, "sm_bev_niedrig": 6342, "sm_bev_gesamt": 35477, "sm_gebiete_anz": 16, "sm_gebiete_niedrig_anz": 2}}, {"type": "Feature", "geometry": null, "properties": {"stadtteil": "Farmsen-Berne", "jahr": "2022", "sm_statusindex_score": 2.771, "sm_dynamikindex_score": -0.194, "sm_anteil_niedrig_proz": 17.6, "sm_bev_niedrig": 6324, "sm_bev_gesamt": 35843, "sm_gebiete_anz": 16, "sm_gebiete_niedrig_anz": 2}}, {"type": "Feature", "geometry": null, "properties": {"stadtteil": "Farmsen-Berne", "jahr": "2023", "sm_statusindex_score": 2.702, "sm_dynamikindex_score": 0.0, "sm_anteil_niedrig_proz": 25.0, "sm_bev_niedrig": 9298, "sm_bev_gesamt": 37219, "sm_gebiete_anz": 16, "sm_gebiete_niedrig_anz": 3}}, {"type": "Feature", "geometry": null, "properties": {"stadtteil": "Farmsen-Berne", "jahr": "2024", "sm_statusindex_score": 2.591, "sm_dynamikindex_score": -0.1, "sm_anteil_niedrig_proz": 26.3, "sm_bev_niedrig": 10141, "sm_bev_gesamt": 38624, "sm_gebiete_anz": 16, "sm_gebiete_niedrig_anz": 3}}, {"type": "Feature", "geometry": null, "properties": {"stadtteil": "Farmsen-Berne", "jahr": "2025", "sm_statusindex_score": 2.755, "sm_dynamikindex_score": -0.148, "sm_anteil_niedrig_proz": 19.7, "sm_bev_niedrig": 7751, "sm_bev_gesamt": 39266, "sm_gebiete_anz": 16, "sm_gebiete_niedrig_anz": 2}}, {"type": "Feature", "geometry": null, "properties": {"stadtteil": "Francop", "jahr": "2013", "sm_statusindex_score": 3.0, "sm_dynamikindex_score": -1.0, "sm_anteil_niedrig_proz": 0.0, "sm_bev_niedrig": 0, "sm_bev_gesamt": 672, "sm_gebiete_anz": 1, "sm_gebiete_niedrig_anz": 0}}, {"type": "Feature", "geometry": null, "properties": {"stadtteil": "Francop", "jahr": "2014", "sm_statusindex_score": 3.0, "sm_dynamikindex_score": 0.0, "sm_anteil_niedrig_proz": 0.0, "sm_bev_niedrig": 0, "sm_bev_gesamt": 677, "sm_gebiete_anz": 1, "sm_gebiete_niedrig_anz": 0}}, {"type": "Feature", "geometry": null, "properties": {"stadtteil": "Francop", "jahr": "2015", "sm_statusindex_score": 3.0, "sm_dynamikindex_score": 0.0, "sm_anteil_niedrig_proz": 0.0, "sm_bev_niedrig": 0, "sm_bev_gesamt": 714, "sm_gebiete_anz": 1, "sm_gebiete_niedrig_anz": 0}}, {"type": "Feature", "geometry": null, "properties": {"stadtteil": "Francop", "jahr": "2016", "sm_statusindex_score": 3.0, "sm_dynamikindex_score": 1.0, "sm_anteil_niedrig_proz": 0.0, "sm_bev_niedrig": 0, "sm_bev_gesamt": 710, "sm_gebiete_anz": 1, "sm_gebiete_niedrig_anz": 0}}, {"type": "Feature", "geometry": null, "properties": {"stadtteil": "Francop", "jahr": "2017", "sm_statusindex_score": 3.0, "sm_dynamikindex_score": 0.0, "sm_anteil_niedrig_proz": 0.0, "sm_bev_niedrig": 0, "sm_bev_gesamt": 672, "sm_gebiete_anz": 1, "sm_gebiete_niedrig_anz": 0}}, {"type": "Feature", "geometry": null, "properties": {"stadtteil": "Francop", "jahr": "2018", "sm_statusindex_score": 4.0, "sm_dynamikindex_score": 0.0, "sm_anteil_niedrig_proz": 0.0, "sm_bev_niedrig": 0, "sm_bev_gesamt": 709, "sm_gebiete_anz": 1, "sm_gebiete_niedrig_anz": 0}}, {"type": "Feature", "geometry": null, "properties": {"stadtteil": "Francop", "jahr": "2019", "sm_statusindex_score": 3.0, "sm_dynamikindex_score": 0.0, "sm_anteil_niedrig_proz": 0.0, "sm_bev_niedrig": 0, "sm_bev_gesamt": 709, "sm_gebiete_anz": 1, "sm_gebiete_niedrig_anz": 0}}, {"type": "Feature", "geometry": null, "properties": {"stadtteil": "Francop", "jahr": "2020", "sm_statusindex_score": 3.0, "sm_dynamikindex_score": 0.0, "sm_anteil_niedrig_proz": 0.0, "sm_bev_niedrig": 0, "sm_bev_gesamt": 715, "sm_gebiete_anz": 1, "sm_gebiete_niedrig_anz": 0}}, {"type": "Feature", "geometry": null, "properties": {"stadtteil": "Francop", "jahr": "2021", "sm_statusindex_score": 3.0, "sm_dynamikindex_score": 0.0, "sm_anteil_niedrig_proz": 0.0, "sm_bev_niedrig": 0, "sm_bev_gesamt": 711, "sm_gebiete_anz": 1, "sm_gebiete_niedrig_anz": 0}}, {"type": "Feature", "geometry": null, "properties": {"stadtteil": "Francop", "jahr": "2022", "sm_statusindex_score": 3.0, "sm_dynamikindex_score": 0.0, "sm_anteil_niedrig_proz": 0.0, "sm_bev_niedrig": 0, "sm_bev_gesamt": 721, "sm_gebiete_anz": 1, "sm_gebiete_niedrig_anz": 0}}, {"type": "Feature", "geometry": null, "properties": {"stadtteil": "Francop", "jahr": "2023", "sm_statusindex_score": 3.0, "sm_dynamikindex_score": 0.0, "sm_anteil_niedrig_proz": 0.0, "sm_bev_niedrig": 0, "sm_bev_gesamt": 736, "sm_gebiete_anz": 1, "sm_gebiete_niedrig_anz": 0}}, {"type": "Feature", "geometry": null, "properties": {"stadtteil": "Francop", "jahr": "2024", "sm_statusindex_score": 3.0, "sm_dynamikindex_score": 0.0, "sm_anteil_niedrig_proz": 0.0, "sm_bev_niedrig": 0, "sm_bev_gesamt": 738, "sm_gebiete_anz": 1, "sm_gebiete_niedrig_anz": 0}}, {"type": "Feature", "geometry": null, "properties": {"stadtteil": "Francop", "jahr": "2025", "sm_statusindex_score": 3.0, "sm_dynamikindex_score": 0.0, "sm_anteil_niedrig_proz": 0.0, "sm_bev_niedrig": 0, "sm_bev_gesamt": 749, "sm_gebiete_anz": 1, "sm_gebiete_niedrig_anz": 0}}, {"type": "Feature", "geometry": null, "properties": {"stadtteil": "Fuhlsbüttel", "jahr": "2013", "sm_statusindex_score": 3.15, "sm_dynamikindex_score": 0.152, "sm_anteil_niedrig_proz": 0.0, "sm_bev_niedrig": 0, "sm_bev_gesamt": 12135, "sm_gebiete_anz": 7, "sm_gebiete_niedrig_anz": 0}}, {"type": "Feature", "geometry": null, "properties": {"stadtteil": "Fuhlsbüttel", "jahr": "2014", "sm_statusindex_score": 3.0, "sm_dynamikindex_score": 0.153, "sm_anteil_niedrig_proz": 0.0, "sm_bev_niedrig": 0, "sm_bev_gesamt": 12130, "sm_gebiete_anz": 7, "sm_gebiete_niedrig_anz": 0}}, {"type": "Feature", "geometry": null, "properties": {"stadtteil": "Fuhlsbüttel", "jahr": "2015", "sm_statusindex_score": 3.153, "sm_dynamikindex_score": 0.0, "sm_anteil_niedrig_proz": 0.0, "sm_bev_niedrig": 0, "sm_bev_gesamt": 12203, "sm_gebiete_anz": 7, "sm_gebiete_niedrig_anz": 0}}, {"type": "Feature", "geometry": null, "properties": {"stadtteil": "Fuhlsbüttel", "jahr": "2016", "sm_statusindex_score": 3.149, "sm_dynamikindex_score": 0.0, "sm_anteil_niedrig_proz": 0.0, "sm_bev_niedrig": 0, "sm_bev_gesamt": 12571, "sm_gebiete_anz": 7, "sm_gebiete_niedrig_anz": 0}}, {"type": "Feature", "geometry": null, "properties": {"stadtteil": "Fuhlsbüttel", "jahr": "2017", "sm_statusindex_score": 3.15, "sm_dynamikindex_score": -0.219, "sm_anteil_niedrig_proz": 0.0, "sm_bev_niedrig": 0, "sm_bev_gesamt": 12589, "sm_gebiete_anz": 7, "sm_gebiete_niedrig_anz": 0}}, {"type": "Feature", "geometry": null, "properties": {"stadtteil": "Fuhlsbüttel", "jahr": "2018", "sm_statusindex_score": 3.23, "sm_dynamikindex_score": -0.219, "sm_anteil_niedrig_proz": 0.0, "sm_bev_niedrig": 0, "sm_bev_gesamt": 12700, "sm_gebiete_anz": 7, "sm_gebiete_niedrig_anz": 0}}, {"type": "Feature", "geometry": null, "properties": {"stadtteil": "Fuhlsbüttel", "jahr": "2019", "sm_statusindex_score": 3.141, "sm_dynamikindex_score": -0.117, "sm_anteil_niedrig_proz": 0.0, "sm_bev_niedrig": 0, "sm_bev_gesamt": 13383, "sm_gebiete_anz": 7, "sm_gebiete_niedrig_anz": 0}}, {"type": "Feature", "geometry": null, "properties": {"stadtteil": "Fuhlsbüttel", "jahr": "2020", "sm_statusindex_score": 3.025, "sm_dynamikindex_score": -0.273, "sm_anteil_niedrig_proz": 11.7, "sm_bev_niedrig": 1567, "sm_bev_gesamt": 13440, "sm_gebiete_anz": 7, "sm_gebiete_niedrig_anz": 1}}, {"type": "Feature", "geometry": null, "properties": {"stadtteil": "Fuhlsbüttel", "jahr": "2021", "sm_statusindex_score": 3.028, "sm_dynamikindex_score": -0.272, "sm_anteil_niedrig_proz": 11.5, "sm_bev_niedrig": 1532, "sm_bev_gesamt": 13344, "sm_gebiete_anz": 7, "sm_gebiete_niedrig_anz": 1}}, {"type": "Feature", "geometry": null, "properties": {"stadtteil": "Fuhlsbüttel", "jahr": "2022", "sm_statusindex_score": 2.917, "sm_dynamikindex_score": -0.113, "sm_anteil_niedrig_proz": 11.3, "sm_bev_niedrig": 1526, "sm_bev_gesamt": 13514, "sm_gebiete_anz": 7, "sm_gebiete_niedrig_anz": 1}}, {"type": "Feature", "geometry": null, "properties": {"stadtteil": "Fuhlsbüttel", "jahr": "2023", "sm_statusindex_score": 3.032, "sm_dynamikindex_score": 0.0, "sm_anteil_niedrig_proz": 11.4, "sm_bev_niedrig": 1544, "sm_bev_gesamt": 13587, "sm_gebiete_anz": 7, "sm_gebiete_niedrig_anz": 1}}, {"type": "Feature", "geometry": null, "properties": {"stadtteil": "Fuhlsbüttel", "jahr": "2024", "sm_statusindex_score": 3.023, "sm_dynamikindex_score": -0.155, "sm_anteil_niedrig_proz": 11.8, "sm_bev_niedrig": 1622, "sm_bev_gesamt": 13798, "sm_gebiete_anz": 7, "sm_gebiete_niedrig_anz": 1}}, {"type": "Feature", "geometry": null, "properties": {"stadtteil": "Fuhlsbüttel", "jahr": "2025", "sm_statusindex_score": 3.011, "sm_dynamikindex_score": -0.028, "sm_anteil_niedrig_proz": 12.6, "sm_bev_niedrig": 1766, "sm_bev_gesamt": 13984, "sm_gebiete_anz": 7, "sm_gebiete_niedrig_anz": 1}}, {"type": "Feature", "geometry": null, "properties": {"stadtteil": "Groß Borstel", "jahr": "2013", "sm_statusindex_score": 3.0, "sm_dynamikindex_score": 0.253, "sm_anteil_niedrig_proz": 0.0, "sm_bev_niedrig": 0, "sm_bev_gesamt": 7540, "sm_gebiete_anz": 5, "sm_gebiete_niedrig_anz": 0}}, {"type": "Feature", "geometry": null, "properties": {"stadtteil": "Groß Borstel", "jahr": "2014", "sm_statusindex_score": 3.189, "sm_dynamikindex_score": 0.198, "sm_anteil_niedrig_proz": 4.4, "sm_bev_niedrig": 347, "sm_bev_gesamt": 7940, "sm_gebiete_anz": 6, "sm_gebiete_niedrig_anz": 1}}, {"type": "Feature", "geometry": null, "properties": {"stadtteil": "Groß Borstel", "jahr": "2015", "sm_statusindex_score": 2.913, "sm_dynamikindex_score": 0.239, "sm_anteil_niedrig_proz": 4.3, "sm_bev_niedrig": 342, "sm_bev_gesamt": 7882, "sm_gebiete_anz": 6, "sm_gebiete_niedrig_anz": 1}}, {"type": "Feature", "geometry": null, "properties": {"stadtteil": "Groß Borstel", "jahr": "2016", "sm_statusindex_score": 2.962, "sm_dynamikindex_score": -0.004, "sm_anteil_niedrig_proz": 3.8, "sm_bev_niedrig": 329, "sm_bev_gesamt": 8769, "sm_gebiete_anz": 7, "sm_gebiete_niedrig_anz": 1}}, {"type": "Feature", "geometry": null, "properties": {"stadtteil": "Groß Borstel", "jahr": "2017", "sm_statusindex_score": 2.921, "sm_dynamikindex_score": -0.047, "sm_anteil_niedrig_proz": 3.9, "sm_bev_niedrig": 327, "sm_bev_gesamt": 8311, "sm_gebiete_anz": 6, "sm_gebiete_niedrig_anz": 1}}, {"type": "Feature", "geometry": null, "properties": {"stadtteil": "Groß Borstel", "jahr": "2018", "sm_statusindex_score": 2.924, "sm_dynamikindex_score": 0.01, "sm_anteil_niedrig_proz": 3.8, "sm_bev_niedrig": 322, "sm_bev_gesamt": 8499, "sm_gebiete_anz": 7, "sm_gebiete_niedrig_anz": 1}}, {"type": "Feature", "geometry": null, "properties": {"stadtteil": "Groß Borstel", "jahr": "2019", "sm_statusindex_score": 2.915, "sm_dynamikindex_score": -0.054, "sm_anteil_niedrig_proz": 4.2, "sm_bev_niedrig": 370, "sm_bev_gesamt": 8734, "sm_gebiete_anz": 7, "sm_gebiete_niedrig_anz": 1}}, {"type": "Feature", "geometry": null, "properties": {"stadtteil": "Groß Borstel", "jahr": "2020", "sm_statusindex_score": 2.87, "sm_dynamikindex_score": -0.015, "sm_anteil_niedrig_proz": 6.5, "sm_bev_niedrig": 602, "sm_bev_gesamt": 9284, "sm_gebiete_anz": 7, "sm_gebiete_niedrig_anz": 1}}, {"type": "Feature", "geometry": null, "properties": {"stadtteil": "Groß Borstel", "jahr": "2021", "sm_statusindex_score": 2.887, "sm_dynamikindex_score": -0.058, "sm_anteil_niedrig_proz": 5.7, "sm_bev_niedrig": 547, "sm_bev_gesamt": 9642, "sm_gebiete_anz": 7, "sm_gebiete_niedrig_anz": 1}}, {"type": "Feature", "geometry": null, "properties": {"stadtteil": "Groß Borstel", "jahr": "2022", "sm_statusindex_score": 2.886, "sm_dynamikindex_score": 0.33, "sm_anteil_niedrig_proz": 5.7, "sm_bev_niedrig": 583, "sm_bev_gesamt": 10224, "sm_gebiete_anz": 7, "sm_gebiete_niedrig_anz": 1}}, {"type": "Feature", "geometry": null, "properties": {"stadtteil": "Groß Borstel", "jahr": "2023", "sm_statusindex_score": 2.895, "sm_dynamikindex_score": -0.052, "sm_anteil_niedrig_proz": 5.2, "sm_bev_niedrig": 566, "sm_bev_gesamt": 10812, "sm_gebiete_anz": 7, "sm_gebiete_niedrig_anz": 1}}, {"type": "Feature", "geometry": null, "properties": {"stadtteil": "Groß Borstel", "jahr": "2024", "sm_statusindex_score": 2.896, "sm_dynamikindex_score": -0.058, "sm_anteil_niedrig_proz": 5.2, "sm_bev_niedrig": 569, "sm_bev_gesamt": 10943, "sm_gebiete_anz": 7, "sm_gebiete_niedrig_anz": 1}}, {"type": "Feature", "geometry": null, "properties": {"stadtteil": "Groß Borstel", "jahr": "2025", "sm_statusindex_score": 2.9, "sm_dynamikindex_score": -0.055, "sm_anteil_niedrig_proz": 5.0, "sm_bev_niedrig": 546, "sm_bev_gesamt": 10939, "sm_gebiete_anz": 7, "sm_gebiete_niedrig_anz": 1}}, {"type": "Feature", "geometry": null, "properties": {"stadtteil": "Groß Flottbek", "jahr": "2013", "sm_statusindex_score": 4.0, "sm_dynamikindex_score": 0.0, "sm_anteil_niedrig_proz": 0.0, "sm_bev_niedrig": 0, "sm_bev_gesamt": 10672, "sm_gebiete_anz": 5, "sm_gebiete_niedrig_anz": 0}}, {"type": "Feature", "geometry": null, "properties": {"stadtteil": "Groß Flottbek", "jahr": "2014", "sm_statusindex_score": 4.0, "sm_dynamikindex_score": 0.0, "sm_anteil_niedrig_proz": 0.0, "sm_bev_niedrig": 0, "sm_bev_gesamt": 10792, "sm_gebiete_anz": 5, "sm_gebiete_niedrig_anz": 0}}, {"type": "Feature", "geometry": null, "properties": {"stadtteil": "Groß Flottbek", "jahr": "2015", "sm_statusindex_score": 4.0, "sm_dynamikindex_score": 0.0, "sm_anteil_niedrig_proz": 0.0, "sm_bev_niedrig": 0, "sm_bev_gesamt": 10904, "sm_gebiete_anz": 5, "sm_gebiete_niedrig_anz": 0}}, {"type": "Feature", "geometry": null, "properties": {"stadtteil": "Groß Flottbek", "jahr": "2016", "sm_statusindex_score": 4.0, "sm_dynamikindex_score": 0.0, "sm_anteil_niedrig_proz": 0.0, "sm_bev_niedrig": 0, "sm_bev_gesamt": 10913, "sm_gebiete_anz": 5, "sm_gebiete_niedrig_anz": 0}}, {"type": "Feature", "geometry": null, "properties": {"stadtteil": "Groß Flottbek", "jahr": "2017", "sm_statusindex_score": 4.0, "sm_dynamikindex_score": 0.0, "sm_anteil_niedrig_proz": 0.0, "sm_bev_niedrig": 0, "sm_bev_gesamt": 10955, "sm_gebiete_anz": 5, "sm_gebiete_niedrig_anz": 0}}, {"type": "Feature", "geometry": null, "properties": {"stadtteil": "Groß Flottbek", "jahr": "2018", "sm_statusindex_score": 4.0, "sm_dynamikindex_score": 0.0, "sm_anteil_niedrig_proz": 0.0, "sm_bev_niedrig": 0, "sm_bev_gesamt": 11034, "sm_gebiete_anz": 5, "sm_gebiete_niedrig_anz": 0}}, {"type": "Feature", "geometry": null, "properties": {"stadtteil": "Groß Flottbek", "jahr": "2019", "sm_statusindex_score": 4.0, "sm_dynamikindex_score": 0.0, "sm_anteil_niedrig_proz": 0.0, "sm_bev_niedrig": 0, "sm_bev_gesamt": 11086, "sm_gebiete_anz": 5, "sm_gebiete_niedrig_anz": 0}}, {"type": "Feature", "geometry": null, "properties": {"stadtteil": "Groß Flottbek", "jahr": "2020", "sm_statusindex_score": 4.0, "sm_dynamikindex_score": 0.0, "sm_anteil_niedrig_proz": 0.0, "sm_bev_niedrig": 0, "sm_bev_gesamt": 11111, "sm_gebiete_anz": 5, "sm_gebiete_niedrig_anz": 0}}, {"type": "Feature", "geometry": null, "properties": {"stadtteil": "Groß Flottbek", "jahr": "2021", "sm_statusindex_score": 4.0, "sm_dynamikindex_score": 0.0, "sm_anteil_niedrig_proz": 0.0, "sm_bev_niedrig": 0, "sm_bev_gesamt": 11076, "sm_gebiete_anz": 5, "sm_gebiete_niedrig_anz": 0}}, {"type": "Feature", "geometry": null, "properties": {"stadtteil": "Groß Flottbek", "jahr": "2022", "sm_statusindex_score": 4.0, "sm_dynamikindex_score": 0.0, "sm_anteil_niedrig_proz": 0.0, "sm_bev_niedrig": 0, "sm_bev_gesamt": 11079, "sm_gebiete_anz": 5, "sm_gebiete_niedrig_anz": 0}}, {"type": "Feature", "geometry": null, "properties": {"stadtteil": "Groß Flottbek", "jahr": "2023", "sm_statusindex_score": 4.0, "sm_dynamikindex_score": 0.0, "sm_anteil_niedrig_proz": 0.0, "sm_bev_niedrig": 0, "sm_bev_gesamt": 11152, "sm_gebiete_anz": 5, "sm_gebiete_niedrig_anz": 0}}, {"type": "Feature", "geometry": null, "properties": {"stadtteil": "Groß Flottbek", "jahr": "2024", "sm_statusindex_score": 4.0, "sm_dynamikindex_score": 0.0, "sm_anteil_niedrig_proz": 0.0, "sm_bev_niedrig": 0, "sm_bev_gesamt": 11265, "sm_gebiete_anz": 5, "sm_gebiete_niedrig_anz": 0}}, {"type": "Feature", "geometry": null, "properties": {"stadtteil": "Groß Flottbek", "jahr": "2025", "sm_statusindex_score": 4.0, "sm_dynamikindex_score": 0.0, "sm_anteil_niedrig_proz": 0.0, "sm_bev_niedrig": 0, "sm_bev_gesamt": 11319, "sm_gebiete_anz": 5, "sm_gebiete_niedrig_anz": 0}}, {"type": "Feature", "geometry": null, "properties": {"stadtteil": "HafenCity", "jahr": "2013", "sm_statusindex_score": 3.0, "sm_dynamikindex_score": 0.0, "sm_anteil_niedrig_proz": 0.0, "sm_bev_niedrig": 0, "sm_bev_gesamt": 1713, "sm_gebiete_anz": 1, "sm_gebiete_niedrig_anz": 0}}, {"type": "Feature", "geometry": null, "properties": {"stadtteil": "HafenCity", "jahr": "2014", "sm_statusindex_score": 3.0, "sm_dynamikindex_score": 0.0, "sm_anteil_niedrig_proz": 0.0, "sm_bev_niedrig": 0, "sm_bev_gesamt": 1778, "sm_gebiete_anz": 1, "sm_gebiete_niedrig_anz": 0}}, {"type": "Feature", "geometry": null, "properties": {"stadtteil": "HafenCity", "jahr": "2015", "sm_statusindex_score": 4.0, "sm_dynamikindex_score": 0.0, "sm_anteil_niedrig_proz": 0.0, "sm_bev_niedrig": 0, "sm_bev_gesamt": 1891, "sm_gebiete_anz": 1, "sm_gebiete_niedrig_anz": 0}}, {"type": "Feature", "geometry": null, "properties": {"stadtteil": "HafenCity", "jahr": "2016", "sm_statusindex_score": 3.0, "sm_dynamikindex_score": -0.167, "sm_anteil_niedrig_proz": 0.0, "sm_bev_niedrig": 0, "sm_bev_gesamt": 2319, "sm_gebiete_anz": 2, "sm_gebiete_niedrig_anz": 0}}, {"type": "Feature", "geometry": null, "properties": {"stadtteil": "HafenCity", "jahr": "2017", "sm_statusindex_score": 3.0, "sm_dynamikindex_score": -0.393, "sm_anteil_niedrig_proz": 0.0, "sm_bev_niedrig": 0, "sm_bev_gesamt": 3275, "sm_gebiete_anz": 2, "sm_gebiete_niedrig_anz": 0}}, {"type": "Feature", "geometry": null, "properties": {"stadtteil": "HafenCity", "jahr": "2018", "sm_statusindex_score": 2.587, "sm_dynamikindex_score": -0.413, "sm_anteil_niedrig_proz": 41.3, "sm_bev_niedrig": 1497, "sm_bev_gesamt": 3627, "sm_gebiete_anz": 2, "sm_gebiete_niedrig_anz": 1}}, {"type": "Feature", "geometry": null, "properties": {"stadtteil": "HafenCity", "jahr": "2019", "sm_statusindex_score": 3.0, "sm_dynamikindex_score": -0.477, "sm_anteil_niedrig_proz": 0.0, "sm_bev_niedrig": 0, "sm_bev_gesamt": 4592, "sm_gebiete_anz": 2, "sm_gebiete_niedrig_anz": 0}}, {"type": "Feature", "geometry": null, "properties": {"stadtteil": "HafenCity", "jahr": "2020", "sm_statusindex_score": 3.0, "sm_dynamikindex_score": 0.0, "sm_anteil_niedrig_proz": 0.0, "sm_bev_niedrig": 0, "sm_bev_gesamt": 4925, "sm_gebiete_anz": 2, "sm_gebiete_niedrig_anz": 0}}, {"type": "Feature", "geometry": null, "properties": {"stadtteil": "HafenCity", "jahr": "2021", "sm_statusindex_score": 3.0, "sm_dynamikindex_score": 0.511, "sm_anteil_niedrig_proz": 0.0, "sm_bev_niedrig": 0, "sm_bev_gesamt": 5803, "sm_gebiete_anz": 2, "sm_gebiete_niedrig_anz": 0}}, {"type": "Feature", "geometry": null, "properties": {"stadtteil": "HafenCity", "jahr": "2022", "sm_statusindex_score": 3.0, "sm_dynamikindex_score": 0.546, "sm_anteil_niedrig_proz": 0.0, "sm_bev_niedrig": 0, "sm_bev_gesamt": 6302, "sm_gebiete_anz": 2, "sm_gebiete_niedrig_anz": 0}}, {"type": "Feature", "geometry": null, "properties": {"stadtteil": "HafenCity", "jahr": "2023", "sm_statusindex_score": 3.0, "sm_dynamikindex_score": 0.588, "sm_anteil_niedrig_proz": 0.0, "sm_bev_niedrig": 0, "sm_bev_gesamt": 6950, "sm_gebiete_anz": 2, "sm_gebiete_niedrig_anz": 0}}, {"type": "Feature", "geometry": null, "properties": {"stadtteil": "HafenCity", "jahr": "2024", "sm_statusindex_score": 3.0, "sm_dynamikindex_score": 0.607, "sm_anteil_niedrig_proz": 0.0, "sm_bev_niedrig": 0, "sm_bev_gesamt": 7362, "sm_gebiete_anz": 2, "sm_gebiete_niedrig_anz": 0}}, {"type": "Feature", "geometry": null, "properties": {"stadtteil": "HafenCity", "jahr": "2025", "sm_statusindex_score": 3.392, "sm_dynamikindex_score": 0.0, "sm_anteil_niedrig_proz": 0.0, "sm_bev_niedrig": 0, "sm_bev_gesamt": 8062, "sm_gebiete_anz": 2, "sm_gebiete_niedrig_anz": 0}}, {"type": "Feature", "geometry": null, "properties": {"stadtteil": "Hamburg-Altstadt", "jahr": "2013", "sm_statusindex_score": 1.325, "sm_dynamikindex_score": -0.325, "sm_anteil_niedrig_proz": 100.0, "sm_bev_niedrig": 1064, "sm_bev_gesamt": 1064, "sm_gebiete_anz": 2, "sm_gebiete_niedrig_anz": 2}}, {"type": "Feature", "geometry": null, "properties": {"stadtteil": "Hamburg-Altstadt", "jahr": "2014", "sm_statusindex_score": 1.616, "sm_dynamikindex_score": 0.308, "sm_anteil_niedrig_proz": 69.2, "sm_bev_niedrig": 730, "sm_bev_gesamt": 1055, "sm_gebiete_anz": 2, "sm_gebiete_niedrig_anz": 1}}, {"type": "Feature", "geometry": null, "properties": {"stadtteil": "Hamburg-Altstadt", "jahr": "2015", "sm_statusindex_score": 2.286, "sm_dynamikindex_score": 0.286, "sm_anteil_niedrig_proz": 71.4, "sm_bev_niedrig": 817, "sm_bev_gesamt": 1145, "sm_gebiete_anz": 2, "sm_gebiete_niedrig_anz": 1}}, {"type": "Feature", "geometry": null, "properties": {"stadtteil": "Hamburg-Altstadt", "jahr": "2016", "sm_statusindex_score": 2.266, "sm_dynamikindex_score": 1.0, "sm_anteil_niedrig_proz": 73.4, "sm_bev_niedrig": 914, "sm_bev_gesamt": 1245, "sm_gebiete_anz": 2, "sm_gebiete_niedrig_anz": 1}}, {"type": "Feature", "geometry": null, "properties": {"stadtteil": "Hamburg-Altstadt", "jahr": "2017", "sm_statusindex_score": 3.0, "sm_dynamikindex_score": 0.79, "sm_anteil_niedrig_proz": 0.0, "sm_bev_niedrig": 0, "sm_bev_gesamt": 1636, "sm_gebiete_anz": 2, "sm_gebiete_niedrig_anz": 0}}, {"type": "Feature", "geometry": null, "properties": {"stadtteil": "Hamburg-Altstadt", "jahr": "2018", "sm_statusindex_score": 3.0, "sm_dynamikindex_score": 0.796, "sm_anteil_niedrig_proz": 0.0, "sm_bev_niedrig": 0, "sm_bev_gesamt": 1685, "sm_gebiete_anz": 2, "sm_gebiete_niedrig_anz": 0}}, {"type": "Feature", "geometry": null, "properties": {"stadtteil": "Hamburg-Altstadt", "jahr": "2019", "sm_statusindex_score": 3.0, "sm_dynamikindex_score": 0.796, "sm_anteil_niedrig_proz": 0.0, "sm_bev_niedrig": 0, "sm_bev_gesamt": 1639, "sm_gebiete_anz": 2, "sm_gebiete_niedrig_anz": 0}}, {"type": "Feature", "geometry": null, "properties": {"stadtteil": "Hamburg-Altstadt", "jahr": "2020", "sm_statusindex_score": 3.0, "sm_dynamikindex_score": -0.009, "sm_anteil_niedrig_proz": 0.0, "sm_bev_niedrig": 0, "sm_bev_gesamt": 1989, "sm_gebiete_anz": 3, "sm_gebiete_niedrig_anz": 0}}, {"type": "Feature", "geometry": null, "properties": {"stadtteil": "Hamburg-Altstadt", "jahr": "2021", "sm_statusindex_score": 3.0, "sm_dynamikindex_score": 0.167, "sm_anteil_niedrig_proz": 0.0, "sm_bev_niedrig": 0, "sm_bev_gesamt": 1972, "sm_gebiete_anz": 3, "sm_gebiete_niedrig_anz": 0}}, {"type": "Feature", "geometry": null, "properties": {"stadtteil": "Hamburg-Altstadt", "jahr": "2022", "sm_statusindex_score": 3.0, "sm_dynamikindex_score": 0.332, "sm_anteil_niedrig_proz": 0.0, "sm_bev_niedrig": 0, "sm_bev_gesamt": 1989, "sm_gebiete_anz": 3, "sm_gebiete_niedrig_anz": 0}}, {"type": "Feature", "geometry": null, "properties": {"stadtteil": "Hamburg-Altstadt", "jahr": "2023", "sm_statusindex_score": 2.4, "sm_dynamikindex_score": -0.3, "sm_anteil_niedrig_proz": 30.0, "sm_bev_niedrig": 869, "sm_bev_gesamt": 2896, "sm_gebiete_anz": 4, "sm_gebiete_niedrig_anz": 1}}, {"type": "Feature", "geometry": null, "properties": {"stadtteil": "Hamburg-Altstadt", "jahr": "2024", "sm_statusindex_score": 3.0, "sm_dynamikindex_score": -0.171, "sm_anteil_niedrig_proz": 0.0, "sm_bev_niedrig": 0, "sm_bev_gesamt": 2005, "sm_gebiete_anz": 3, "sm_gebiete_niedrig_anz": 0}}, {"type": "Feature", "geometry": null, "properties": {"stadtteil": "Hamburg-Altstadt", "jahr": "2025", "sm_statusindex_score": 3.0, "sm_dynamikindex_score": -0.225, "sm_anteil_niedrig_proz": 0.0, "sm_bev_niedrig": 0, "sm_bev_gesamt": 2156, "sm_gebiete_anz": 3, "sm_gebiete_niedrig_anz": 0}}, {"type": "Feature", "geometry": null, "properties": {"stadtteil": "Hamm", "jahr": "2013", "sm_statusindex_score": 2.715, "sm_dynamikindex_score": -0.11, "sm_anteil_niedrig_proz": 28.5, "sm_bev_niedrig": 10689, "sm_bev_gesamt": 37463, "sm_gebiete_anz": 14, "sm_gebiete_niedrig_anz": 4}}, {"type": "Feature", "geometry": null, "properties": {"stadtteil": "Hamm", "jahr": "2014", "sm_statusindex_score": 2.6, "sm_dynamikindex_score": -0.169, "sm_anteil_niedrig_proz": 40.0, "sm_bev_niedrig": 14894, "sm_bev_gesamt": 37226, "sm_gebiete_anz": 14, "sm_gebiete_niedrig_anz": 6}}, {"type": "Feature", "geometry": null, "properties": {"stadtteil": "Hamm", "jahr": "2015", "sm_statusindex_score": 2.786, "sm_dynamikindex_score": 0.108, "sm_anteil_niedrig_proz": 21.4, "sm_bev_niedrig": 8080, "sm_bev_gesamt": 37814, "sm_gebiete_anz": 15, "sm_gebiete_niedrig_anz": 3}}, {"type": "Feature", "geometry": null, "properties": {"stadtteil": "Hamm", "jahr": "2016", "sm_statusindex_score": 2.685, "sm_dynamikindex_score": -0.022, "sm_anteil_niedrig_proz": 26.5, "sm_bev_niedrig": 10219, "sm_bev_gesamt": 38513, "sm_gebiete_anz": 16, "sm_gebiete_niedrig_anz": 4}}, {"type": "Feature", "geometry": null, "properties": {"stadtteil": "Hamm", "jahr": "2017", "sm_statusindex_score": 2.676, "sm_dynamikindex_score": 0.0, "sm_anteil_niedrig_proz": 27.5, "sm_bev_niedrig": 10403, "sm_bev_gesamt": 37848, "sm_gebiete_anz": 15, "sm_gebiete_niedrig_anz": 4}}, {"type": "Feature", "geometry": null, "properties": {"stadtteil": "Hamm", "jahr": "2018", "sm_statusindex_score": 2.664, "sm_dynamikindex_score": -0.008, "sm_anteil_niedrig_proz": 33.7, "sm_bev_niedrig": 13042, "sm_bev_gesamt": 38714, "sm_gebiete_anz": 16, "sm_gebiete_niedrig_anz": 6}}, {"type": "Feature", "geometry": null, "properties": {"stadtteil": "Hamm", "jahr": "2019", "sm_statusindex_score": 2.737, "sm_dynamikindex_score": 0.059, "sm_anteil_niedrig_proz": 27.1, "sm_bev_niedrig": 10446, "sm_bev_gesamt": 38507, "sm_gebiete_anz": 15, "sm_gebiete_niedrig_anz": 4}}, {"type": "Feature", "geometry": null, "properties": {"stadtteil": "Hamm", "jahr": "2020", "sm_statusindex_score": 2.838, "sm_dynamikindex_score": 0.1, "sm_anteil_niedrig_proz": 17.0, "sm_bev_niedrig": 6477, "sm_bev_gesamt": 38065, "sm_gebiete_anz": 15, "sm_gebiete_niedrig_anz": 3}}, {"type": "Feature", "geometry": null, "properties": {"stadtteil": "Hamm", "jahr": "2021", "sm_statusindex_score": 2.904, "sm_dynamikindex_score": 0.167, "sm_anteil_niedrig_proz": 10.4, "sm_bev_niedrig": 3916, "sm_bev_gesamt": 37764, "sm_gebiete_anz": 15, "sm_gebiete_niedrig_anz": 2}}, {"type": "Feature", "geometry": null, "properties": {"stadtteil": "Hamm", "jahr": "2022", "sm_statusindex_score": 2.851, "sm_dynamikindex_score": 0.007, "sm_anteil_niedrig_proz": 15.7, "sm_bev_niedrig": 5948, "sm_bev_gesamt": 37798, "sm_gebiete_anz": 15, "sm_gebiete_niedrig_anz": 3}}, {"type": "Feature", "geometry": null, "properties": {"stadtteil": "Hamm", "jahr": "2023", "sm_statusindex_score": 2.765, "sm_dynamikindex_score": -0.06, "sm_anteil_niedrig_proz": 23.5, "sm_bev_niedrig": 8980, "sm_bev_gesamt": 38140, "sm_gebiete_anz": 14, "sm_gebiete_niedrig_anz": 4}}, {"type": "Feature", "geometry": null, "properties": {"stadtteil": "Hamm", "jahr": "2024", "sm_statusindex_score": 2.803, "sm_dynamikindex_score": 0.0, "sm_anteil_niedrig_proz": 18.9, "sm_bev_niedrig": 7281, "sm_bev_gesamt": 38574, "sm_gebiete_anz": 15, "sm_gebiete_niedrig_anz": 4}}, {"type": "Feature", "geometry": null, "properties": {"stadtteil": "Hamm", "jahr": "2025", "sm_statusindex_score": 2.757, "sm_dynamikindex_score": -0.074, "sm_anteil_niedrig_proz": 18.3, "sm_bev_niedrig": 7024, "sm_bev_gesamt": 38421, "sm_gebiete_anz": 14, "sm_gebiete_niedrig_anz": 3}}, {"type": "Feature", "geometry": null, "properties": {"stadtteil": "Hammerbrook", "jahr": "2013", "sm_statusindex_score": 2.0, "sm_dynamikindex_score": 1.0, "sm_anteil_niedrig_proz": 100.0, "sm_bev_niedrig": 1405, "sm_bev_gesamt": 1405, "sm_gebiete_anz": 1, "sm_gebiete_niedrig_anz": 1}}, {"type": "Feature", "geometry": null, "properties": {"stadtteil": "Hammerbrook", "jahr": "2014", "sm_statusindex_score": 1.0, "sm_dynamikindex_score": -0.195, "sm_anteil_niedrig_proz": 100.0, "sm_bev_niedrig": 1676, "sm_bev_gesamt": 1676, "sm_gebiete_anz": 2, "sm_gebiete_niedrig_anz": 2}}, {"type": "Feature", "geometry": null, "properties": {"stadtteil": "Hammerbrook", "jahr": "2015", "sm_statusindex_score": 1.356, "sm_dynamikindex_score": -0.822, "sm_anteil_niedrig_proz": 82.2, "sm_bev_niedrig": 1461, "sm_bev_gesamt": 1777, "sm_gebiete_anz": 2, "sm_gebiete_niedrig_anz": 1}}, {"type": "Feature", "geometry": null, "properties": {"stadtteil": "Hammerbrook", "jahr": "2016", "sm_statusindex_score": 1.157, "sm_dynamikindex_score": -0.303, "sm_anteil_niedrig_proz": 100.0, "sm_bev_niedrig": 2167, "sm_bev_gesamt": 2167, "sm_gebiete_anz": 3, "sm_gebiete_niedrig_anz": 3}}, {"type": "Feature", "geometry": null, "properties": {"stadtteil": "Hammerbrook", "jahr": "2017", "sm_statusindex_score": 1.679, "sm_dynamikindex_score": 0.219, "sm_anteil_niedrig_proz": 91.7, "sm_bev_niedrig": 3468, "sm_bev_gesamt": 3781, "sm_gebiete_anz": 4, "sm_gebiete_niedrig_anz": 3}}, {"type": "Feature", "geometry": null, "properties": {"stadtteil": "Hammerbrook", "jahr": "2018", "sm_statusindex_score": 2.499, "sm_dynamikindex_score": 0.499, "sm_anteil_niedrig_proz": 29.5, "sm_bev_niedrig": 1111, "sm_bev_gesamt": 3763, "sm_gebiete_anz": 4, "sm_gebiete_niedrig_anz": 2}}, {"type": "Feature", "geometry": null, "properties": {"stadtteil": "Hammerbrook", "jahr": "2019", "sm_statusindex_score": 2.042, "sm_dynamikindex_score": 0.824, "sm_anteil_niedrig_proz": 78.2, "sm_bev_niedrig": 3252, "sm_bev_gesamt": 4157, "sm_gebiete_anz": 4, "sm_gebiete_niedrig_anz": 2}}, {"type": "Feature", "geometry": null, "properties": {"stadtteil": "Hammerbrook", "jahr": "2020", "sm_statusindex_score": 2.714, "sm_dynamikindex_score": 0.857, "sm_anteil_niedrig_proz": 14.3, "sm_bev_niedrig": 603, "sm_bev_gesamt": 4213, "sm_gebiete_anz": 3, "sm_gebiete_niedrig_anz": 1}}, {"type": "Feature", "geometry": null, "properties": {"stadtteil": "Hammerbrook", "jahr": "2021", "sm_statusindex_score": 2.74, "sm_dynamikindex_score": 0.271, "sm_anteil_niedrig_proz": 13.0, "sm_bev_niedrig": 600, "sm_bev_gesamt": 4618, "sm_gebiete_anz": 3, "sm_gebiete_niedrig_anz": 1}}, {"type": "Feature", "geometry": null, "properties": {"stadtteil": "Hammerbrook", "jahr": "2022", "sm_statusindex_score": 2.751, "sm_dynamikindex_score": 1.0, "sm_anteil_niedrig_proz": 12.5, "sm_bev_niedrig": 602, "sm_bev_gesamt": 4828, "sm_gebiete_anz": 3, "sm_gebiete_niedrig_anz": 1}}, {"type": "Feature", "geometry": null, "properties": {"stadtteil": "Hammerbrook", "jahr": "2023", "sm_statusindex_score": 2.644, "sm_dynamikindex_score": -0.178, "sm_anteil_niedrig_proz": 17.8, "sm_bev_niedrig": 1022, "sm_bev_gesamt": 5747, "sm_gebiete_anz": 4, "sm_gebiete_niedrig_anz": 2}}, {"type": "Feature", "geometry": null, "properties": {"stadtteil": "Hammerbrook", "jahr": "2024", "sm_statusindex_score": 2.497, "sm_dynamikindex_score": -0.154, "sm_anteil_niedrig_proz": 25.2, "sm_bev_niedrig": 1627, "sm_bev_gesamt": 6466, "sm_gebiete_anz": 4, "sm_gebiete_niedrig_anz": 2}}, {"type": "Feature", "geometry": null, "properties": {"stadtteil": "Hammerbrook", "jahr": "2025", "sm_statusindex_score": 2.464, "sm_dynamikindex_score": -0.149, "sm_anteil_niedrig_proz": 26.8, "sm_bev_niedrig": 1791, "sm_bev_gesamt": 6686, "sm_gebiete_anz": 4, "sm_gebiete_niedrig_anz": 2}}, {"type": "Feature", "geometry": null, "properties": {"stadtteil": "Harburg", "jahr": "2013", "sm_statusindex_score": 2.228, "sm_dynamikindex_score": 0.212, "sm_anteil_niedrig_proz": 46.8, "sm_bev_niedrig": 10348, "sm_bev_gesamt": 22105, "sm_gebiete_anz": 9, "sm_gebiete_niedrig_anz": 4}}, {"type": "Feature", "geometry": null, "properties": {"stadtteil": "Harburg", "jahr": "2014", "sm_statusindex_score": 2.235, "sm_dynamikindex_score": 0.084, "sm_anteil_niedrig_proz": 46.3, "sm_bev_niedrig": 10492, "sm_bev_gesamt": 22685, "sm_gebiete_anz": 10, "sm_gebiete_niedrig_anz": 4}}, {"type": "Feature", "geometry": null, "properties": {"stadtteil": "Harburg", "jahr": "2015", "sm_statusindex_score": 1.856, "sm_dynamikindex_score": -0.053, "sm_anteil_niedrig_proz": 68.3, "sm_bev_niedrig": 15672, "sm_bev_gesamt": 22946, "sm_gebiete_anz": 10, "sm_gebiete_niedrig_anz": 6}}, {"type": "Feature", "geometry": null, "properties": {"stadtteil": "Harburg", "jahr": "2016", "sm_statusindex_score": 2.089, "sm_dynamikindex_score": 0.053, "sm_anteil_niedrig_proz": 55.3, "sm_bev_niedrig": 13824, "sm_bev_gesamt": 24979, "sm_gebiete_anz": 10, "sm_gebiete_niedrig_anz": 5}}, {"type": "Feature", "geometry": null, "properties": {"stadtteil": "Harburg", "jahr": "2017", "sm_statusindex_score": 2.071, "sm_dynamikindex_score": -0.114, "sm_anteil_niedrig_proz": 59.4, "sm_bev_niedrig": 15501, "sm_bev_gesamt": 26098, "sm_gebiete_anz": 10, "sm_gebiete_niedrig_anz": 6}}, {"type": "Feature", "geometry": null, "properties": {"stadtteil": "Harburg", "jahr": "2018", "sm_statusindex_score": 2.142, "sm_dynamikindex_score": -0.102, "sm_anteil_niedrig_proz": 57.9, "sm_bev_niedrig": 14963, "sm_bev_gesamt": 25860, "sm_gebiete_anz": 10, "sm_gebiete_niedrig_anz": 6}}, {"type": "Feature", "geometry": null, "properties": {"stadtteil": "Harburg", "jahr": "2019", "sm_statusindex_score": 2.048, "sm_dynamikindex_score": -0.071, "sm_anteil_niedrig_proz": 56.9, "sm_bev_niedrig": 14746, "sm_bev_gesamt": 25912, "sm_gebiete_anz": 10, "sm_gebiete_niedrig_anz": 6}}, {"type": "Feature", "geometry": null, "properties": {"stadtteil": "Harburg", "jahr": "2020", "sm_statusindex_score": 2.209, "sm_dynamikindex_score": 0.094, "sm_anteil_niedrig_proz": 56.9, "sm_bev_niedrig": 14895, "sm_bev_gesamt": 26156, "sm_gebiete_anz": 10, "sm_gebiete_niedrig_anz": 6}}, {"type": "Feature", "geometry": null, "properties": {"stadtteil": "Harburg", "jahr": "2021", "sm_statusindex_score": 2.149, "sm_dynamikindex_score": 0.097, "sm_anteil_niedrig_proz": 53.6, "sm_bev_niedrig": 13930, "sm_bev_gesamt": 25979, "sm_gebiete_anz": 10, "sm_gebiete_niedrig_anz": 5}}, {"type": "Feature", "geometry": null, "properties": {"stadtteil": "Harburg", "jahr": "2022", "sm_statusindex_score": 2.142, "sm_dynamikindex_score": 0.098, "sm_anteil_niedrig_proz": 54.0, "sm_bev_niedrig": 14162, "sm_bev_gesamt": 26248, "sm_gebiete_anz": 10, "sm_gebiete_niedrig_anz": 5}}, {"type": "Feature", "geometry": null, "properties": {"stadtteil": "Harburg", "jahr": "2023", "sm_statusindex_score": 2.153, "sm_dynamikindex_score": -0.056, "sm_anteil_niedrig_proz": 58.0, "sm_bev_niedrig": 16219, "sm_bev_gesamt": 27957, "sm_gebiete_anz": 10, "sm_gebiete_niedrig_anz": 6}}, {"type": "Feature", "geometry": null, "properties": {"stadtteil": "Harburg", "jahr": "2024", "sm_statusindex_score": 2.142, "sm_dynamikindex_score": -0.064, "sm_anteil_niedrig_proz": 58.9, "sm_bev_niedrig": 17042, "sm_bev_gesamt": 28933, "sm_gebiete_anz": 10, "sm_gebiete_niedrig_anz": 6}}, {"type": "Feature", "geometry": null, "properties": {"stadtteil": "Harburg", "jahr": "2025", "sm_statusindex_score": 2.206, "sm_dynamikindex_score": -0.073, "sm_anteil_niedrig_proz": 59.3, "sm_bev_niedrig": 17349, "sm_bev_gesamt": 29237, "sm_gebiete_anz": 10, "sm_gebiete_niedrig_anz": 6}}, {"type": "Feature", "geometry": null, "properties": {"stadtteil": "Harvestehude", "jahr": "2013", "sm_statusindex_score": 3.537, "sm_dynamikindex_score": 0.0, "sm_anteil_niedrig_proz": 15.9, "sm_bev_niedrig": 2657, "sm_bev_gesamt": 16693, "sm_gebiete_anz": 8, "sm_gebiete_niedrig_anz": 1}}, {"type": "Feature", "geometry": null, "properties": {"stadtteil": "Harvestehude", "jahr": "2014", "sm_statusindex_score": 3.534, "sm_dynamikindex_score": 0.0, "sm_anteil_niedrig_proz": 15.7, "sm_bev_niedrig": 2649, "sm_bev_gesamt": 16861, "sm_gebiete_anz": 8, "sm_gebiete_niedrig_anz": 1}}, {"type": "Feature", "geometry": null, "properties": {"stadtteil": "Harvestehude", "jahr": "2015", "sm_statusindex_score": 3.563, "sm_dynamikindex_score": 0.158, "sm_anteil_niedrig_proz": 0.0, "sm_bev_niedrig": 0, "sm_bev_gesamt": 17136, "sm_gebiete_anz": 8, "sm_gebiete_niedrig_anz": 0}}, {"type": "Feature", "geometry": null, "properties": {"stadtteil": "Harvestehude", "jahr": "2016", "sm_statusindex_score": 3.68, "sm_dynamikindex_score": 0.0, "sm_anteil_niedrig_proz": 0.0, "sm_bev_niedrig": 0, "sm_bev_gesamt": 17464, "sm_gebiete_anz": 8, "sm_gebiete_niedrig_anz": 0}}, {"type": "Feature", "geometry": null, "properties": {"stadtteil": "Harvestehude", "jahr": "2017", "sm_statusindex_score": 3.476, "sm_dynamikindex_score": -0.087, "sm_anteil_niedrig_proz": 0.0, "sm_bev_niedrig": 0, "sm_bev_gesamt": 17811, "sm_gebiete_anz": 8, "sm_gebiete_niedrig_anz": 0}}, {"type": "Feature", "geometry": null, "properties": {"stadtteil": "Harvestehude", "jahr": "2018", "sm_statusindex_score": 3.473, "sm_dynamikindex_score": -0.088, "sm_anteil_niedrig_proz": 0.0, "sm_bev_niedrig": 0, "sm_bev_gesamt": 17939, "sm_gebiete_anz": 8, "sm_gebiete_niedrig_anz": 0}}, {"type": "Feature", "geometry": null, "properties": {"stadtteil": "Harvestehude", "jahr": "2019", "sm_statusindex_score": 3.593, "sm_dynamikindex_score": 0.0, "sm_anteil_niedrig_proz": 0.0, "sm_bev_niedrig": 0, "sm_bev_gesamt": 17934, "sm_gebiete_anz": 8, "sm_gebiete_niedrig_anz": 0}}, {"type": "Feature", "geometry": null, "properties": {"stadtteil": "Harvestehude", "jahr": "2020", "sm_statusindex_score": 3.586, "sm_dynamikindex_score": 0.0, "sm_anteil_niedrig_proz": 0.0, "sm_bev_niedrig": 0, "sm_bev_gesamt": 17867, "sm_gebiete_anz": 8, "sm_gebiete_niedrig_anz": 0}}, {"type": "Feature", "geometry": null, "properties": {"stadtteil": "Harvestehude", "jahr": "2021", "sm_statusindex_score": 3.589, "sm_dynamikindex_score": -0.163, "sm_anteil_niedrig_proz": 0.0, "sm_bev_niedrig": 0, "sm_bev_gesamt": 17659, "sm_gebiete_anz": 8, "sm_gebiete_niedrig_anz": 0}}, {"type": "Feature", "geometry": null, "properties": {"stadtteil": "Harvestehude", "jahr": "2022", "sm_statusindex_score": 3.584, "sm_dynamikindex_score": -0.167, "sm_anteil_niedrig_proz": 0.0, "sm_bev_niedrig": 0, "sm_bev_gesamt": 17699, "sm_gebiete_anz": 8, "sm_gebiete_niedrig_anz": 0}}, {"type": "Feature", "geometry": null, "properties": {"stadtteil": "Harvestehude", "jahr": "2023", "sm_statusindex_score": 3.585, "sm_dynamikindex_score": 0.0, "sm_anteil_niedrig_proz": 0.0, "sm_bev_niedrig": 0, "sm_bev_gesamt": 17983, "sm_gebiete_anz": 8, "sm_gebiete_niedrig_anz": 0}}, {"type": "Feature", "geometry": null, "properties": {"stadtteil": "Harvestehude", "jahr": "2024", "sm_statusindex_score": 3.583, "sm_dynamikindex_score": 0.0, "sm_anteil_niedrig_proz": 0.0, "sm_bev_niedrig": 0, "sm_bev_gesamt": 17871, "sm_gebiete_anz": 8, "sm_gebiete_niedrig_anz": 0}}, {"type": "Feature", "geometry": null, "properties": {"stadtteil": "Harvestehude", "jahr": "2025", "sm_statusindex_score": 3.581, "sm_dynamikindex_score": 0.0, "sm_anteil_niedrig_proz": 0.0, "sm_bev_niedrig": 0, "sm_bev_gesamt": 17951, "sm_gebiete_anz": 8, "sm_gebiete_niedrig_anz": 0}}, {"type": "Feature", "geometry": null, "properties": {"stadtteil": "Hausbruch", "jahr": "2013", "sm_statusindex_score": 2.113, "sm_dynamikindex_score": 0.242, "sm_anteil_niedrig_proz": 49.9, "sm_bev_niedrig": 8465, "sm_bev_gesamt": 16950, "sm_gebiete_anz": 8, "sm_gebiete_niedrig_anz": 2}}, {"type": "Feature", "geometry": null, "properties": {"stadtteil": "Hausbruch", "jahr": "2014", "sm_statusindex_score": 2.033, "sm_dynamikindex_score": 0.262, "sm_anteil_niedrig_proz": 49.5, "sm_bev_niedrig": 8331, "sm_bev_gesamt": 16824, "sm_gebiete_anz": 8, "sm_gebiete_niedrig_anz": 2}}, {"type": "Feature", "geometry": null, "properties": {"stadtteil": "Hausbruch", "jahr": "2015", "sm_statusindex_score": 2.393, "sm_dynamikindex_score": 0.259, "sm_anteil_niedrig_proz": 49.0, "sm_bev_niedrig": 8198, "sm_bev_gesamt": 16717, "sm_gebiete_anz": 8, "sm_gebiete_niedrig_anz": 2}}, {"type": "Feature", "geometry": null, "properties": {"stadtteil": "Hausbruch", "jahr": "2016", "sm_statusindex_score": 2.171, "sm_dynamikindex_score": 0.0, "sm_anteil_niedrig_proz": 48.6, "sm_bev_niedrig": 8062, "sm_bev_gesamt": 16604, "sm_gebiete_anz": 8, "sm_gebiete_niedrig_anz": 2}}, {"type": "Feature", "geometry": null, "properties": {"stadtteil": "Hausbruch", "jahr": "2017", "sm_statusindex_score": 2.382, "sm_dynamikindex_score": 0.0, "sm_anteil_niedrig_proz": 52.8, "sm_bev_niedrig": 8768, "sm_bev_gesamt": 16597, "sm_gebiete_anz": 8, "sm_gebiete_niedrig_anz": 3}}, {"type": "Feature", "geometry": null, "properties": {"stadtteil": "Hausbruch", "jahr": "2018", "sm_statusindex_score": 2.382, "sm_dynamikindex_score": 0.0, "sm_anteil_niedrig_proz": 52.9, "sm_bev_niedrig": 8810, "sm_bev_gesamt": 16655, "sm_gebiete_anz": 8, "sm_gebiete_niedrig_anz": 3}}, {"type": "Feature", "geometry": null, "properties": {"stadtteil": "Hausbruch", "jahr": "2019", "sm_statusindex_score": 2.255, "sm_dynamikindex_score": -0.02, "sm_anteil_niedrig_proz": 51.8, "sm_bev_niedrig": 8762, "sm_bev_gesamt": 16923, "sm_gebiete_anz": 9, "sm_gebiete_niedrig_anz": 3}}, {"type": "Feature", "geometry": null, "properties": {"stadtteil": "Hausbruch", "jahr": "2020", "sm_statusindex_score": 2.298, "sm_dynamikindex_score": 0.039, "sm_anteil_niedrig_proz": 47.6, "sm_bev_niedrig": 8032, "sm_bev_gesamt": 16884, "sm_gebiete_anz": 9, "sm_gebiete_niedrig_anz": 2}}, {"type": "Feature", "geometry": null, "properties": {"stadtteil": "Hausbruch", "jahr": "2021", "sm_statusindex_score": 2.422, "sm_dynamikindex_score": -0.025, "sm_anteil_niedrig_proz": 47.2, "sm_bev_niedrig": 7925, "sm_bev_gesamt": 16782, "sm_gebiete_anz": 9, "sm_gebiete_niedrig_anz": 2}}, {"type": "Feature", "geometry": null, "properties": {"stadtteil": "Hausbruch", "jahr": "2022", "sm_statusindex_score": 2.422, "sm_dynamikindex_score": -0.023, "sm_anteil_niedrig_proz": 47.3, "sm_bev_niedrig": 7850, "sm_bev_gesamt": 16613, "sm_gebiete_anz": 9, "sm_gebiete_niedrig_anz": 2}}, {"type": "Feature", "geometry": null, "properties": {"stadtteil": "Hausbruch", "jahr": "2023", "sm_statusindex_score": 2.382, "sm_dynamikindex_score": 0.225, "sm_anteil_niedrig_proz": 51.4, "sm_bev_niedrig": 8584, "sm_bev_gesamt": 16704, "sm_gebiete_anz": 9, "sm_gebiete_niedrig_anz": 3}}, {"type": "Feature", "geometry": null, "properties": {"stadtteil": "Hausbruch", "jahr": "2024", "sm_statusindex_score": 2.431, "sm_dynamikindex_score": 0.222, "sm_anteil_niedrig_proz": 46.8, "sm_bev_niedrig": 7850, "sm_bev_gesamt": 16786, "sm_gebiete_anz": 9, "sm_gebiete_niedrig_anz": 2}}, {"type": "Feature", "geometry": null, "properties": {"stadtteil": "Hausbruch", "jahr": "2025", "sm_statusindex_score": 2.381, "sm_dynamikindex_score": 0.223, "sm_anteil_niedrig_proz": 51.4, "sm_bev_niedrig": 8619, "sm_bev_gesamt": 16755, "sm_gebiete_anz": 9, "sm_gebiete_niedrig_anz": 3}}, {"type": "Feature", "geometry": null, "properties": {"stadtteil": "Heimfeld", "jahr": "2013", "sm_statusindex_score": 2.699, "sm_dynamikindex_score": 0.271, "sm_anteil_niedrig_proz": 31.5, "sm_bev_niedrig": 6445, "sm_bev_gesamt": 20453, "sm_gebiete_anz": 9, "sm_gebiete_niedrig_anz": 3}}, {"type": "Feature", "geometry": null, "properties": {"stadtteil": "Heimfeld", "jahr": "2014", "sm_statusindex_score": 2.702, "sm_dynamikindex_score": 0.204, "sm_anteil_niedrig_proz": 31.4, "sm_bev_niedrig": 6494, "sm_bev_gesamt": 20660, "sm_gebiete_anz": 9, "sm_gebiete_niedrig_anz": 3}}, {"type": "Feature", "geometry": null, "properties": {"stadtteil": "Heimfeld", "jahr": "2015", "sm_statusindex_score": 2.693, "sm_dynamikindex_score": -0.11, "sm_anteil_niedrig_proz": 31.8, "sm_bev_niedrig": 6608, "sm_bev_gesamt": 20763, "sm_gebiete_anz": 9, "sm_gebiete_niedrig_anz": 3}}, {"type": "Feature", "geometry": null, "properties": {"stadtteil": "Heimfeld", "jahr": "2016", "sm_statusindex_score": 2.684, "sm_dynamikindex_score": -0.052, "sm_anteil_niedrig_proz": 32.4, "sm_bev_niedrig": 6906, "sm_bev_gesamt": 21327, "sm_gebiete_anz": 9, "sm_gebiete_niedrig_anz": 3}}, {"type": "Feature", "geometry": null, "properties": {"stadtteil": "Heimfeld", "jahr": "2017", "sm_statusindex_score": 2.685, "sm_dynamikindex_score": -0.056, "sm_anteil_niedrig_proz": 32.2, "sm_bev_niedrig": 6967, "sm_bev_gesamt": 21663, "sm_gebiete_anz": 9, "sm_gebiete_niedrig_anz": 3}}, {"type": "Feature", "geometry": null, "properties": {"stadtteil": "Heimfeld", "jahr": "2018", "sm_statusindex_score": 2.684, "sm_dynamikindex_score": -0.055, "sm_anteil_niedrig_proz": 32.4, "sm_bev_niedrig": 7098, "sm_bev_gesamt": 21941, "sm_gebiete_anz": 9, "sm_gebiete_niedrig_anz": 3}}, {"type": "Feature", "geometry": null, "properties": {"stadtteil": "Heimfeld", "jahr": "2019", "sm_statusindex_score": 2.618, "sm_dynamikindex_score": -0.054, "sm_anteil_niedrig_proz": 31.9, "sm_bev_niedrig": 7005, "sm_bev_gesamt": 21982, "sm_gebiete_anz": 9, "sm_gebiete_niedrig_anz": 3}}, {"type": "Feature", "geometry": null, "properties": {"stadtteil": "Heimfeld", "jahr": "2020", "sm_statusindex_score": 2.709, "sm_dynamikindex_score": 0.0, "sm_anteil_niedrig_proz": 30.7, "sm_bev_niedrig": 6849, "sm_bev_gesamt": 22324, "sm_gebiete_anz": 9, "sm_gebiete_niedrig_anz": 3}}, {"type": "Feature", "geometry": null, "properties": {"stadtteil": "Heimfeld", "jahr": "2021", "sm_statusindex_score": 2.635, "sm_dynamikindex_score": 0.0, "sm_anteil_niedrig_proz": 30.5, "sm_bev_niedrig": 6766, "sm_bev_gesamt": 22167, "sm_gebiete_anz": 9, "sm_gebiete_niedrig_anz": 3}}, {"type": "Feature", "geometry": null, "properties": {"stadtteil": "Heimfeld", "jahr": "2022", "sm_statusindex_score": 2.707, "sm_dynamikindex_score": 0.0, "sm_anteil_niedrig_proz": 30.8, "sm_bev_niedrig": 6833, "sm_bev_gesamt": 22180, "sm_gebiete_anz": 9, "sm_gebiete_niedrig_anz": 3}}, {"type": "Feature", "geometry": null, "properties": {"stadtteil": "Heimfeld", "jahr": "2023", "sm_statusindex_score": 2.706, "sm_dynamikindex_score": 0.0, "sm_anteil_niedrig_proz": 30.8, "sm_bev_niedrig": 6931, "sm_bev_gesamt": 22519, "sm_gebiete_anz": 9, "sm_gebiete_niedrig_anz": 3}}, {"type": "Feature", "geometry": null, "properties": {"stadtteil": "Heimfeld", "jahr": "2024", "sm_statusindex_score": 2.65, "sm_dynamikindex_score": -0.055, "sm_anteil_niedrig_proz": 36.3, "sm_bev_niedrig": 8251, "sm_bev_gesamt": 22711, "sm_gebiete_anz": 9, "sm_gebiete_niedrig_anz": 4}}, {"type": "Feature", "geometry": null, "properties": {"stadtteil": "Heimfeld", "jahr": "2025", "sm_statusindex_score": 2.572, "sm_dynamikindex_score": -0.055, "sm_anteil_niedrig_proz": 36.7, "sm_bev_niedrig": 8413, "sm_bev_gesamt": 22920, "sm_gebiete_anz": 9, "sm_gebiete_niedrig_anz": 4}}, {"type": "Feature", "geometry": null, "properties": {"stadtteil": "Hoheluft-Ost", "jahr": "2013", "sm_statusindex_score": 3.0, "sm_dynamikindex_score": 0.0, "sm_anteil_niedrig_proz": 0.0, "sm_bev_niedrig": 0, "sm_bev_gesamt": 9311, "sm_gebiete_anz": 5, "sm_gebiete_niedrig_anz": 0}}, {"type": "Feature", "geometry": null, "properties": {"stadtteil": "Hoheluft-Ost", "jahr": "2014", "sm_statusindex_score": 3.0, "sm_dynamikindex_score": 0.149, "sm_anteil_niedrig_proz": 0.0, "sm_bev_niedrig": 0, "sm_bev_gesamt": 9331, "sm_gebiete_anz": 5, "sm_gebiete_niedrig_anz": 0}}, {"type": "Feature", "geometry": null, "properties": {"stadtteil": "Hoheluft-Ost", "jahr": "2015", "sm_statusindex_score": 3.194, "sm_dynamikindex_score": 0.0, "sm_anteil_niedrig_proz": 0.0, "sm_bev_niedrig": 0, "sm_bev_gesamt": 9407, "sm_gebiete_anz": 5, "sm_gebiete_niedrig_anz": 0}}, {"type": "Feature", "geometry": null, "properties": {"stadtteil": "Hoheluft-Ost", "jahr": "2016", "sm_statusindex_score": 3.19, "sm_dynamikindex_score": 0.0, "sm_anteil_niedrig_proz": 0.0, "sm_bev_niedrig": 0, "sm_bev_gesamt": 9514, "sm_gebiete_anz": 5, "sm_gebiete_niedrig_anz": 0}}, {"type": "Feature", "geometry": null, "properties": {"stadtteil": "Hoheluft-Ost", "jahr": "2017", "sm_statusindex_score": 3.0, "sm_dynamikindex_score": 0.0, "sm_anteil_niedrig_proz": 0.0, "sm_bev_niedrig": 0, "sm_bev_gesamt": 9584, "sm_gebiete_anz": 5, "sm_gebiete_niedrig_anz": 0}}, {"type": "Feature", "geometry": null, "properties": {"stadtteil": "Hoheluft-Ost", "jahr": "2018", "sm_statusindex_score": 3.147, "sm_dynamikindex_score": 0.0, "sm_anteil_niedrig_proz": 0.0, "sm_bev_niedrig": 0, "sm_bev_gesamt": 9624, "sm_gebiete_anz": 5, "sm_gebiete_niedrig_anz": 0}}, {"type": "Feature", "geometry": null, "properties": {"stadtteil": "Hoheluft-Ost", "jahr": "2019", "sm_statusindex_score": 3.0, "sm_dynamikindex_score": 0.0, "sm_anteil_niedrig_proz": 0.0, "sm_bev_niedrig": 0, "sm_bev_gesamt": 9796, "sm_gebiete_anz": 5, "sm_gebiete_niedrig_anz": 0}}, {"type": "Feature", "geometry": null, "properties": {"stadtteil": "Hoheluft-Ost", "jahr": "2020", "sm_statusindex_score": 3.212, "sm_dynamikindex_score": 0.0, "sm_anteil_niedrig_proz": 0.0, "sm_bev_niedrig": 0, "sm_bev_gesamt": 9694, "sm_gebiete_anz": 5, "sm_gebiete_niedrig_anz": 0}}, {"type": "Feature", "geometry": null, "properties": {"stadtteil": "Hoheluft-Ost", "jahr": "2021", "sm_statusindex_score": 3.208, "sm_dynamikindex_score": 0.0, "sm_anteil_niedrig_proz": 0.0, "sm_bev_niedrig": 0, "sm_bev_gesamt": 9656, "sm_gebiete_anz": 5, "sm_gebiete_niedrig_anz": 0}}, {"type": "Feature", "geometry": null, "properties": {"stadtteil": "Hoheluft-Ost", "jahr": "2022", "sm_statusindex_score": 3.538, "sm_dynamikindex_score": 0.0, "sm_anteil_niedrig_proz": 0.0, "sm_bev_niedrig": 0, "sm_bev_gesamt": 9722, "sm_gebiete_anz": 5, "sm_gebiete_niedrig_anz": 0}}, {"type": "Feature", "geometry": null, "properties": {"stadtteil": "Hoheluft-Ost", "jahr": "2023", "sm_statusindex_score": 3.391, "sm_dynamikindex_score": 0.0, "sm_anteil_niedrig_proz": 0.0, "sm_bev_niedrig": 0, "sm_bev_gesamt": 9782, "sm_gebiete_anz": 5, "sm_gebiete_niedrig_anz": 0}}, {"type": "Feature", "geometry": null, "properties": {"stadtteil": "Hoheluft-Ost", "jahr": "2024", "sm_statusindex_score": 3.535, "sm_dynamikindex_score": 0.0, "sm_anteil_niedrig_proz": 0.0, "sm_bev_niedrig": 0, "sm_bev_gesamt": 9829, "sm_gebiete_anz": 5, "sm_gebiete_niedrig_anz": 0}}, {"type": "Feature", "geometry": null, "properties": {"stadtteil": "Hoheluft-Ost", "jahr": "2025", "sm_statusindex_score": 3.779, "sm_dynamikindex_score": 0.0, "sm_anteil_niedrig_proz": 0.0, "sm_bev_niedrig": 0, "sm_bev_gesamt": 9853, "sm_gebiete_anz": 5, "sm_gebiete_niedrig_anz": 0}}, {"type": "Feature", "geometry": null, "properties": {"stadtteil": "Hoheluft-West", "jahr": "2013", "sm_statusindex_score": 3.296, "sm_dynamikindex_score": 0.365, "sm_anteil_niedrig_proz": 0.0, "sm_bev_niedrig": 0, "sm_bev_gesamt": 12930, "sm_gebiete_anz": 6, "sm_gebiete_niedrig_anz": 0}}, {"type": "Feature", "geometry": null, "properties": {"stadtteil": "Hoheluft-West", "jahr": "2014", "sm_statusindex_score": 3.297, "sm_dynamikindex_score": 0.506, "sm_anteil_niedrig_proz": 0.0, "sm_bev_niedrig": 0, "sm_bev_gesamt": 13033, "sm_gebiete_anz": 6, "sm_gebiete_niedrig_anz": 0}}, {"type": "Feature", "geometry": null, "properties": {"stadtteil": "Hoheluft-West", "jahr": "2015", "sm_statusindex_score": 3.296, "sm_dynamikindex_score": 0.0, "sm_anteil_niedrig_proz": 0.0, "sm_bev_niedrig": 0, "sm_bev_gesamt": 13120, "sm_gebiete_anz": 6, "sm_gebiete_niedrig_anz": 0}}, {"type": "Feature", "geometry": null, "properties": {"stadtteil": "Hoheluft-West", "jahr": "2016", "sm_statusindex_score": 3.296, "sm_dynamikindex_score": 0.0, "sm_anteil_niedrig_proz": 0.0, "sm_bev_niedrig": 0, "sm_bev_gesamt": 13102, "sm_gebiete_anz": 6, "sm_gebiete_niedrig_anz": 0}}, {"type": "Feature", "geometry": null, "properties": {"stadtteil": "Hoheluft-West", "jahr": "2017", "sm_statusindex_score": 3.296, "sm_dynamikindex_score": 0.0, "sm_anteil_niedrig_proz": 0.0, "sm_bev_niedrig": 0, "sm_bev_gesamt": 13089, "sm_gebiete_anz": 6, "sm_gebiete_niedrig_anz": 0}}, {"type": "Feature", "geometry": null, "properties": {"stadtteil": "Hoheluft-West", "jahr": "2018", "sm_statusindex_score": 3.304, "sm_dynamikindex_score": 0.0, "sm_anteil_niedrig_proz": 0.0, "sm_bev_niedrig": 0, "sm_bev_gesamt": 13337, "sm_gebiete_anz": 6, "sm_gebiete_niedrig_anz": 0}}, {"type": "Feature", "geometry": null, "properties": {"stadtteil": "Hoheluft-West", "jahr": "2019", "sm_statusindex_score": 3.301, "sm_dynamikindex_score": 0.0, "sm_anteil_niedrig_proz": 0.0, "sm_bev_niedrig": 0, "sm_bev_gesamt": 13438, "sm_gebiete_anz": 6, "sm_gebiete_niedrig_anz": 0}}, {"type": "Feature", "geometry": null, "properties": {"stadtteil": "Hoheluft-West", "jahr": "2020", "sm_statusindex_score": 3.304, "sm_dynamikindex_score": 0.0, "sm_anteil_niedrig_proz": 0.0, "sm_bev_niedrig": 0, "sm_bev_gesamt": 13435, "sm_gebiete_anz": 6, "sm_gebiete_niedrig_anz": 0}}, {"type": "Feature", "geometry": null, "properties": {"stadtteil": "Hoheluft-West", "jahr": "2021", "sm_statusindex_score": 3.305, "sm_dynamikindex_score": 0.0, "sm_anteil_niedrig_proz": 0.0, "sm_bev_niedrig": 0, "sm_bev_gesamt": 13460, "sm_gebiete_anz": 6, "sm_gebiete_niedrig_anz": 0}}, {"type": "Feature", "geometry": null, "properties": {"stadtteil": "Hoheluft-West", "jahr": "2022", "sm_statusindex_score": 3.445, "sm_dynamikindex_score": 0.0, "sm_anteil_niedrig_proz": 0.0, "sm_bev_niedrig": 0, "sm_bev_gesamt": 13323, "sm_gebiete_anz": 6, "sm_gebiete_niedrig_anz": 0}}, {"type": "Feature", "geometry": null, "properties": {"stadtteil": "Hoheluft-West", "jahr": "2023", "sm_statusindex_score": 3.442, "sm_dynamikindex_score": -0.172, "sm_anteil_niedrig_proz": 0.0, "sm_bev_niedrig": 0, "sm_bev_gesamt": 13597, "sm_gebiete_anz": 6, "sm_gebiete_niedrig_anz": 0}}, {"type": "Feature", "geometry": null, "properties": {"stadtteil": "Hoheluft-West", "jahr": "2024", "sm_statusindex_score": 3.441, "sm_dynamikindex_score": -0.171, "sm_anteil_niedrig_proz": 0.0, "sm_bev_niedrig": 0, "sm_bev_gesamt": 13631, "sm_gebiete_anz": 6, "sm_gebiete_niedrig_anz": 0}}, {"type": "Feature", "geometry": null, "properties": {"stadtteil": "Hoheluft-West", "jahr": "2025", "sm_statusindex_score": 3.438, "sm_dynamikindex_score": -0.174, "sm_anteil_niedrig_proz": 0.0, "sm_bev_niedrig": 0, "sm_bev_gesamt": 13641, "sm_gebiete_anz": 6, "sm_gebiete_niedrig_anz": 0}}, {"type": "Feature", "geometry": null, "properties": {"stadtteil": "Hohenfelde", "jahr": "2013", "sm_statusindex_score": 3.0, "sm_dynamikindex_score": 0.0, "sm_anteil_niedrig_proz": 0.0, "sm_bev_niedrig": 0, "sm_bev_gesamt": 9169, "sm_gebiete_anz": 4, "sm_gebiete_niedrig_anz": 0}}, {"type": "Feature", "geometry": null, "properties": {"stadtteil": "Hohenfelde", "jahr": "2014", "sm_statusindex_score": 3.0, "sm_dynamikindex_score": 0.0, "sm_anteil_niedrig_proz": 0.0, "sm_bev_niedrig": 0, "sm_bev_gesamt": 9149, "sm_gebiete_anz": 4, "sm_gebiete_niedrig_anz": 0}}, {"type": "Feature", "geometry": null, "properties": {"stadtteil": "Hohenfelde", "jahr": "2015", "sm_statusindex_score": 3.0, "sm_dynamikindex_score": 0.214, "sm_anteil_niedrig_proz": 0.0, "sm_bev_niedrig": 0, "sm_bev_gesamt": 9182, "sm_gebiete_anz": 4, "sm_gebiete_niedrig_anz": 0}}, {"type": "Feature", "geometry": null, "properties": {"stadtteil": "Hohenfelde", "jahr": "2016", "sm_statusindex_score": 3.0, "sm_dynamikindex_score": 0.192, "sm_anteil_niedrig_proz": 0.0, "sm_bev_niedrig": 0, "sm_bev_gesamt": 9460, "sm_gebiete_anz": 4, "sm_gebiete_niedrig_anz": 0}}, {"type": "Feature", "geometry": null, "properties": {"stadtteil": "Hohenfelde", "jahr": "2017", "sm_statusindex_score": 3.0, "sm_dynamikindex_score": 0.0, "sm_anteil_niedrig_proz": 0.0, "sm_bev_niedrig": 0, "sm_bev_gesamt": 9886, "sm_gebiete_anz": 4, "sm_gebiete_niedrig_anz": 0}}, {"type": "Feature", "geometry": null, "properties": {"stadtteil": "Hohenfelde", "jahr": "2018", "sm_statusindex_score": 3.0, "sm_dynamikindex_score": 0.0, "sm_anteil_niedrig_proz": 0.0, "sm_bev_niedrig": 0, "sm_bev_gesamt": 10030, "sm_gebiete_anz": 4, "sm_gebiete_niedrig_anz": 0}}, {"type": "Feature", "geometry": null, "properties": {"stadtteil": "Hohenfelde", "jahr": "2019", "sm_statusindex_score": 3.0, "sm_dynamikindex_score": -0.285, "sm_anteil_niedrig_proz": 0.0, "sm_bev_niedrig": 0, "sm_bev_gesamt": 10143, "sm_gebiete_anz": 4, "sm_gebiete_niedrig_anz": 0}}, {"type": "Feature", "geometry": null, "properties": {"stadtteil": "Hohenfelde", "jahr": "2020", "sm_statusindex_score": 3.0, "sm_dynamikindex_score": 0.0, "sm_anteil_niedrig_proz": 0.0, "sm_bev_niedrig": 0, "sm_bev_gesamt": 10034, "sm_gebiete_anz": 4, "sm_gebiete_niedrig_anz": 0}}, {"type": "Feature", "geometry": null, "properties": {"stadtteil": "Hohenfelde", "jahr": "2021", "sm_statusindex_score": 3.0, "sm_dynamikindex_score": 0.0, "sm_anteil_niedrig_proz": 0.0, "sm_bev_niedrig": 0, "sm_bev_gesamt": 9853, "sm_gebiete_anz": 4, "sm_gebiete_niedrig_anz": 0}}, {"type": "Feature", "geometry": null, "properties": {"stadtteil": "Hohenfelde", "jahr": "2022", "sm_statusindex_score": 3.0, "sm_dynamikindex_score": 0.0, "sm_anteil_niedrig_proz": 0.0, "sm_bev_niedrig": 0, "sm_bev_gesamt": 9905, "sm_gebiete_anz": 4, "sm_gebiete_niedrig_anz": 0}}, {"type": "Feature", "geometry": null, "properties": {"stadtteil": "Hohenfelde", "jahr": "2023", "sm_statusindex_score": 3.0, "sm_dynamikindex_score": 0.0, "sm_anteil_niedrig_proz": 0.0, "sm_bev_niedrig": 0, "sm_bev_gesamt": 10041, "sm_gebiete_anz": 4, "sm_gebiete_niedrig_anz": 0}}, {"type": "Feature", "geometry": null, "properties": {"stadtteil": "Hohenfelde", "jahr": "2024", "sm_statusindex_score": 3.0, "sm_dynamikindex_score": 0.23, "sm_anteil_niedrig_proz": 0.0, "sm_bev_niedrig": 0, "sm_bev_gesamt": 10103, "sm_gebiete_anz": 4, "sm_gebiete_niedrig_anz": 0}}, {"type": "Feature", "geometry": null, "properties": {"stadtteil": "Hohenfelde", "jahr": "2025", "sm_statusindex_score": 3.0, "sm_dynamikindex_score": 0.228, "sm_anteil_niedrig_proz": 0.0, "sm_bev_niedrig": 0, "sm_bev_gesamt": 10097, "sm_gebiete_anz": 4, "sm_gebiete_niedrig_anz": 0}}, {"type": "Feature", "geometry": null, "properties": {"stadtteil": "Horn", "jahr": "2013", "sm_statusindex_score": 1.937, "sm_dynamikindex_score": -0.064, "sm_anteil_niedrig_proz": 60.6, "sm_bev_niedrig": 22770, "sm_bev_gesamt": 37599, "sm_gebiete_anz": 16, "sm_gebiete_niedrig_anz": 9}}, {"type": "Feature", "geometry": null, "properties": {"stadtteil": "Horn", "jahr": "2014", "sm_statusindex_score": 2.129, "sm_dynamikindex_score": -0.054, "sm_anteil_niedrig_proz": 60.6, "sm_bev_niedrig": 22807, "sm_bev_gesamt": 37614, "sm_gebiete_anz": 16, "sm_gebiete_niedrig_anz": 9}}, {"type": "Feature", "geometry": null, "properties": {"stadtteil": "Horn", "jahr": "2015", "sm_statusindex_score": 1.928, "sm_dynamikindex_score": 0.2, "sm_anteil_niedrig_proz": 71.1, "sm_bev_niedrig": 27236, "sm_bev_gesamt": 38296, "sm_gebiete_anz": 16, "sm_gebiete_niedrig_anz": 11}}, {"type": "Feature", "geometry": null, "properties": {"stadtteil": "Horn", "jahr": "2016", "sm_statusindex_score": 1.921, "sm_dynamikindex_score": 0.126, "sm_anteil_niedrig_proz": 71.7, "sm_bev_niedrig": 27434, "sm_bev_gesamt": 38253, "sm_gebiete_anz": 16, "sm_gebiete_niedrig_anz": 11}}, {"type": "Feature", "geometry": null, "properties": {"stadtteil": "Horn", "jahr": "2017", "sm_statusindex_score": 2.176, "sm_dynamikindex_score": 0.078, "sm_anteil_niedrig_proz": 62.8, "sm_bev_niedrig": 24228, "sm_bev_gesamt": 38549, "sm_gebiete_anz": 16, "sm_gebiete_niedrig_anz": 10}}, {"type": "Feature", "geometry": null, "properties": {"stadtteil": "Horn", "jahr": "2018", "sm_statusindex_score": 2.167, "sm_dynamikindex_score": 0.054, "sm_anteil_niedrig_proz": 62.6, "sm_bev_niedrig": 24158, "sm_bev_gesamt": 38569, "sm_gebiete_anz": 16, "sm_gebiete_niedrig_anz": 10}}, {"type": "Feature", "geometry": null, "properties": {"stadtteil": "Horn", "jahr": "2019", "sm_statusindex_score": 1.979, "sm_dynamikindex_score": 0.069, "sm_anteil_niedrig_proz": 71.8, "sm_bev_niedrig": 27846, "sm_bev_gesamt": 38799, "sm_gebiete_anz": 16, "sm_gebiete_niedrig_anz": 11}}, {"type": "Feature", "geometry": null, "properties": {"stadtteil": "Horn", "jahr": "2020", "sm_statusindex_score": 2.175, "sm_dynamikindex_score": 0.119, "sm_anteil_niedrig_proz": 72.1, "sm_bev_niedrig": 27676, "sm_bev_gesamt": 38373, "sm_gebiete_anz": 16, "sm_gebiete_niedrig_anz": 11}}, {"type": "Feature", "geometry": null, "properties": {"stadtteil": "Horn", "jahr": "2021", "sm_statusindex_score": 2.099, "sm_dynamikindex_score": 0.0, "sm_anteil_niedrig_proz": 72.5, "sm_bev_niedrig": 27493, "sm_bev_gesamt": 37903, "sm_gebiete_anz": 16, "sm_gebiete_niedrig_anz": 11}}, {"type": "Feature", "geometry": null, "properties": {"stadtteil": "Horn", "jahr": "2022", "sm_statusindex_score": 2.156, "sm_dynamikindex_score": 0.16, "sm_anteil_niedrig_proz": 72.4, "sm_bev_niedrig": 27249, "sm_bev_gesamt": 37627, "sm_gebiete_anz": 16, "sm_gebiete_niedrig_anz": 11}}, {"type": "Feature", "geometry": null, "properties": {"stadtteil": "Horn", "jahr": "2023", "sm_statusindex_score": 2.345, "sm_dynamikindex_score": 0.0, "sm_anteil_niedrig_proz": 53.4, "sm_bev_niedrig": 20513, "sm_bev_gesamt": 38425, "sm_gebiete_anz": 16, "sm_gebiete_niedrig_anz": 9}}, {"type": "Feature", "geometry": null, "properties": {"stadtteil": "Horn", "jahr": "2024", "sm_statusindex_score": 2.305, "sm_dynamikindex_score": 0.038, "sm_anteil_niedrig_proz": 62.3, "sm_bev_niedrig": 24208, "sm_bev_gesamt": 38857, "sm_gebiete_anz": 16, "sm_gebiete_niedrig_anz": 10}}, {"type": "Feature", "geometry": null, "properties": {"stadtteil": "Horn", "jahr": "2025", "sm_statusindex_score": 2.232, "sm_dynamikindex_score": 0.0, "sm_anteil_niedrig_proz": 62.9, "sm_bev_niedrig": 24629, "sm_bev_gesamt": 39186, "sm_gebiete_anz": 16, "sm_gebiete_niedrig_anz": 10}}, {"type": "Feature", "geometry": null, "properties": {"stadtteil": "Hummelsbüttel", "jahr": "2013", "sm_statusindex_score": 3.036, "sm_dynamikindex_score": 0.008, "sm_anteil_niedrig_proz": 0.0, "sm_bev_niedrig": 0, "sm_bev_gesamt": 17032, "sm_gebiete_anz": 9, "sm_gebiete_niedrig_anz": 0}}, {"type": "Feature", "geometry": null, "properties": {"stadtteil": "Hummelsbüttel", "jahr": "2014", "sm_statusindex_score": 3.144, "sm_dynamikindex_score": 0.116, "sm_anteil_niedrig_proz": 0.0, "sm_bev_niedrig": 0, "sm_bev_gesamt": 17051, "sm_gebiete_anz": 9, "sm_gebiete_niedrig_anz": 0}}, {"type": "Feature", "geometry": null, "properties": {"stadtteil": "Hummelsbüttel", "jahr": "2015", "sm_statusindex_score": 3.036, "sm_dynamikindex_score": 0.067, "sm_anteil_niedrig_proz": 0.0, "sm_bev_niedrig": 0, "sm_bev_gesamt": 17180, "sm_gebiete_anz": 9, "sm_gebiete_niedrig_anz": 0}}, {"type": "Feature", "geometry": null, "properties": {"stadtteil": "Hummelsbüttel", "jahr": "2016", "sm_statusindex_score": 3.037, "sm_dynamikindex_score": -0.065, "sm_anteil_niedrig_proz": 0.0, "sm_bev_niedrig": 0, "sm_bev_gesamt": 17437, "sm_gebiete_anz": 9, "sm_gebiete_niedrig_anz": 0}}, {"type": "Feature", "geometry": null, "properties": {"stadtteil": "Hummelsbüttel", "jahr": "2017", "sm_statusindex_score": 3.037, "sm_dynamikindex_score": -0.064, "sm_anteil_niedrig_proz": 0.0, "sm_bev_niedrig": 0, "sm_bev_gesamt": 17655, "sm_gebiete_anz": 9, "sm_gebiete_niedrig_anz": 0}}, {"type": "Feature", "geometry": null, "properties": {"stadtteil": "Hummelsbüttel", "jahr": "2018", "sm_statusindex_score": 3.037, "sm_dynamikindex_score": -0.141, "sm_anteil_niedrig_proz": 0.0, "sm_bev_niedrig": 0, "sm_bev_gesamt": 17871, "sm_gebiete_anz": 9, "sm_gebiete_niedrig_anz": 0}}, {"type": "Feature", "geometry": null, "properties": {"stadtteil": "Hummelsbüttel", "jahr": "2019", "sm_statusindex_score": 3.147, "sm_dynamikindex_score": -0.136, "sm_anteil_niedrig_proz": 0.0, "sm_bev_niedrig": 0, "sm_bev_gesamt": 18464, "sm_gebiete_anz": 9, "sm_gebiete_niedrig_anz": 0}}, {"type": "Feature", "geometry": null, "properties": {"stadtteil": "Hummelsbüttel", "jahr": "2020", "sm_statusindex_score": 3.037, "sm_dynamikindex_score": 0.059, "sm_anteil_niedrig_proz": 0.0, "sm_bev_niedrig": 0, "sm_bev_gesamt": 18395, "sm_gebiete_anz": 9, "sm_gebiete_niedrig_anz": 0}}, {"type": "Feature", "geometry": null, "properties": {"stadtteil": "Hummelsbüttel", "jahr": "2021", "sm_statusindex_score": 3.036, "sm_dynamikindex_score": -0.11, "sm_anteil_niedrig_proz": 0.0, "sm_bev_niedrig": 0, "sm_bev_gesamt": 18538, "sm_gebiete_anz": 9, "sm_gebiete_niedrig_anz": 0}}, {"type": "Feature", "geometry": null, "properties": {"stadtteil": "Hummelsbüttel", "jahr": "2022", "sm_statusindex_score": 3.037, "sm_dynamikindex_score": 0.182, "sm_anteil_niedrig_proz": 0.0, "sm_bev_niedrig": 0, "sm_bev_gesamt": 18505, "sm_gebiete_anz": 9, "sm_gebiete_niedrig_anz": 0}}, {"type": "Feature", "geometry": null, "properties": {"stadtteil": "Hummelsbüttel", "jahr": "2023", "sm_statusindex_score": 3.036, "sm_dynamikindex_score": 0.0, "sm_anteil_niedrig_proz": 0.0, "sm_bev_niedrig": 0, "sm_bev_gesamt": 18709, "sm_gebiete_anz": 9, "sm_gebiete_niedrig_anz": 0}}, {"type": "Feature", "geometry": null, "properties": {"stadtteil": "Hummelsbüttel", "jahr": "2024", "sm_statusindex_score": 3.165, "sm_dynamikindex_score": 0.0, "sm_anteil_niedrig_proz": 0.0, "sm_bev_niedrig": 0, "sm_bev_gesamt": 18669, "sm_gebiete_anz": 9, "sm_gebiete_niedrig_anz": 0}}, {"type": "Feature", "geometry": null, "properties": {"stadtteil": "Hummelsbüttel", "jahr": "2025", "sm_statusindex_score": 3.035, "sm_dynamikindex_score": 0.077, "sm_anteil_niedrig_proz": 0.0, "sm_bev_niedrig": 0, "sm_bev_gesamt": 18731, "sm_gebiete_anz": 9, "sm_gebiete_niedrig_anz": 0}}, {"type": "Feature", "geometry": null, "properties": {"stadtteil": "Iserbrook", "jahr": "2013", "sm_statusindex_score": 3.202, "sm_dynamikindex_score": 0.0, "sm_anteil_niedrig_proz": 0.0, "sm_bev_niedrig": 0, "sm_bev_gesamt": 11026, "sm_gebiete_anz": 5, "sm_gebiete_niedrig_anz": 0}}, {"type": "Feature", "geometry": null, "properties": {"stadtteil": "Iserbrook", "jahr": "2014", "sm_statusindex_score": 3.208, "sm_dynamikindex_score": 0.0, "sm_anteil_niedrig_proz": 0.0, "sm_bev_niedrig": 0, "sm_bev_gesamt": 11130, "sm_gebiete_anz": 5, "sm_gebiete_niedrig_anz": 0}}, {"type": "Feature", "geometry": null, "properties": {"stadtteil": "Iserbrook", "jahr": "2015", "sm_statusindex_score": 3.207, "sm_dynamikindex_score": 0.0, "sm_anteil_niedrig_proz": 0.0, "sm_bev_niedrig": 0, "sm_bev_gesamt": 11200, "sm_gebiete_anz": 5, "sm_gebiete_niedrig_anz": 0}}, {"type": "Feature", "geometry": null, "properties": {"stadtteil": "Iserbrook", "jahr": "2016", "sm_statusindex_score": 3.206, "sm_dynamikindex_score": 0.0, "sm_anteil_niedrig_proz": 0.0, "sm_bev_niedrig": 0, "sm_bev_gesamt": 11244, "sm_gebiete_anz": 5, "sm_gebiete_niedrig_anz": 0}}, {"type": "Feature", "geometry": null, "properties": {"stadtteil": "Iserbrook", "jahr": "2017", "sm_statusindex_score": 3.205, "sm_dynamikindex_score": 0.0, "sm_anteil_niedrig_proz": 0.0, "sm_bev_niedrig": 0, "sm_bev_gesamt": 11324, "sm_gebiete_anz": 5, "sm_gebiete_niedrig_anz": 0}}, {"type": "Feature", "geometry": null, "properties": {"stadtteil": "Iserbrook", "jahr": "2018", "sm_statusindex_score": 3.208, "sm_dynamikindex_score": 0.0, "sm_anteil_niedrig_proz": 0.0, "sm_bev_niedrig": 0, "sm_bev_gesamt": 11468, "sm_gebiete_anz": 5, "sm_gebiete_niedrig_anz": 0}}, {"type": "Feature", "geometry": null, "properties": {"stadtteil": "Iserbrook", "jahr": "2019", "sm_statusindex_score": 3.358, "sm_dynamikindex_score": 0.0, "sm_anteil_niedrig_proz": 0.0, "sm_bev_niedrig": 0, "sm_bev_gesamt": 11369, "sm_gebiete_anz": 5, "sm_gebiete_niedrig_anz": 0}}, {"type": "Feature", "geometry": null, "properties": {"stadtteil": "Iserbrook", "jahr": "2020", "sm_statusindex_score": 3.36, "sm_dynamikindex_score": 0.0, "sm_anteil_niedrig_proz": 0.0, "sm_bev_niedrig": 0, "sm_bev_gesamt": 11423, "sm_gebiete_anz": 5, "sm_gebiete_niedrig_anz": 0}}, {"type": "Feature", "geometry": null, "properties": {"stadtteil": "Iserbrook", "jahr": "2021", "sm_statusindex_score": 3.342, "sm_dynamikindex_score": 0.0, "sm_anteil_niedrig_proz": 0.0, "sm_bev_niedrig": 0, "sm_bev_gesamt": 11352, "sm_gebiete_anz": 5, "sm_gebiete_niedrig_anz": 0}}, {"type": "Feature", "geometry": null, "properties": {"stadtteil": "Iserbrook", "jahr": "2022", "sm_statusindex_score": 3.557, "sm_dynamikindex_score": 0.0, "sm_anteil_niedrig_proz": 0.0, "sm_bev_niedrig": 0, "sm_bev_gesamt": 11342, "sm_gebiete_anz": 5, "sm_gebiete_niedrig_anz": 0}}, {"type": "Feature", "geometry": null, "properties": {"stadtteil": "Iserbrook", "jahr": "2023", "sm_statusindex_score": 3.351, "sm_dynamikindex_score": 0.0, "sm_anteil_niedrig_proz": 0.0, "sm_bev_niedrig": 0, "sm_bev_gesamt": 11569, "sm_gebiete_anz": 5, "sm_gebiete_niedrig_anz": 0}}, {"type": "Feature", "geometry": null, "properties": {"stadtteil": "Iserbrook", "jahr": "2024", "sm_statusindex_score": 3.352, "sm_dynamikindex_score": 0.0, "sm_anteil_niedrig_proz": 0.0, "sm_bev_niedrig": 0, "sm_bev_gesamt": 11512, "sm_gebiete_anz": 5, "sm_gebiete_niedrig_anz": 0}}, {"type": "Feature", "geometry": null, "properties": {"stadtteil": "Iserbrook", "jahr": "2025", "sm_statusindex_score": 3.355, "sm_dynamikindex_score": 0.0, "sm_anteil_niedrig_proz": 0.0, "sm_bev_niedrig": 0, "sm_bev_gesamt": 11523, "sm_gebiete_anz": 5, "sm_gebiete_niedrig_anz": 0}}, {"type": "Feature", "geometry": null, "properties": {"stadtteil": "Jenfeld", "jahr": "2013", "sm_statusindex_score": 1.839, "sm_dynamikindex_score": -0.252, "sm_anteil_niedrig_proz": 74.2, "sm_bev_niedrig": 18328, "sm_bev_gesamt": 24690, "sm_gebiete_anz": 11, "sm_gebiete_niedrig_anz": 7}}, {"type": "Feature", "geometry": null, "properties": {"stadtteil": "Jenfeld", "jahr": "2014", "sm_statusindex_score": 1.84, "sm_dynamikindex_score": -0.057, "sm_anteil_niedrig_proz": 74.1, "sm_bev_niedrig": 18310, "sm_bev_gesamt": 24696, "sm_gebiete_anz": 11, "sm_gebiete_niedrig_anz": 7}}, {"type": "Feature", "geometry": null, "properties": {"stadtteil": "Jenfeld", "jahr": "2015", "sm_statusindex_score": 1.842, "sm_dynamikindex_score": 0.0, "sm_anteil_niedrig_proz": 74.2, "sm_bev_niedrig": 18347, "sm_bev_gesamt": 24739, "sm_gebiete_anz": 11, "sm_gebiete_niedrig_anz": 7}}, {"type": "Feature", "geometry": null, "properties": {"stadtteil": "Jenfeld", "jahr": "2016", "sm_statusindex_score": 1.925, "sm_dynamikindex_score": 0.167, "sm_anteil_niedrig_proz": 65.8, "sm_bev_niedrig": 16491, "sm_bev_gesamt": 25075, "sm_gebiete_anz": 11, "sm_gebiete_niedrig_anz": 6}}, {"type": "Feature", "geometry": null, "properties": {"stadtteil": "Jenfeld", "jahr": "2017", "sm_statusindex_score": 1.943, "sm_dynamikindex_score": 0.038, "sm_anteil_niedrig_proz": 64.9, "sm_bev_niedrig": 16605, "sm_bev_gesamt": 25605, "sm_gebiete_anz": 11, "sm_gebiete_niedrig_anz": 6}}, {"type": "Feature", "geometry": null, "properties": {"stadtteil": "Jenfeld", "jahr": "2018", "sm_statusindex_score": 1.955, "sm_dynamikindex_score": -0.059, "sm_anteil_niedrig_proz": 65.0, "sm_bev_niedrig": 17042, "sm_bev_gesamt": 26218, "sm_gebiete_anz": 11, "sm_gebiete_niedrig_anz": 6}}, {"type": "Feature", "geometry": null, "properties": {"stadtteil": "Jenfeld", "jahr": "2019", "sm_statusindex_score": 1.811, "sm_dynamikindex_score": -0.092, "sm_anteil_niedrig_proz": 71.0, "sm_bev_niedrig": 19208, "sm_bev_gesamt": 27064, "sm_gebiete_anz": 11, "sm_gebiete_niedrig_anz": 7}}, {"type": "Feature", "geometry": null, "properties": {"stadtteil": "Jenfeld", "jahr": "2020", "sm_statusindex_score": 1.91, "sm_dynamikindex_score": -0.089, "sm_anteil_niedrig_proz": 61.6, "sm_bev_niedrig": 16705, "sm_bev_gesamt": 27103, "sm_gebiete_anz": 11, "sm_gebiete_niedrig_anz": 6}}, {"type": "Feature", "geometry": null, "properties": {"stadtteil": "Jenfeld", "jahr": "2021", "sm_statusindex_score": 1.763, "sm_dynamikindex_score": -0.223, "sm_anteil_niedrig_proz": 68.5, "sm_bev_niedrig": 18930, "sm_bev_gesamt": 27621, "sm_gebiete_anz": 11, "sm_gebiete_niedrig_anz": 7}}, {"type": "Feature", "geometry": null, "properties": {"stadtteil": "Jenfeld", "jahr": "2022", "sm_statusindex_score": 2.008, "sm_dynamikindex_score": -0.174, "sm_anteil_niedrig_proz": 65.8, "sm_bev_niedrig": 18469, "sm_bev_gesamt": 28074, "sm_gebiete_anz": 11, "sm_gebiete_niedrig_anz": 7}}, {"type": "Feature", "geometry": null, "properties": {"stadtteil": "Jenfeld", "jahr": "2023", "sm_statusindex_score": 2.367, "sm_dynamikindex_score": 0.0, "sm_anteil_niedrig_proz": 54.4, "sm_bev_niedrig": 15672, "sm_bev_gesamt": 28825, "sm_gebiete_anz": 11, "sm_gebiete_niedrig_anz": 5}}, {"type": "Feature", "geometry": null, "properties": {"stadtteil": "Jenfeld", "jahr": "2024", "sm_statusindex_score": 2.102, "sm_dynamikindex_score": -0.138, "sm_anteil_niedrig_proz": 68.2, "sm_bev_niedrig": 20054, "sm_bev_gesamt": 29423, "sm_gebiete_anz": 11, "sm_gebiete_niedrig_anz": 7}}, {"type": "Feature", "geometry": null, "properties": {"stadtteil": "Jenfeld", "jahr": "2025", "sm_statusindex_score": 2.057, "sm_dynamikindex_score": 0.084, "sm_anteil_niedrig_proz": 72.6, "sm_bev_niedrig": 21331, "sm_bev_gesamt": 29370, "sm_gebiete_anz": 11, "sm_gebiete_niedrig_anz": 8}}, {"type": "Feature", "geometry": null, "properties": {"stadtteil": "Kirchwerder", "jahr": "2013", "sm_statusindex_score": 3.537, "sm_dynamikindex_score": 0.0, "sm_anteil_niedrig_proz": 0.0, "sm_bev_niedrig": 0, "sm_bev_gesamt": 9257, "sm_gebiete_anz": 4, "sm_gebiete_niedrig_anz": 0}}, {"type": "Feature", "geometry": null, "properties": {"stadtteil": "Kirchwerder", "jahr": "2014", "sm_statusindex_score": 3.538, "sm_dynamikindex_score": 0.0, "sm_anteil_niedrig_proz": 0.0, "sm_bev_niedrig": 0, "sm_bev_gesamt": 9286, "sm_gebiete_anz": 4, "sm_gebiete_niedrig_anz": 0}}, {"type": "Feature", "geometry": null, "properties": {"stadtteil": "Kirchwerder", "jahr": "2015", "sm_statusindex_score": 3.182, "sm_dynamikindex_score": 0.0, "sm_anteil_niedrig_proz": 0.0, "sm_bev_niedrig": 0, "sm_bev_gesamt": 9341, "sm_gebiete_anz": 4, "sm_gebiete_niedrig_anz": 0}}, {"type": "Feature", "geometry": null, "properties": {"stadtteil": "Kirchwerder", "jahr": "2016", "sm_statusindex_score": 3.177, "sm_dynamikindex_score": 0.0, "sm_anteil_niedrig_proz": 0.0, "sm_bev_niedrig": 0, "sm_bev_gesamt": 9495, "sm_gebiete_anz": 4, "sm_gebiete_niedrig_anz": 0}}, {"type": "Feature", "geometry": null, "properties": {"stadtteil": "Kirchwerder", "jahr": "2017", "sm_statusindex_score": 3.508, "sm_dynamikindex_score": 0.0, "sm_anteil_niedrig_proz": 0.0, "sm_bev_niedrig": 0, "sm_bev_gesamt": 9804, "sm_gebiete_anz": 4, "sm_gebiete_niedrig_anz": 0}}, {"type": "Feature", "geometry": null, "properties": {"stadtteil": "Kirchwerder", "jahr": "2018", "sm_statusindex_score": 3.519, "sm_dynamikindex_score": -0.3, "sm_anteil_niedrig_proz": 0.0, "sm_bev_niedrig": 0, "sm_bev_gesamt": 9910, "sm_gebiete_anz": 4, "sm_gebiete_niedrig_anz": 0}}, {"type": "Feature", "geometry": null, "properties": {"stadtteil": "Kirchwerder", "jahr": "2019", "sm_statusindex_score": 3.707, "sm_dynamikindex_score": 0.0, "sm_anteil_niedrig_proz": 0.0, "sm_bev_niedrig": 0, "sm_bev_gesamt": 10029, "sm_gebiete_anz": 4, "sm_gebiete_niedrig_anz": 0}}, {"type": "Feature", "geometry": null, "properties": {"stadtteil": "Kirchwerder", "jahr": "2020", "sm_statusindex_score": 3.709, "sm_dynamikindex_score": 0.0, "sm_anteil_niedrig_proz": 0.0, "sm_bev_niedrig": 0, "sm_bev_gesamt": 10124, "sm_gebiete_anz": 4, "sm_gebiete_niedrig_anz": 0}}, {"type": "Feature", "geometry": null, "properties": {"stadtteil": "Kirchwerder", "jahr": "2021", "sm_statusindex_score": 3.708, "sm_dynamikindex_score": 0.0, "sm_anteil_niedrig_proz": 0.0, "sm_bev_niedrig": 0, "sm_bev_gesamt": 10218, "sm_gebiete_anz": 4, "sm_gebiete_niedrig_anz": 0}}, {"type": "Feature", "geometry": null, "properties": {"stadtteil": "Kirchwerder", "jahr": "2022", "sm_statusindex_score": 3.706, "sm_dynamikindex_score": 0.0, "sm_anteil_niedrig_proz": 0.0, "sm_bev_niedrig": 0, "sm_bev_gesamt": 10178, "sm_gebiete_anz": 4, "sm_gebiete_niedrig_anz": 0}}, {"type": "Feature", "geometry": null, "properties": {"stadtteil": "Kirchwerder", "jahr": "2023", "sm_statusindex_score": 3.705, "sm_dynamikindex_score": 0.0, "sm_anteil_niedrig_proz": 0.0, "sm_bev_niedrig": 0, "sm_bev_gesamt": 10311, "sm_gebiete_anz": 4, "sm_gebiete_niedrig_anz": 0}}, {"type": "Feature", "geometry": null, "properties": {"stadtteil": "Kirchwerder", "jahr": "2024", "sm_statusindex_score": 3.711, "sm_dynamikindex_score": 0.0, "sm_anteil_niedrig_proz": 0.0, "sm_bev_niedrig": 0, "sm_bev_gesamt": 10448, "sm_gebiete_anz": 4, "sm_gebiete_niedrig_anz": 0}}, {"type": "Feature", "geometry": null, "properties": {"stadtteil": "Kirchwerder", "jahr": "2025", "sm_statusindex_score": 3.555, "sm_dynamikindex_score": 0.0, "sm_anteil_niedrig_proz": 0.0, "sm_bev_niedrig": 0, "sm_bev_gesamt": 10398, "sm_gebiete_anz": 4, "sm_gebiete_niedrig_anz": 0}}, {"type": "Feature", "geometry": null, "properties": {"stadtteil": "Langenbek", "jahr": "2013", "sm_statusindex_score": 3.0, "sm_dynamikindex_score": 0.0, "sm_anteil_niedrig_proz": 0.0, "sm_bev_niedrig": 0, "sm_bev_gesamt": 4065, "sm_gebiete_anz": 1, "sm_gebiete_niedrig_anz": 0}}, {"type": "Feature", "geometry": null, "properties": {"stadtteil": "Langenbek", "jahr": "2014", "sm_statusindex_score": 3.0, "sm_dynamikindex_score": 0.0, "sm_anteil_niedrig_proz": 0.0, "sm_bev_niedrig": 0, "sm_bev_gesamt": 4098, "sm_gebiete_anz": 1, "sm_gebiete_niedrig_anz": 0}}, {"type": "Feature", "geometry": null, "properties": {"stadtteil": "Langenbek", "jahr": "2015", "sm_statusindex_score": 3.0, "sm_dynamikindex_score": 0.0, "sm_anteil_niedrig_proz": 0.0, "sm_bev_niedrig": 0, "sm_bev_gesamt": 4083, "sm_gebiete_anz": 1, "sm_gebiete_niedrig_anz": 0}}, {"type": "Feature", "geometry": null, "properties": {"stadtteil": "Langenbek", "jahr": "2016", "sm_statusindex_score": 3.0, "sm_dynamikindex_score": 0.0, "sm_anteil_niedrig_proz": 0.0, "sm_bev_niedrig": 0, "sm_bev_gesamt": 4063, "sm_gebiete_anz": 1, "sm_gebiete_niedrig_anz": 0}}, {"type": "Feature", "geometry": null, "properties": {"stadtteil": "Langenbek", "jahr": "2017", "sm_statusindex_score": 3.0, "sm_dynamikindex_score": 0.0, "sm_anteil_niedrig_proz": 0.0, "sm_bev_niedrig": 0, "sm_bev_gesamt": 4020, "sm_gebiete_anz": 1, "sm_gebiete_niedrig_anz": 0}}, {"type": "Feature", "geometry": null, "properties": {"stadtteil": "Langenbek", "jahr": "2018", "sm_statusindex_score": 3.0, "sm_dynamikindex_score": 0.0, "sm_anteil_niedrig_proz": 0.0, "sm_bev_niedrig": 0, "sm_bev_gesamt": 4037, "sm_gebiete_anz": 1, "sm_gebiete_niedrig_anz": 0}}, {"type": "Feature", "geometry": null, "properties": {"stadtteil": "Langenbek", "jahr": "2019", "sm_statusindex_score": 3.0, "sm_dynamikindex_score": 0.0, "sm_anteil_niedrig_proz": 0.0, "sm_bev_niedrig": 0, "sm_bev_gesamt": 4040, "sm_gebiete_anz": 1, "sm_gebiete_niedrig_anz": 0}}, {"type": "Feature", "geometry": null, "properties": {"stadtteil": "Langenbek", "jahr": "2020", "sm_statusindex_score": 3.0, "sm_dynamikindex_score": 0.0, "sm_anteil_niedrig_proz": 0.0, "sm_bev_niedrig": 0, "sm_bev_gesamt": 4038, "sm_gebiete_anz": 1, "sm_gebiete_niedrig_anz": 0}}, {"type": "Feature", "geometry": null, "properties": {"stadtteil": "Langenbek", "jahr": "2021", "sm_statusindex_score": 3.0, "sm_dynamikindex_score": 0.0, "sm_anteil_niedrig_proz": 0.0, "sm_bev_niedrig": 0, "sm_bev_gesamt": 4022, "sm_gebiete_anz": 1, "sm_gebiete_niedrig_anz": 0}}, {"type": "Feature", "geometry": null, "properties": {"stadtteil": "Langenbek", "jahr": "2022", "sm_statusindex_score": 3.0, "sm_dynamikindex_score": 0.0, "sm_anteil_niedrig_proz": 0.0, "sm_bev_niedrig": 0, "sm_bev_gesamt": 4017, "sm_gebiete_anz": 1, "sm_gebiete_niedrig_anz": 0}}, {"type": "Feature", "geometry": null, "properties": {"stadtteil": "Langenbek", "jahr": "2023", "sm_statusindex_score": 3.0, "sm_dynamikindex_score": 0.0, "sm_anteil_niedrig_proz": 0.0, "sm_bev_niedrig": 0, "sm_bev_gesamt": 4013, "sm_gebiete_anz": 1, "sm_gebiete_niedrig_anz": 0}}, {"type": "Feature", "geometry": null, "properties": {"stadtteil": "Langenbek", "jahr": "2024", "sm_statusindex_score": 3.0, "sm_dynamikindex_score": 0.0, "sm_anteil_niedrig_proz": 0.0, "sm_bev_niedrig": 0, "sm_bev_gesamt": 4053, "sm_gebiete_anz": 1, "sm_gebiete_niedrig_anz": 0}}, {"type": "Feature", "geometry": null, "properties": {"stadtteil": "Langenbek", "jahr": "2025", "sm_statusindex_score": 3.0, "sm_dynamikindex_score": 0.0, "sm_anteil_niedrig_proz": 0.0, "sm_bev_niedrig": 0, "sm_bev_gesamt": 4075, "sm_gebiete_anz": 1, "sm_gebiete_niedrig_anz": 0}}, {"type": "Feature", "geometry": null, "properties": {"stadtteil": "Langenhorn", "jahr": "2013", "sm_statusindex_score": 2.928, "sm_dynamikindex_score": -0.034, "sm_anteil_niedrig_proz": 7.2, "sm_bev_niedrig": 2974, "sm_bev_gesamt": 41537, "sm_gebiete_anz": 19, "sm_gebiete_niedrig_anz": 1}}, {"type": "Feature", "geometry": null, "properties": {"stadtteil": "Langenhorn", "jahr": "2014", "sm_statusindex_score": 2.93, "sm_dynamikindex_score": -0.002, "sm_anteil_niedrig_proz": 7.0, "sm_bev_niedrig": 2951, "sm_bev_gesamt": 42006, "sm_gebiete_anz": 20, "sm_gebiete_niedrig_anz": 1}}, {"type": "Feature", "geometry": null, "properties": {"stadtteil": "Langenhorn", "jahr": "2015", "sm_statusindex_score": 2.931, "sm_dynamikindex_score": -0.013, "sm_anteil_niedrig_proz": 6.9, "sm_bev_niedrig": 2953, "sm_bev_gesamt": 42689, "sm_gebiete_anz": 20, "sm_gebiete_niedrig_anz": 1}}, {"type": "Feature", "geometry": null, "properties": {"stadtteil": "Langenhorn", "jahr": "2016", "sm_statusindex_score": 2.934, "sm_dynamikindex_score": -0.001, "sm_anteil_niedrig_proz": 6.6, "sm_bev_niedrig": 2968, "sm_bev_gesamt": 44707, "sm_gebiete_anz": 20, "sm_gebiete_niedrig_anz": 1}}, {"type": "Feature", "geometry": null, "properties": {"stadtteil": "Langenhorn", "jahr": "2017", "sm_statusindex_score": 2.914, "sm_dynamikindex_score": -0.028, "sm_anteil_niedrig_proz": 7.5, "sm_bev_niedrig": 3411, "sm_bev_gesamt": 45562, "sm_gebiete_anz": 20, "sm_gebiete_niedrig_anz": 2}}, {"type": "Feature", "geometry": null, "properties": {"stadtteil": "Langenhorn", "jahr": "2018", "sm_statusindex_score": 2.916, "sm_dynamikindex_score": -0.084, "sm_anteil_niedrig_proz": 7.3, "sm_bev_niedrig": 3352, "sm_bev_gesamt": 45864, "sm_gebiete_anz": 20, "sm_gebiete_niedrig_anz": 2}}, {"type": "Feature", "geometry": null, "properties": {"stadtteil": "Langenhorn", "jahr": "2019", "sm_statusindex_score": 2.918, "sm_dynamikindex_score": -0.01, "sm_anteil_niedrig_proz": 7.2, "sm_bev_niedrig": 3284, "sm_bev_gesamt": 45639, "sm_gebiete_anz": 20, "sm_gebiete_niedrig_anz": 2}}, {"type": "Feature", "geometry": null, "properties": {"stadtteil": "Langenhorn", "jahr": "2020", "sm_statusindex_score": 2.919, "sm_dynamikindex_score": 0.063, "sm_anteil_niedrig_proz": 7.1, "sm_bev_niedrig": 3265, "sm_bev_gesamt": 46117, "sm_gebiete_anz": 20, "sm_gebiete_niedrig_anz": 2}}, {"type": "Feature", "geometry": null, "properties": {"stadtteil": "Langenhorn", "jahr": "2021", "sm_statusindex_score": 2.98, "sm_dynamikindex_score": 0.156, "sm_anteil_niedrig_proz": 1.0, "sm_bev_niedrig": 462, "sm_bev_gesamt": 46246, "sm_gebiete_anz": 20, "sm_gebiete_niedrig_anz": 1}}, {"type": "Feature", "geometry": null, "properties": {"stadtteil": "Langenhorn", "jahr": "2022", "sm_statusindex_score": 2.919, "sm_dynamikindex_score": 0.039, "sm_anteil_niedrig_proz": 7.0, "sm_bev_niedrig": 3241, "sm_bev_gesamt": 46118, "sm_gebiete_anz": 20, "sm_gebiete_niedrig_anz": 2}}, {"type": "Feature", "geometry": null, "properties": {"stadtteil": "Langenhorn", "jahr": "2023", "sm_statusindex_score": 2.979, "sm_dynamikindex_score": 0.008, "sm_anteil_niedrig_proz": 1.1, "sm_bev_niedrig": 501, "sm_bev_gesamt": 47167, "sm_gebiete_anz": 20, "sm_gebiete_niedrig_anz": 1}}, {"type": "Feature", "geometry": null, "properties": {"stadtteil": "Langenhorn", "jahr": "2024", "sm_statusindex_score": 2.978, "sm_dynamikindex_score": -0.119, "sm_anteil_niedrig_proz": 1.1, "sm_bev_niedrig": 520, "sm_bev_gesamt": 48237, "sm_gebiete_anz": 20, "sm_gebiete_niedrig_anz": 1}}, {"type": "Feature", "geometry": null, "properties": {"stadtteil": "Langenhorn", "jahr": "2025", "sm_statusindex_score": 2.981, "sm_dynamikindex_score": -0.128, "sm_anteil_niedrig_proz": 1.0, "sm_bev_niedrig": 473, "sm_bev_gesamt": 48784, "sm_gebiete_anz": 20, "sm_gebiete_niedrig_anz": 1}}, {"type": "Feature", "geometry": null, "properties": {"stadtteil": "Lemsahl-Mellingstedt", "jahr": "2013", "sm_statusindex_score": 4.0, "sm_dynamikindex_score": 0.0, "sm_anteil_niedrig_proz": 0.0, "sm_bev_niedrig": 0, "sm_bev_gesamt": 6516, "sm_gebiete_anz": 2, "sm_gebiete_niedrig_anz": 0}}, {"type": "Feature", "geometry": null, "properties": {"stadtteil": "Lemsahl-Mellingstedt", "jahr": "2014", "sm_statusindex_score": 4.0, "sm_dynamikindex_score": 0.0, "sm_anteil_niedrig_proz": 0.0, "sm_bev_niedrig": 0, "sm_bev_gesamt": 6540, "sm_gebiete_anz": 2, "sm_gebiete_niedrig_anz": 0}}, {"type": "Feature", "geometry": null, "properties": {"stadtteil": "Lemsahl-Mellingstedt", "jahr": "2015", "sm_statusindex_score": 4.0, "sm_dynamikindex_score": 0.0, "sm_anteil_niedrig_proz": 0.0, "sm_bev_niedrig": 0, "sm_bev_gesamt": 6556, "sm_gebiete_anz": 2, "sm_gebiete_niedrig_anz": 0}}, {"type": "Feature", "geometry": null, "properties": {"stadtteil": "Lemsahl-Mellingstedt", "jahr": "2016", "sm_statusindex_score": 4.0, "sm_dynamikindex_score": 0.0, "sm_anteil_niedrig_proz": 0.0, "sm_bev_niedrig": 0, "sm_bev_gesamt": 6618, "sm_gebiete_anz": 2, "sm_gebiete_niedrig_anz": 0}}, {"type": "Feature", "geometry": null, "properties": {"stadtteil": "Lemsahl-Mellingstedt", "jahr": "2017", "sm_statusindex_score": 4.0, "sm_dynamikindex_score": 0.0, "sm_anteil_niedrig_proz": 0.0, "sm_bev_niedrig": 0, "sm_bev_gesamt": 6917, "sm_gebiete_anz": 2, "sm_gebiete_niedrig_anz": 0}}, {"type": "Feature", "geometry": null, "properties": {"stadtteil": "Lemsahl-Mellingstedt", "jahr": "2018", "sm_statusindex_score": 4.0, "sm_dynamikindex_score": 0.0, "sm_anteil_niedrig_proz": 0.0, "sm_bev_niedrig": 0, "sm_bev_gesamt": 6980, "sm_gebiete_anz": 2, "sm_gebiete_niedrig_anz": 0}}, {"type": "Feature", "geometry": null, "properties": {"stadtteil": "Lemsahl-Mellingstedt", "jahr": "2019", "sm_statusindex_score": 4.0, "sm_dynamikindex_score": 0.0, "sm_anteil_niedrig_proz": 0.0, "sm_bev_niedrig": 0, "sm_bev_gesamt": 6803, "sm_gebiete_anz": 2, "sm_gebiete_niedrig_anz": 0}}, {"type": "Feature", "geometry": null, "properties": {"stadtteil": "Lemsahl-Mellingstedt", "jahr": "2020", "sm_statusindex_score": 4.0, "sm_dynamikindex_score": 0.0, "sm_anteil_niedrig_proz": 0.0, "sm_bev_niedrig": 0, "sm_bev_gesamt": 6852, "sm_gebiete_anz": 2, "sm_gebiete_niedrig_anz": 0}}, {"type": "Feature", "geometry": null, "properties": {"stadtteil": "Lemsahl-Mellingstedt", "jahr": "2021", "sm_statusindex_score": 4.0, "sm_dynamikindex_score": 0.0, "sm_anteil_niedrig_proz": 0.0, "sm_bev_niedrig": 0, "sm_bev_gesamt": 6956, "sm_gebiete_anz": 2, "sm_gebiete_niedrig_anz": 0}}, {"type": "Feature", "geometry": null, "properties": {"stadtteil": "Lemsahl-Mellingstedt", "jahr": "2022", "sm_statusindex_score": 4.0, "sm_dynamikindex_score": 0.0, "sm_anteil_niedrig_proz": 0.0, "sm_bev_niedrig": 0, "sm_bev_gesamt": 7003, "sm_gebiete_anz": 2, "sm_gebiete_niedrig_anz": 0}}, {"type": "Feature", "geometry": null, "properties": {"stadtteil": "Lemsahl-Mellingstedt", "jahr": "2023", "sm_statusindex_score": 4.0, "sm_dynamikindex_score": 0.0, "sm_anteil_niedrig_proz": 0.0, "sm_bev_niedrig": 0, "sm_bev_gesamt": 7070, "sm_gebiete_anz": 2, "sm_gebiete_niedrig_anz": 0}}, {"type": "Feature", "geometry": null, "properties": {"stadtteil": "Lemsahl-Mellingstedt", "jahr": "2024", "sm_statusindex_score": 4.0, "sm_dynamikindex_score": 0.0, "sm_anteil_niedrig_proz": 0.0, "sm_bev_niedrig": 0, "sm_bev_gesamt": 7029, "sm_gebiete_anz": 2, "sm_gebiete_niedrig_anz": 0}}, {"type": "Feature", "geometry": null, "properties": {"stadtteil": "Lemsahl-Mellingstedt", "jahr": "2025", "sm_statusindex_score": 4.0, "sm_dynamikindex_score": 0.0, "sm_anteil_niedrig_proz": 0.0, "sm_bev_niedrig": 0, "sm_bev_gesamt": 7031, "sm_gebiete_anz": 2, "sm_gebiete_niedrig_anz": 0}}, {"type": "Feature", "geometry": null, "properties": {"stadtteil": "Lohbrügge", "jahr": "2013", "sm_statusindex_score": 2.769, "sm_dynamikindex_score": 0.001, "sm_anteil_niedrig_proz": 23.1, "sm_bev_niedrig": 9014, "sm_bev_gesamt": 38966, "sm_gebiete_anz": 18, "sm_gebiete_niedrig_anz": 3}}, {"type": "Feature", "geometry": null, "properties": {"stadtteil": "Lohbrügge", "jahr": "2014", "sm_statusindex_score": 2.771, "sm_dynamikindex_score": 0.0, "sm_anteil_niedrig_proz": 22.9, "sm_bev_niedrig": 8959, "sm_bev_gesamt": 39051, "sm_gebiete_anz": 18, "sm_gebiete_niedrig_anz": 3}}, {"type": "Feature", "geometry": null, "properties": {"stadtteil": "Lohbrügge", "jahr": "2015", "sm_statusindex_score": 2.784, "sm_dynamikindex_score": 0.108, "sm_anteil_niedrig_proz": 21.6, "sm_bev_niedrig": 8436, "sm_bev_gesamt": 39058, "sm_gebiete_anz": 18, "sm_gebiete_niedrig_anz": 3}}, {"type": "Feature", "geometry": null, "properties": {"stadtteil": "Lohbrügge", "jahr": "2016", "sm_statusindex_score": 2.741, "sm_dynamikindex_score": 0.012, "sm_anteil_niedrig_proz": 25.9, "sm_bev_niedrig": 10169, "sm_bev_gesamt": 39252, "sm_gebiete_anz": 18, "sm_gebiete_niedrig_anz": 3}}, {"type": "Feature", "geometry": null, "properties": {"stadtteil": "Lohbrügge", "jahr": "2017", "sm_statusindex_score": 2.838, "sm_dynamikindex_score": 0.107, "sm_anteil_niedrig_proz": 16.2, "sm_bev_niedrig": 6396, "sm_bev_gesamt": 39558, "sm_gebiete_anz": 18, "sm_gebiete_niedrig_anz": 2}}, {"type": "Feature", "geometry": null, "properties": {"stadtteil": "Lohbrügge", "jahr": "2018", "sm_statusindex_score": 2.837, "sm_dynamikindex_score": 0.0, "sm_anteil_niedrig_proz": 16.3, "sm_bev_niedrig": 6377, "sm_bev_gesamt": 39147, "sm_gebiete_anz": 18, "sm_gebiete_niedrig_anz": 2}}, {"type": "Feature", "geometry": null, "properties": {"stadtteil": "Lohbrügge", "jahr": "2019", "sm_statusindex_score": 2.841, "sm_dynamikindex_score": 0.037, "sm_anteil_niedrig_proz": 15.9, "sm_bev_niedrig": 6329, "sm_bev_gesamt": 39789, "sm_gebiete_anz": 18, "sm_gebiete_niedrig_anz": 2}}, {"type": "Feature", "geometry": null, "properties": {"stadtteil": "Lohbrügge", "jahr": "2020", "sm_statusindex_score": 2.822, "sm_dynamikindex_score": -0.022, "sm_anteil_niedrig_proz": 17.8, "sm_bev_niedrig": 7175, "sm_bev_gesamt": 40309, "sm_gebiete_anz": 18, "sm_gebiete_niedrig_anz": 3}}, {"type": "Feature", "geometry": null, "properties": {"stadtteil": "Lohbrügge", "jahr": "2021", "sm_statusindex_score": 2.846, "sm_dynamikindex_score": -0.104, "sm_anteil_niedrig_proz": 15.4, "sm_bev_niedrig": 6278, "sm_bev_gesamt": 40729, "sm_gebiete_anz": 18, "sm_gebiete_niedrig_anz": 2}}, {"type": "Feature", "geometry": null, "properties": {"stadtteil": "Lohbrügge", "jahr": "2022", "sm_statusindex_score": 2.949, "sm_dynamikindex_score": -0.023, "sm_anteil_niedrig_proz": 5.1, "sm_bev_niedrig": 2065, "sm_bev_gesamt": 40508, "sm_gebiete_anz": 18, "sm_gebiete_niedrig_anz": 1}}, {"type": "Feature", "geometry": null, "properties": {"stadtteil": "Lohbrügge", "jahr": "2023", "sm_statusindex_score": 2.822, "sm_dynamikindex_score": -0.044, "sm_anteil_niedrig_proz": 17.8, "sm_bev_niedrig": 7322, "sm_bev_gesamt": 41165, "sm_gebiete_anz": 18, "sm_gebiete_niedrig_anz": 3}}, {"type": "Feature", "geometry": null, "properties": {"stadtteil": "Lohbrügge", "jahr": "2024", "sm_statusindex_score": 2.848, "sm_dynamikindex_score": -0.043, "sm_anteil_niedrig_proz": 15.2, "sm_bev_niedrig": 6260, "sm_bev_gesamt": 41282, "sm_gebiete_anz": 18, "sm_gebiete_niedrig_anz": 2}}, {"type": "Feature", "geometry": null, "properties": {"stadtteil": "Lohbrügge", "jahr": "2025", "sm_statusindex_score": 2.848, "sm_dynamikindex_score": 0.03, "sm_anteil_niedrig_proz": 15.2, "sm_bev_niedrig": 6279, "sm_bev_gesamt": 41389, "sm_gebiete_anz": 18, "sm_gebiete_niedrig_anz": 2}}, {"type": "Feature", "geometry": null, "properties": {"stadtteil": "Lokstedt", "jahr": "2013", "sm_statusindex_score": 2.995, "sm_dynamikindex_score": 0.222, "sm_anteil_niedrig_proz": 11.5, "sm_bev_niedrig": 3021, "sm_bev_gesamt": 26319, "sm_gebiete_anz": 12, "sm_gebiete_niedrig_anz": 1}}, {"type": "Feature", "geometry": null, "properties": {"stadtteil": "Lokstedt", "jahr": "2014", "sm_statusindex_score": 3.01, "sm_dynamikindex_score": -0.036, "sm_anteil_niedrig_proz": 11.0, "sm_bev_niedrig": 3020, "sm_bev_gesamt": 27493, "sm_gebiete_anz": 12, "sm_gebiete_niedrig_anz": 1}}, {"type": "Feature", "geometry": null, "properties": {"stadtteil": "Lokstedt", "jahr": "2015", "sm_statusindex_score": 2.974, "sm_dynamikindex_score": 0.128, "sm_anteil_niedrig_proz": 10.6, "sm_bev_niedrig": 2972, "sm_bev_gesamt": 28053, "sm_gebiete_anz": 12, "sm_gebiete_niedrig_anz": 1}}, {"type": "Feature", "geometry": null, "properties": {"stadtteil": "Lokstedt", "jahr": "2016", "sm_statusindex_score": 3.101, "sm_dynamikindex_score": -0.096, "sm_anteil_niedrig_proz": 10.4, "sm_bev_niedrig": 2928, "sm_bev_gesamt": 28252, "sm_gebiete_anz": 12, "sm_gebiete_niedrig_anz": 1}}, {"type": "Feature", "geometry": null, "properties": {"stadtteil": "Lokstedt", "jahr": "2017", "sm_statusindex_score": 3.047, "sm_dynamikindex_score": 0.071, "sm_anteil_niedrig_proz": 10.2, "sm_bev_niedrig": 2897, "sm_bev_gesamt": 28426, "sm_gebiete_anz": 12, "sm_gebiete_niedrig_anz": 1}}, {"type": "Feature", "geometry": null, "properties": {"stadtteil": "Lokstedt", "jahr": "2018", "sm_statusindex_score": 2.971, "sm_dynamikindex_score": 0.016, "sm_anteil_niedrig_proz": 10.0, "sm_bev_niedrig": 2844, "sm_bev_gesamt": 28534, "sm_gebiete_anz": 12, "sm_gebiete_niedrig_anz": 1}}, {"type": "Feature", "geometry": null, "properties": {"stadtteil": "Lokstedt", "jahr": "2019", "sm_statusindex_score": 3.015, "sm_dynamikindex_score": 0.141, "sm_anteil_niedrig_proz": 9.9, "sm_bev_niedrig": 2853, "sm_bev_gesamt": 28793, "sm_gebiete_anz": 12, "sm_gebiete_niedrig_anz": 1}}, {"type": "Feature", "geometry": null, "properties": {"stadtteil": "Lokstedt", "jahr": "2020", "sm_statusindex_score": 3.027, "sm_dynamikindex_score": 0.078, "sm_anteil_niedrig_proz": 9.5, "sm_bev_niedrig": 2801, "sm_bev_gesamt": 29373, "sm_gebiete_anz": 12, "sm_gebiete_niedrig_anz": 1}}, {"type": "Feature", "geometry": null, "properties": {"stadtteil": "Lokstedt", "jahr": "2021", "sm_statusindex_score": 3.028, "sm_dynamikindex_score": 0.074, "sm_anteil_niedrig_proz": 9.1, "sm_bev_niedrig": 2759, "sm_bev_gesamt": 30302, "sm_gebiete_anz": 12, "sm_gebiete_niedrig_anz": 1}}, {"type": "Feature", "geometry": null, "properties": {"stadtteil": "Lokstedt", "jahr": "2022", "sm_statusindex_score": 3.031, "sm_dynamikindex_score": -0.061, "sm_anteil_niedrig_proz": 8.9, "sm_bev_niedrig": 2716, "sm_bev_gesamt": 30678, "sm_gebiete_anz": 12, "sm_gebiete_niedrig_anz": 1}}, {"type": "Feature", "geometry": null, "properties": {"stadtteil": "Lokstedt", "jahr": "2023", "sm_statusindex_score": 3.229, "sm_dynamikindex_score": 0.0, "sm_anteil_niedrig_proz": 8.7, "sm_bev_niedrig": 2736, "sm_bev_gesamt": 31317, "sm_gebiete_anz": 12, "sm_gebiete_niedrig_anz": 1}}, {"type": "Feature", "geometry": null, "properties": {"stadtteil": "Lokstedt", "jahr": "2024", "sm_statusindex_score": 3.247, "sm_dynamikindex_score": 0.014, "sm_anteil_niedrig_proz": 8.6, "sm_bev_niedrig": 2707, "sm_bev_gesamt": 31429, "sm_gebiete_anz": 12, "sm_gebiete_niedrig_anz": 1}}, {"type": "Feature", "geometry": null, "properties": {"stadtteil": "Lokstedt", "jahr": "2025", "sm_statusindex_score": 3.254, "sm_dynamikindex_score": 0.07, "sm_anteil_niedrig_proz": 8.5, "sm_bev_niedrig": 2682, "sm_bev_gesamt": 31666, "sm_gebiete_anz": 12, "sm_gebiete_niedrig_anz": 1}}, {"type": "Feature", "geometry": null, "properties": {"stadtteil": "Lurup", "jahr": "2013", "sm_statusindex_score": 2.363, "sm_dynamikindex_score": -0.238, "sm_anteil_niedrig_proz": 45.1, "sm_bev_niedrig": 15240, "sm_bev_gesamt": 33817, "sm_gebiete_anz": 14, "sm_gebiete_niedrig_anz": 6}}, {"type": "Feature", "geometry": null, "properties": {"stadtteil": "Lurup", "jahr": "2014", "sm_statusindex_score": 2.377, "sm_dynamikindex_score": -0.382, "sm_anteil_niedrig_proz": 44.0, "sm_bev_niedrig": 15263, "sm_bev_gesamt": 34675, "sm_gebiete_anz": 14, "sm_gebiete_niedrig_anz": 6}}, {"type": "Feature", "geometry": null, "properties": {"stadtteil": "Lurup", "jahr": "2015", "sm_statusindex_score": 2.383, "sm_dynamikindex_score": -0.21, "sm_anteil_niedrig_proz": 43.6, "sm_bev_niedrig": 15224, "sm_bev_gesamt": 34899, "sm_gebiete_anz": 14, "sm_gebiete_niedrig_anz": 6}}, {"type": "Feature", "geometry": null, "properties": {"stadtteil": "Lurup", "jahr": "2016", "sm_statusindex_score": 2.393, "sm_dynamikindex_score": -0.256, "sm_anteil_niedrig_proz": 42.9, "sm_bev_niedrig": 15148, "sm_bev_gesamt": 35297, "sm_gebiete_anz": 15, "sm_gebiete_niedrig_anz": 6}}, {"type": "Feature", "geometry": null, "properties": {"stadtteil": "Lurup", "jahr": "2017", "sm_statusindex_score": 2.404, "sm_dynamikindex_score": -0.028, "sm_anteil_niedrig_proz": 42.2, "sm_bev_niedrig": 15109, "sm_bev_gesamt": 35771, "sm_gebiete_anz": 15, "sm_gebiete_niedrig_anz": 6}}, {"type": "Feature", "geometry": null, "properties": {"stadtteil": "Lurup", "jahr": "2018", "sm_statusindex_score": 2.476, "sm_dynamikindex_score": -0.008, "sm_anteil_niedrig_proz": 35.1, "sm_bev_niedrig": 12604, "sm_bev_gesamt": 35960, "sm_gebiete_anz": 15, "sm_gebiete_niedrig_anz": 5}}, {"type": "Feature", "geometry": null, "properties": {"stadtteil": "Lurup", "jahr": "2019", "sm_statusindex_score": 2.34, "sm_dynamikindex_score": -0.046, "sm_anteil_niedrig_proz": 41.0, "sm_bev_niedrig": 15055, "sm_bev_gesamt": 36695, "sm_gebiete_anz": 16, "sm_gebiete_niedrig_anz": 6}}, {"type": "Feature", "geometry": null, "properties": {"stadtteil": "Lurup", "jahr": "2020", "sm_statusindex_score": 2.42, "sm_dynamikindex_score": 0.0, "sm_anteil_niedrig_proz": 41.2, "sm_bev_niedrig": 14974, "sm_bev_gesamt": 36313, "sm_gebiete_anz": 15, "sm_gebiete_niedrig_anz": 6}}, {"type": "Feature", "geometry": null, "properties": {"stadtteil": "Lurup", "jahr": "2021", "sm_statusindex_score": 2.409, "sm_dynamikindex_score": -0.021, "sm_anteil_niedrig_proz": 42.8, "sm_bev_niedrig": 15615, "sm_bev_gesamt": 36521, "sm_gebiete_anz": 16, "sm_gebiete_niedrig_anz": 7}}, {"type": "Feature", "geometry": null, "properties": {"stadtteil": "Lurup", "jahr": "2022", "sm_statusindex_score": 2.478, "sm_dynamikindex_score": -0.022, "sm_anteil_niedrig_proz": 36.0, "sm_bev_niedrig": 13204, "sm_bev_gesamt": 36651, "sm_gebiete_anz": 16, "sm_gebiete_niedrig_anz": 6}}, {"type": "Feature", "geometry": null, "properties": {"stadtteil": "Lurup", "jahr": "2023", "sm_statusindex_score": 2.458, "sm_dynamikindex_score": -0.015, "sm_anteil_niedrig_proz": 35.9, "sm_bev_niedrig": 13337, "sm_bev_gesamt": 37154, "sm_gebiete_anz": 16, "sm_gebiete_niedrig_anz": 6}}, {"type": "Feature", "geometry": null, "properties": {"stadtteil": "Lurup", "jahr": "2024", "sm_statusindex_score": 2.411, "sm_dynamikindex_score": 0.0, "sm_anteil_niedrig_proz": 42.8, "sm_bev_niedrig": 16038, "sm_bev_gesamt": 37451, "sm_gebiete_anz": 16, "sm_gebiete_niedrig_anz": 6}}, {"type": "Feature", "geometry": null, "properties": {"stadtteil": "Lurup", "jahr": "2025", "sm_statusindex_score": 2.5, "sm_dynamikindex_score": 0.075, "sm_anteil_niedrig_proz": 33.8, "sm_bev_niedrig": 12745, "sm_bev_gesamt": 37755, "sm_gebiete_anz": 16, "sm_gebiete_niedrig_anz": 5}}, {"type": "Feature", "geometry": null, "properties": {"stadtteil": "Marienthal", "jahr": "2013", "sm_statusindex_score": 3.703, "sm_dynamikindex_score": 0.036, "sm_anteil_niedrig_proz": 0.0, "sm_bev_niedrig": 0, "sm_bev_gesamt": 12309, "sm_gebiete_anz": 5, "sm_gebiete_niedrig_anz": 0}}, {"type": "Feature", "geometry": null, "properties": {"stadtteil": "Marienthal", "jahr": "2014", "sm_statusindex_score": 3.472, "sm_dynamikindex_score": -0.074, "sm_anteil_niedrig_proz": 0.0, "sm_bev_niedrig": 0, "sm_bev_gesamt": 12297, "sm_gebiete_anz": 5, "sm_gebiete_niedrig_anz": 0}}, {"type": "Feature", "geometry": null, "properties": {"stadtteil": "Marienthal", "jahr": "2015", "sm_statusindex_score": 3.113, "sm_dynamikindex_score": -0.076, "sm_anteil_niedrig_proz": 0.0, "sm_bev_niedrig": 0, "sm_bev_gesamt": 12358, "sm_gebiete_anz": 5, "sm_gebiete_niedrig_anz": 0}}, {"type": "Feature", "geometry": null, "properties": {"stadtteil": "Marienthal", "jahr": "2016", "sm_statusindex_score": 3.584, "sm_dynamikindex_score": 0.0, "sm_anteil_niedrig_proz": 0.0, "sm_bev_niedrig": 0, "sm_bev_gesamt": 13083, "sm_gebiete_anz": 5, "sm_gebiete_niedrig_anz": 0}}, {"type": "Feature", "geometry": null, "properties": {"stadtteil": "Marienthal", "jahr": "2017", "sm_statusindex_score": 3.201, "sm_dynamikindex_score": 0.0, "sm_anteil_niedrig_proz": 0.0, "sm_bev_niedrig": 0, "sm_bev_gesamt": 13417, "sm_gebiete_anz": 5, "sm_gebiete_niedrig_anz": 0}}, {"type": "Feature", "geometry": null, "properties": {"stadtteil": "Marienthal", "jahr": "2018", "sm_statusindex_score": 3.361, "sm_dynamikindex_score": 0.0, "sm_anteil_niedrig_proz": 0.0, "sm_bev_niedrig": 0, "sm_bev_gesamt": 13310, "sm_gebiete_anz": 5, "sm_gebiete_niedrig_anz": 0}}, {"type": "Feature", "geometry": null, "properties": {"stadtteil": "Marienthal", "jahr": "2019", "sm_statusindex_score": 3.294, "sm_dynamikindex_score": 0.0, "sm_anteil_niedrig_proz": 0.0, "sm_bev_niedrig": 0, "sm_bev_gesamt": 13382, "sm_gebiete_anz": 5, "sm_gebiete_niedrig_anz": 0}}, {"type": "Feature", "geometry": null, "properties": {"stadtteil": "Marienthal", "jahr": "2020", "sm_statusindex_score": 3.293, "sm_dynamikindex_score": 0.0, "sm_anteil_niedrig_proz": 0.0, "sm_bev_niedrig": 0, "sm_bev_gesamt": 13521, "sm_gebiete_anz": 5, "sm_gebiete_niedrig_anz": 0}}, {"type": "Feature", "geometry": null, "properties": {"stadtteil": "Marienthal", "jahr": "2021", "sm_statusindex_score": 3.071, "sm_dynamikindex_score": 0.071, "sm_anteil_niedrig_proz": 0.0, "sm_bev_niedrig": 0, "sm_bev_gesamt": 13471, "sm_gebiete_anz": 5, "sm_gebiete_niedrig_anz": 0}}, {"type": "Feature", "geometry": null, "properties": {"stadtteil": "Marienthal", "jahr": "2022", "sm_statusindex_score": 3.298, "sm_dynamikindex_score": 0.0, "sm_anteil_niedrig_proz": 0.0, "sm_bev_niedrig": 0, "sm_bev_gesamt": 13472, "sm_gebiete_anz": 5, "sm_gebiete_niedrig_anz": 0}}, {"type": "Feature", "geometry": null, "properties": {"stadtteil": "Marienthal", "jahr": "2023", "sm_statusindex_score": 3.223, "sm_dynamikindex_score": 0.0, "sm_anteil_niedrig_proz": 0.0, "sm_bev_niedrig": 0, "sm_bev_gesamt": 13618, "sm_gebiete_anz": 5, "sm_gebiete_niedrig_anz": 0}}, {"type": "Feature", "geometry": null, "properties": {"stadtteil": "Marienthal", "jahr": "2024", "sm_statusindex_score": 3.29, "sm_dynamikindex_score": 0.0, "sm_anteil_niedrig_proz": 0.0, "sm_bev_niedrig": 0, "sm_bev_gesamt": 13879, "sm_gebiete_anz": 5, "sm_gebiete_niedrig_anz": 0}}, {"type": "Feature", "geometry": null, "properties": {"stadtteil": "Marienthal", "jahr": "2025", "sm_statusindex_score": 3.293, "sm_dynamikindex_score": 0.0, "sm_anteil_niedrig_proz": 0.0, "sm_bev_niedrig": 0, "sm_bev_gesamt": 13779, "sm_gebiete_anz": 5, "sm_gebiete_niedrig_anz": 0}}, {"type": "Feature", "geometry": null, "properties": {"stadtteil": "Marmstorf", "jahr": "2013", "sm_statusindex_score": 3.221, "sm_dynamikindex_score": -0.393, "sm_anteil_niedrig_proz": 0.0, "sm_bev_niedrig": 0, "sm_bev_gesamt": 8783, "sm_gebiete_anz": 5, "sm_gebiete_niedrig_anz": 0}}, {"type": "Feature", "geometry": null, "properties": {"stadtteil": "Marmstorf", "jahr": "2014", "sm_statusindex_score": 3.222, "sm_dynamikindex_score": 0.0, "sm_anteil_niedrig_proz": 0.0, "sm_bev_niedrig": 0, "sm_bev_gesamt": 8801, "sm_gebiete_anz": 5, "sm_gebiete_niedrig_anz": 0}}, {"type": "Feature", "geometry": null, "properties": {"stadtteil": "Marmstorf", "jahr": "2015", "sm_statusindex_score": 3.221, "sm_dynamikindex_score": 0.0, "sm_anteil_niedrig_proz": 0.0, "sm_bev_niedrig": 0, "sm_bev_gesamt": 8780, "sm_gebiete_anz": 5, "sm_gebiete_niedrig_anz": 0}}, {"type": "Feature", "geometry": null, "properties": {"stadtteil": "Marmstorf", "jahr": "2016", "sm_statusindex_score": 3.22, "sm_dynamikindex_score": 0.0, "sm_anteil_niedrig_proz": 0.0, "sm_bev_niedrig": 0, "sm_bev_gesamt": 8820, "sm_gebiete_anz": 5, "sm_gebiete_niedrig_anz": 0}}, {"type": "Feature", "geometry": null, "properties": {"stadtteil": "Marmstorf", "jahr": "2017", "sm_statusindex_score": 3.225, "sm_dynamikindex_score": 0.0, "sm_anteil_niedrig_proz": 0.0, "sm_bev_niedrig": 0, "sm_bev_gesamt": 8850, "sm_gebiete_anz": 5, "sm_gebiete_niedrig_anz": 0}}, {"type": "Feature", "geometry": null, "properties": {"stadtteil": "Marmstorf", "jahr": "2018", "sm_statusindex_score": 3.224, "sm_dynamikindex_score": 0.0, "sm_anteil_niedrig_proz": 0.0, "sm_bev_niedrig": 0, "sm_bev_gesamt": 8863, "sm_gebiete_anz": 5, "sm_gebiete_niedrig_anz": 0}}, {"type": "Feature", "geometry": null, "properties": {"stadtteil": "Marmstorf", "jahr": "2019", "sm_statusindex_score": 3.224, "sm_dynamikindex_score": 0.0, "sm_anteil_niedrig_proz": 0.0, "sm_bev_niedrig": 0, "sm_bev_gesamt": 8929, "sm_gebiete_anz": 5, "sm_gebiete_niedrig_anz": 0}}, {"type": "Feature", "geometry": null, "properties": {"stadtteil": "Marmstorf", "jahr": "2020", "sm_statusindex_score": 3.224, "sm_dynamikindex_score": 0.0, "sm_anteil_niedrig_proz": 0.0, "sm_bev_niedrig": 0, "sm_bev_gesamt": 8960, "sm_gebiete_anz": 5, "sm_gebiete_niedrig_anz": 0}}, {"type": "Feature", "geometry": null, "properties": {"stadtteil": "Marmstorf", "jahr": "2021", "sm_statusindex_score": 3.221, "sm_dynamikindex_score": 0.0, "sm_anteil_niedrig_proz": 0.0, "sm_bev_niedrig": 0, "sm_bev_gesamt": 9032, "sm_gebiete_anz": 5, "sm_gebiete_niedrig_anz": 0}}, {"type": "Feature", "geometry": null, "properties": {"stadtteil": "Marmstorf", "jahr": "2022", "sm_statusindex_score": 3.101, "sm_dynamikindex_score": 0.0, "sm_anteil_niedrig_proz": 0.0, "sm_bev_niedrig": 0, "sm_bev_gesamt": 8980, "sm_gebiete_anz": 5, "sm_gebiete_niedrig_anz": 0}}, {"type": "Feature", "geometry": null, "properties": {"stadtteil": "Marmstorf", "jahr": "2023", "sm_statusindex_score": 3.099, "sm_dynamikindex_score": 0.0, "sm_anteil_niedrig_proz": 0.0, "sm_bev_niedrig": 0, "sm_bev_gesamt": 8988, "sm_gebiete_anz": 5, "sm_gebiete_niedrig_anz": 0}}, {"type": "Feature", "geometry": null, "properties": {"stadtteil": "Marmstorf", "jahr": "2024", "sm_statusindex_score": 3.0, "sm_dynamikindex_score": 0.0, "sm_anteil_niedrig_proz": 0.0, "sm_bev_niedrig": 0, "sm_bev_gesamt": 9262, "sm_gebiete_anz": 5, "sm_gebiete_niedrig_anz": 0}}, {"type": "Feature", "geometry": null, "properties": {"stadtteil": "Marmstorf", "jahr": "2025", "sm_statusindex_score": 3.0, "sm_dynamikindex_score": 0.0, "sm_anteil_niedrig_proz": 0.0, "sm_bev_niedrig": 0, "sm_bev_gesamt": 9290, "sm_gebiete_anz": 5, "sm_gebiete_niedrig_anz": 0}}, {"type": "Feature", "geometry": null, "properties": {"stadtteil": "Moorburg/Altenwerder", "jahr": "2013", "sm_statusindex_score": 3.0, "sm_dynamikindex_score": 0.0, "sm_anteil_niedrig_proz": 0.0, "sm_bev_niedrig": 0, "sm_bev_gesamt": 516, "sm_gebiete_anz": 1, "sm_gebiete_niedrig_anz": 0}}, {"type": "Feature", "geometry": null, "properties": {"stadtteil": "Moorburg/Altenwerder", "jahr": "2014", "sm_statusindex_score": 3.0, "sm_dynamikindex_score": 0.0, "sm_anteil_niedrig_proz": 0.0, "sm_bev_niedrig": 0, "sm_bev_gesamt": 539, "sm_gebiete_anz": 1, "sm_gebiete_niedrig_anz": 0}}, {"type": "Feature", "geometry": null, "properties": {"stadtteil": "Moorburg/Altenwerder", "jahr": "2015", "sm_statusindex_score": 3.0, "sm_dynamikindex_score": 1.0, "sm_anteil_niedrig_proz": 0.0, "sm_bev_niedrig": 0, "sm_bev_gesamt": 594, "sm_gebiete_anz": 1, "sm_gebiete_niedrig_anz": 0}}, {"type": "Feature", "geometry": null, "properties": {"stadtteil": "Moorburg/Altenwerder", "jahr": "2016", "sm_statusindex_score": 3.0, "sm_dynamikindex_score": 0.0, "sm_anteil_niedrig_proz": 0.0, "sm_bev_niedrig": 0, "sm_bev_gesamt": 551, "sm_gebiete_anz": 1, "sm_gebiete_niedrig_anz": 0}}, {"type": "Feature", "geometry": null, "properties": {"stadtteil": "Moorburg/Altenwerder", "jahr": "2017", "sm_statusindex_score": 3.0, "sm_dynamikindex_score": 0.0, "sm_anteil_niedrig_proz": 0.0, "sm_bev_niedrig": 0, "sm_bev_gesamt": 557, "sm_gebiete_anz": 1, "sm_gebiete_niedrig_anz": 0}}, {"type": "Feature", "geometry": null, "properties": {"stadtteil": "Moorburg/Altenwerder", "jahr": "2018", "sm_statusindex_score": 3.0, "sm_dynamikindex_score": 0.0, "sm_anteil_niedrig_proz": 0.0, "sm_bev_niedrig": 0, "sm_bev_gesamt": 556, "sm_gebiete_anz": 1, "sm_gebiete_niedrig_anz": 0}}, {"type": "Feature", "geometry": null, "properties": {"stadtteil": "Moorburg/Altenwerder", "jahr": "2019", "sm_statusindex_score": 3.0, "sm_dynamikindex_score": 0.0, "sm_anteil_niedrig_proz": 0.0, "sm_bev_niedrig": 0, "sm_bev_gesamt": 556, "sm_gebiete_anz": 1, "sm_gebiete_niedrig_anz": 0}}, {"type": "Feature", "geometry": null, "properties": {"stadtteil": "Moorburg/Altenwerder", "jahr": "2020", "sm_statusindex_score": 3.0, "sm_dynamikindex_score": 0.0, "sm_anteil_niedrig_proz": 0.0, "sm_bev_niedrig": 0, "sm_bev_gesamt": 534, "sm_gebiete_anz": 1, "sm_gebiete_niedrig_anz": 0}}, {"type": "Feature", "geometry": null, "properties": {"stadtteil": "Moorburg/Altenwerder", "jahr": "2021", "sm_statusindex_score": 3.0, "sm_dynamikindex_score": 0.0, "sm_anteil_niedrig_proz": 0.0, "sm_bev_niedrig": 0, "sm_bev_gesamt": 524, "sm_gebiete_anz": 1, "sm_gebiete_niedrig_anz": 0}}, {"type": "Feature", "geometry": null, "properties": {"stadtteil": "Moorburg/Altenwerder", "jahr": "2022", "sm_statusindex_score": 3.0, "sm_dynamikindex_score": 0.0, "sm_anteil_niedrig_proz": 0.0, "sm_bev_niedrig": 0, "sm_bev_gesamt": 532, "sm_gebiete_anz": 1, "sm_gebiete_niedrig_anz": 0}}, {"type": "Feature", "geometry": null, "properties": {"stadtteil": "Moorburg/Altenwerder", "jahr": "2023", "sm_statusindex_score": 3.0, "sm_dynamikindex_score": 0.0, "sm_anteil_niedrig_proz": 0.0, "sm_bev_niedrig": 0, "sm_bev_gesamt": 521, "sm_gebiete_anz": 1, "sm_gebiete_niedrig_anz": 0}}, {"type": "Feature", "geometry": null, "properties": {"stadtteil": "Moorburg/Altenwerder", "jahr": "2024", "sm_statusindex_score": 3.0, "sm_dynamikindex_score": 0.0, "sm_anteil_niedrig_proz": 0.0, "sm_bev_niedrig": 0, "sm_bev_gesamt": 529, "sm_gebiete_anz": 1, "sm_gebiete_niedrig_anz": 0}}, {"type": "Feature", "geometry": null, "properties": {"stadtteil": "Moorburg/Altenwerder", "jahr": "2025", "sm_statusindex_score": 3.0, "sm_dynamikindex_score": -1.0, "sm_anteil_niedrig_proz": 0.0, "sm_bev_niedrig": 0, "sm_bev_gesamt": 542, "sm_gebiete_anz": 1, "sm_gebiete_niedrig_anz": 0}}, {"type": "Feature", "geometry": null, "properties": {"stadtteil": "Moorfleet", "jahr": "2013", "sm_statusindex_score": 3.0, "sm_dynamikindex_score": -1.0, "sm_anteil_niedrig_proz": 0.0, "sm_bev_niedrig": 0, "sm_bev_gesamt": 1156, "sm_gebiete_anz": 1, "sm_gebiete_niedrig_anz": 0}}, {"type": "Feature", "geometry": null, "properties": {"stadtteil": "Moorfleet", "jahr": "2014", "sm_statusindex_score": 3.0, "sm_dynamikindex_score": -1.0, "sm_anteil_niedrig_proz": 0.0, "sm_bev_niedrig": 0, "sm_bev_gesamt": 1249, "sm_gebiete_anz": 1, "sm_gebiete_niedrig_anz": 0}}, {"type": "Feature", "geometry": null, "properties": {"stadtteil": "Moorfleet", "jahr": "2015", "sm_statusindex_score": 3.0, "sm_dynamikindex_score": -1.0, "sm_anteil_niedrig_proz": 0.0, "sm_bev_niedrig": 0, "sm_bev_gesamt": 1243, "sm_gebiete_anz": 1, "sm_gebiete_niedrig_anz": 0}}, {"type": "Feature", "geometry": null, "properties": {"stadtteil": "Moorfleet", "jahr": "2016", "sm_statusindex_score": 3.0, "sm_dynamikindex_score": 0.0, "sm_anteil_niedrig_proz": 0.0, "sm_bev_niedrig": 0, "sm_bev_gesamt": 1263, "sm_gebiete_anz": 1, "sm_gebiete_niedrig_anz": 0}}, {"type": "Feature", "geometry": null, "properties": {"stadtteil": "Moorfleet", "jahr": "2017", "sm_statusindex_score": 3.0, "sm_dynamikindex_score": 0.0, "sm_anteil_niedrig_proz": 0.0, "sm_bev_niedrig": 0, "sm_bev_gesamt": 1277, "sm_gebiete_anz": 1, "sm_gebiete_niedrig_anz": 0}}, {"type": "Feature", "geometry": null, "properties": {"stadtteil": "Moorfleet", "jahr": "2018", "sm_statusindex_score": 3.0, "sm_dynamikindex_score": 0.0, "sm_anteil_niedrig_proz": 0.0, "sm_bev_niedrig": 0, "sm_bev_gesamt": 1254, "sm_gebiete_anz": 1, "sm_gebiete_niedrig_anz": 0}}, {"type": "Feature", "geometry": null, "properties": {"stadtteil": "Moorfleet", "jahr": "2019", "sm_statusindex_score": 3.0, "sm_dynamikindex_score": 0.0, "sm_anteil_niedrig_proz": 0.0, "sm_bev_niedrig": 0, "sm_bev_gesamt": 1235, "sm_gebiete_anz": 1, "sm_gebiete_niedrig_anz": 0}}, {"type": "Feature", "geometry": null, "properties": {"stadtteil": "Moorfleet", "jahr": "2020", "sm_statusindex_score": 3.0, "sm_dynamikindex_score": 0.0, "sm_anteil_niedrig_proz": 0.0, "sm_bev_niedrig": 0, "sm_bev_gesamt": 1228, "sm_gebiete_anz": 1, "sm_gebiete_niedrig_anz": 0}}, {"type": "Feature", "geometry": null, "properties": {"stadtteil": "Moorfleet", "jahr": "2021", "sm_statusindex_score": 3.0, "sm_dynamikindex_score": -1.0, "sm_anteil_niedrig_proz": 0.0, "sm_bev_niedrig": 0, "sm_bev_gesamt": 1186, "sm_gebiete_anz": 1, "sm_gebiete_niedrig_anz": 0}}, {"type": "Feature", "geometry": null, "properties": {"stadtteil": "Moorfleet", "jahr": "2022", "sm_statusindex_score": 3.0, "sm_dynamikindex_score": 0.0, "sm_anteil_niedrig_proz": 0.0, "sm_bev_niedrig": 0, "sm_bev_gesamt": 1183, "sm_gebiete_anz": 1, "sm_gebiete_niedrig_anz": 0}}, {"type": "Feature", "geometry": null, "properties": {"stadtteil": "Moorfleet", "jahr": "2023", "sm_statusindex_score": 3.0, "sm_dynamikindex_score": 0.0, "sm_anteil_niedrig_proz": 0.0, "sm_bev_niedrig": 0, "sm_bev_gesamt": 1177, "sm_gebiete_anz": 1, "sm_gebiete_niedrig_anz": 0}}, {"type": "Feature", "geometry": null, "properties": {"stadtteil": "Moorfleet", "jahr": "2024", "sm_statusindex_score": 3.0, "sm_dynamikindex_score": 0.0, "sm_anteil_niedrig_proz": 0.0, "sm_bev_niedrig": 0, "sm_bev_gesamt": 1178, "sm_gebiete_anz": 1, "sm_gebiete_niedrig_anz": 0}}, {"type": "Feature", "geometry": null, "properties": {"stadtteil": "Moorfleet", "jahr": "2025", "sm_statusindex_score": 3.0, "sm_dynamikindex_score": 0.0, "sm_anteil_niedrig_proz": 0.0, "sm_bev_niedrig": 0, "sm_bev_gesamt": 1203, "sm_gebiete_anz": 1, "sm_gebiete_niedrig_anz": 0}}, {"type": "Feature", "geometry": null, "properties": {"stadtteil": "Neuallermöhe", "jahr": "2013", "sm_statusindex_score": 1.857, "sm_dynamikindex_score": -0.162, "sm_anteil_niedrig_proz": 61.1, "sm_bev_niedrig": 14418, "sm_bev_gesamt": 23596, "sm_gebiete_anz": 15, "sm_gebiete_niedrig_anz": 8}}, {"type": "Feature", "geometry": null, "properties": {"stadtteil": "Neuallermöhe", "jahr": "2014", "sm_statusindex_score": 1.923, "sm_dynamikindex_score": -0.178, "sm_anteil_niedrig_proz": 61.5, "sm_bev_niedrig": 14610, "sm_bev_gesamt": 23762, "sm_gebiete_anz": 15, "sm_gebiete_niedrig_anz": 8}}, {"type": "Feature", "geometry": null, "properties": {"stadtteil": "Neuallermöhe", "jahr": "2015", "sm_statusindex_score": 1.932, "sm_dynamikindex_score": -0.153, "sm_anteil_niedrig_proz": 61.1, "sm_bev_niedrig": 14556, "sm_bev_gesamt": 23841, "sm_gebiete_anz": 15, "sm_gebiete_niedrig_anz": 8}}, {"type": "Feature", "geometry": null, "properties": {"stadtteil": "Neuallermöhe", "jahr": "2016", "sm_statusindex_score": 1.784, "sm_dynamikindex_score": -0.174, "sm_anteil_niedrig_proz": 60.8, "sm_bev_niedrig": 14533, "sm_bev_gesamt": 23896, "sm_gebiete_anz": 15, "sm_gebiete_niedrig_anz": 8}}, {"type": "Feature", "geometry": null, "properties": {"stadtteil": "Neuallermöhe", "jahr": "2017", "sm_statusindex_score": 2.121, "sm_dynamikindex_score": 0.0, "sm_anteil_niedrig_proz": 60.9, "sm_bev_niedrig": 14434, "sm_bev_gesamt": 23715, "sm_gebiete_anz": 15, "sm_gebiete_niedrig_anz": 8}}, {"type": "Feature", "geometry": null, "properties": {"stadtteil": "Neuallermöhe", "jahr": "2018", "sm_statusindex_score": 2.008, "sm_dynamikindex_score": -0.042, "sm_anteil_niedrig_proz": 61.5, "sm_bev_niedrig": 14658, "sm_bev_gesamt": 23844, "sm_gebiete_anz": 15, "sm_gebiete_niedrig_anz": 8}}, {"type": "Feature", "geometry": null, "properties": {"stadtteil": "Neuallermöhe", "jahr": "2019", "sm_statusindex_score": 2.013, "sm_dynamikindex_score": 0.0, "sm_anteil_niedrig_proz": 61.2, "sm_bev_niedrig": 14467, "sm_bev_gesamt": 23620, "sm_gebiete_anz": 15, "sm_gebiete_niedrig_anz": 8}}, {"type": "Feature", "geometry": null, "properties": {"stadtteil": "Neuallermöhe", "jahr": "2020", "sm_statusindex_score": 2.099, "sm_dynamikindex_score": 0.0, "sm_anteil_niedrig_proz": 52.5, "sm_bev_niedrig": 12326, "sm_bev_gesamt": 23479, "sm_gebiete_anz": 15, "sm_gebiete_niedrig_anz": 7}}, {"type": "Feature", "geometry": null, "properties": {"stadtteil": "Neuallermöhe", "jahr": "2021", "sm_statusindex_score": 2.174, "sm_dynamikindex_score": 0.076, "sm_anteil_niedrig_proz": 61.9, "sm_bev_niedrig": 14565, "sm_bev_gesamt": 23511, "sm_gebiete_anz": 15, "sm_gebiete_niedrig_anz": 8}}, {"type": "Feature", "geometry": null, "properties": {"stadtteil": "Neuallermöhe", "jahr": "2022", "sm_statusindex_score": 2.09, "sm_dynamikindex_score": 0.032, "sm_anteil_niedrig_proz": 62.3, "sm_bev_niedrig": 14543, "sm_bev_gesamt": 23330, "sm_gebiete_anz": 15, "sm_gebiete_niedrig_anz": 8}}, {"type": "Feature", "geometry": null, "properties": {"stadtteil": "Neuallermöhe", "jahr": "2023", "sm_statusindex_score": 2.165, "sm_dynamikindex_score": 0.0, "sm_anteil_niedrig_proz": 62.4, "sm_bev_niedrig": 14576, "sm_bev_gesamt": 23368, "sm_gebiete_anz": 15, "sm_gebiete_niedrig_anz": 8}}, {"type": "Feature", "geometry": null, "properties": {"stadtteil": "Neuallermöhe", "jahr": "2024", "sm_statusindex_score": 2.132, "sm_dynamikindex_score": 0.127, "sm_anteil_niedrig_proz": 62.4, "sm_bev_niedrig": 14506, "sm_bev_gesamt": 23231, "sm_gebiete_anz": 15, "sm_gebiete_niedrig_anz": 8}}, {"type": "Feature", "geometry": null, "properties": {"stadtteil": "Neuallermöhe", "jahr": "2025", "sm_statusindex_score": 2.168, "sm_dynamikindex_score": 0.194, "sm_anteil_niedrig_proz": 62.1, "sm_bev_niedrig": 14418, "sm_bev_gesamt": 23233, "sm_gebiete_anz": 15, "sm_gebiete_niedrig_anz": 8}}, {"type": "Feature", "geometry": null, "properties": {"stadtteil": "Neuenfelde", "jahr": "2013", "sm_statusindex_score": 3.0, "sm_dynamikindex_score": -0.335, "sm_anteil_niedrig_proz": 0.0, "sm_bev_niedrig": 0, "sm_bev_gesamt": 4444, "sm_gebiete_anz": 4, "sm_gebiete_niedrig_anz": 0}}, {"type": "Feature", "geometry": null, "properties": {"stadtteil": "Neuenfelde", "jahr": "2014", "sm_statusindex_score": 3.0, "sm_dynamikindex_score": -0.188, "sm_anteil_niedrig_proz": 0.0, "sm_bev_niedrig": 0, "sm_bev_gesamt": 4481, "sm_gebiete_anz": 4, "sm_gebiete_niedrig_anz": 0}}, {"type": "Feature", "geometry": null, "properties": {"stadtteil": "Neuenfelde", "jahr": "2015", "sm_statusindex_score": 3.0, "sm_dynamikindex_score": 0.047, "sm_anteil_niedrig_proz": 0.0, "sm_bev_niedrig": 0, "sm_bev_gesamt": 4562, "sm_gebiete_anz": 4, "sm_gebiete_niedrig_anz": 0}}, {"type": "Feature", "geometry": null, "properties": {"stadtteil": "Neuenfelde", "jahr": "2016", "sm_statusindex_score": 3.0, "sm_dynamikindex_score": 0.0, "sm_anteil_niedrig_proz": 0.0, "sm_bev_niedrig": 0, "sm_bev_gesamt": 4644, "sm_gebiete_anz": 4, "sm_gebiete_niedrig_anz": 0}}, {"type": "Feature", "geometry": null, "properties": {"stadtteil": "Neuenfelde", "jahr": "2017", "sm_statusindex_score": 3.0, "sm_dynamikindex_score": -0.189, "sm_anteil_niedrig_proz": 0.0, "sm_bev_niedrig": 0, "sm_bev_gesamt": 4954, "sm_gebiete_anz": 4, "sm_gebiete_niedrig_anz": 0}}, {"type": "Feature", "geometry": null, "properties": {"stadtteil": "Neuenfelde", "jahr": "2018", "sm_statusindex_score": 2.599, "sm_dynamikindex_score": -0.182, "sm_anteil_niedrig_proz": 40.1, "sm_bev_niedrig": 1950, "sm_bev_gesamt": 4861, "sm_gebiete_anz": 4, "sm_gebiete_niedrig_anz": 1}}, {"type": "Feature", "geometry": null, "properties": {"stadtteil": "Neuenfelde", "jahr": "2019", "sm_statusindex_score": 2.606, "sm_dynamikindex_score": -0.189, "sm_anteil_niedrig_proz": 39.4, "sm_bev_niedrig": 1908, "sm_bev_gesamt": 4848, "sm_gebiete_anz": 4, "sm_gebiete_niedrig_anz": 1}}, {"type": "Feature", "geometry": null, "properties": {"stadtteil": "Neuenfelde", "jahr": "2020", "sm_statusindex_score": 3.0, "sm_dynamikindex_score": 0.0, "sm_anteil_niedrig_proz": 0.0, "sm_bev_niedrig": 0, "sm_bev_gesamt": 4927, "sm_gebiete_anz": 4, "sm_gebiete_niedrig_anz": 0}}, {"type": "Feature", "geometry": null, "properties": {"stadtteil": "Neuenfelde", "jahr": "2021", "sm_statusindex_score": 2.59, "sm_dynamikindex_score": 0.178, "sm_anteil_niedrig_proz": 41.0, "sm_bev_niedrig": 2002, "sm_bev_gesamt": 4883, "sm_gebiete_anz": 4, "sm_gebiete_niedrig_anz": 1}}, {"type": "Feature", "geometry": null, "properties": {"stadtteil": "Neuenfelde", "jahr": "2022", "sm_statusindex_score": 2.411, "sm_dynamikindex_score": -0.589, "sm_anteil_niedrig_proz": 58.9, "sm_bev_niedrig": 3008, "sm_bev_gesamt": 5108, "sm_gebiete_anz": 4, "sm_gebiete_niedrig_anz": 2}}, {"type": "Feature", "geometry": null, "properties": {"stadtteil": "Neuenfelde", "jahr": "2023", "sm_statusindex_score": 2.611, "sm_dynamikindex_score": -0.194, "sm_anteil_niedrig_proz": 38.9, "sm_bev_niedrig": 2040, "sm_bev_gesamt": 5245, "sm_gebiete_anz": 4, "sm_gebiete_niedrig_anz": 1}}, {"type": "Feature", "geometry": null, "properties": {"stadtteil": "Neuenfelde", "jahr": "2024", "sm_statusindex_score": 2.612, "sm_dynamikindex_score": -0.188, "sm_anteil_niedrig_proz": 38.8, "sm_bev_niedrig": 2028, "sm_bev_gesamt": 5228, "sm_gebiete_anz": 4, "sm_gebiete_niedrig_anz": 1}}, {"type": "Feature", "geometry": null, "properties": {"stadtteil": "Neuenfelde", "jahr": "2025", "sm_statusindex_score": 2.614, "sm_dynamikindex_score": 0.195, "sm_anteil_niedrig_proz": 38.6, "sm_bev_niedrig": 2049, "sm_bev_gesamt": 5314, "sm_gebiete_anz": 4, "sm_gebiete_niedrig_anz": 1}}, {"type": "Feature", "geometry": null, "properties": {"stadtteil": "Neuengamme", "jahr": "2013", "sm_statusindex_score": 3.607, "sm_dynamikindex_score": 0.0, "sm_anteil_niedrig_proz": 0.0, "sm_bev_niedrig": 0, "sm_bev_gesamt": 3553, "sm_gebiete_anz": 2, "sm_gebiete_niedrig_anz": 0}}, {"type": "Feature", "geometry": null, "properties": {"stadtteil": "Neuengamme", "jahr": "2014", "sm_statusindex_score": 3.606, "sm_dynamikindex_score": 0.0, "sm_anteil_niedrig_proz": 0.0, "sm_bev_niedrig": 0, "sm_bev_gesamt": 3584, "sm_gebiete_anz": 2, "sm_gebiete_niedrig_anz": 0}}, {"type": "Feature", "geometry": null, "properties": {"stadtteil": "Neuengamme", "jahr": "2015", "sm_statusindex_score": 3.61, "sm_dynamikindex_score": 0.0, "sm_anteil_niedrig_proz": 0.0, "sm_bev_niedrig": 0, "sm_bev_gesamt": 3651, "sm_gebiete_anz": 2, "sm_gebiete_niedrig_anz": 0}}, {"type": "Feature", "geometry": null, "properties": {"stadtteil": "Neuengamme", "jahr": "2016", "sm_statusindex_score": 4.0, "sm_dynamikindex_score": 0.0, "sm_anteil_niedrig_proz": 0.0, "sm_bev_niedrig": 0, "sm_bev_gesamt": 3666, "sm_gebiete_anz": 2, "sm_gebiete_niedrig_anz": 0}}, {"type": "Feature", "geometry": null, "properties": {"stadtteil": "Neuengamme", "jahr": "2017", "sm_statusindex_score": 3.392, "sm_dynamikindex_score": 0.0, "sm_anteil_niedrig_proz": 0.0, "sm_bev_niedrig": 0, "sm_bev_gesamt": 3691, "sm_gebiete_anz": 2, "sm_gebiete_niedrig_anz": 0}}, {"type": "Feature", "geometry": null, "properties": {"stadtteil": "Neuengamme", "jahr": "2018", "sm_statusindex_score": 3.388, "sm_dynamikindex_score": 0.0, "sm_anteil_niedrig_proz": 0.0, "sm_bev_niedrig": 0, "sm_bev_gesamt": 3705, "sm_gebiete_anz": 2, "sm_gebiete_niedrig_anz": 0}}, {"type": "Feature", "geometry": null, "properties": {"stadtteil": "Neuengamme", "jahr": "2019", "sm_statusindex_score": 3.393, "sm_dynamikindex_score": 0.0, "sm_anteil_niedrig_proz": 0.0, "sm_bev_niedrig": 0, "sm_bev_gesamt": 3742, "sm_gebiete_anz": 2, "sm_gebiete_niedrig_anz": 0}}, {"type": "Feature", "geometry": null, "properties": {"stadtteil": "Neuengamme", "jahr": "2020", "sm_statusindex_score": 3.0, "sm_dynamikindex_score": 0.0, "sm_anteil_niedrig_proz": 0.0, "sm_bev_niedrig": 0, "sm_bev_gesamt": 3730, "sm_gebiete_anz": 2, "sm_gebiete_niedrig_anz": 0}}, {"type": "Feature", "geometry": null, "properties": {"stadtteil": "Neuengamme", "jahr": "2021", "sm_statusindex_score": 3.0, "sm_dynamikindex_score": 0.0, "sm_anteil_niedrig_proz": 0.0, "sm_bev_niedrig": 0, "sm_bev_gesamt": 3711, "sm_gebiete_anz": 2, "sm_gebiete_niedrig_anz": 0}}, {"type": "Feature", "geometry": null, "properties": {"stadtteil": "Neuengamme", "jahr": "2022", "sm_statusindex_score": 3.389, "sm_dynamikindex_score": 0.0, "sm_anteil_niedrig_proz": 0.0, "sm_bev_niedrig": 0, "sm_bev_gesamt": 3710, "sm_gebiete_anz": 2, "sm_gebiete_niedrig_anz": 0}}, {"type": "Feature", "geometry": null, "properties": {"stadtteil": "Neuengamme", "jahr": "2023", "sm_statusindex_score": 3.388, "sm_dynamikindex_score": 0.0, "sm_anteil_niedrig_proz": 0.0, "sm_bev_niedrig": 0, "sm_bev_gesamt": 3720, "sm_gebiete_anz": 2, "sm_gebiete_niedrig_anz": 0}}, {"type": "Feature", "geometry": null, "properties": {"stadtteil": "Neuengamme", "jahr": "2024", "sm_statusindex_score": 3.0, "sm_dynamikindex_score": 0.0, "sm_anteil_niedrig_proz": 0.0, "sm_bev_niedrig": 0, "sm_bev_gesamt": 3657, "sm_gebiete_anz": 2, "sm_gebiete_niedrig_anz": 0}}, {"type": "Feature", "geometry": null, "properties": {"stadtteil": "Neuengamme", "jahr": "2025", "sm_statusindex_score": 3.0, "sm_dynamikindex_score": 0.0, "sm_anteil_niedrig_proz": 0.0, "sm_bev_niedrig": 0, "sm_bev_gesamt": 3731, "sm_gebiete_anz": 2, "sm_gebiete_niedrig_anz": 0}}, {"type": "Feature", "geometry": null, "properties": {"stadtteil": "Neugraben-Fischbek", "jahr": "2013", "sm_statusindex_score": 2.636, "sm_dynamikindex_score": -0.393, "sm_anteil_niedrig_proz": 35.8, "sm_bev_niedrig": 9628, "sm_bev_gesamt": 26893, "sm_gebiete_anz": 11, "sm_gebiete_niedrig_anz": 4}}, {"type": "Feature", "geometry": null, "properties": {"stadtteil": "Neugraben-Fischbek", "jahr": "2014", "sm_statusindex_score": 2.635, "sm_dynamikindex_score": -0.188, "sm_anteil_niedrig_proz": 35.8, "sm_bev_niedrig": 9662, "sm_bev_gesamt": 27022, "sm_gebiete_anz": 11, "sm_gebiete_niedrig_anz": 4}}, {"type": "Feature", "geometry": null, "properties": {"stadtteil": "Neugraben-Fischbek", "jahr": "2015", "sm_statusindex_score": 2.535, "sm_dynamikindex_score": -0.049, "sm_anteil_niedrig_proz": 36.4, "sm_bev_niedrig": 9958, "sm_bev_gesamt": 27360, "sm_gebiete_anz": 11, "sm_gebiete_niedrig_anz": 4}}, {"type": "Feature", "geometry": null, "properties": {"stadtteil": "Neugraben-Fischbek", "jahr": "2016", "sm_statusindex_score": 2.391, "sm_dynamikindex_score": 0.025, "sm_anteil_niedrig_proz": 35.9, "sm_bev_niedrig": 9907, "sm_bev_gesamt": 27603, "sm_gebiete_anz": 11, "sm_gebiete_niedrig_anz": 4}}, {"type": "Feature", "geometry": null, "properties": {"stadtteil": "Neugraben-Fischbek", "jahr": "2017", "sm_statusindex_score": 2.357, "sm_dynamikindex_score": -0.028, "sm_anteil_niedrig_proz": 37.3, "sm_bev_niedrig": 10690, "sm_bev_gesamt": 28635, "sm_gebiete_anz": 12, "sm_gebiete_niedrig_anz": 5}}, {"type": "Feature", "geometry": null, "properties": {"stadtteil": "Neugraben-Fischbek", "jahr": "2018", "sm_statusindex_score": 2.482, "sm_dynamikindex_score": 0.064, "sm_anteil_niedrig_proz": 37.6, "sm_bev_niedrig": 11110, "sm_bev_gesamt": 29529, "sm_gebiete_anz": 12, "sm_gebiete_niedrig_anz": 5}}, {"type": "Feature", "geometry": null, "properties": {"stadtteil": "Neugraben-Fischbek", "jahr": "2019", "sm_statusindex_score": 2.529, "sm_dynamikindex_score": 0.004, "sm_anteil_niedrig_proz": 33.3, "sm_bev_niedrig": 10091, "sm_bev_gesamt": 30337, "sm_gebiete_anz": 12, "sm_gebiete_niedrig_anz": 4}}, {"type": "Feature", "geometry": null, "properties": {"stadtteil": "Neugraben-Fischbek", "jahr": "2020", "sm_statusindex_score": 2.539, "sm_dynamikindex_score": 0.019, "sm_anteil_niedrig_proz": 32.4, "sm_bev_niedrig": 10125, "sm_bev_gesamt": 31264, "sm_gebiete_anz": 12, "sm_gebiete_niedrig_anz": 4}}, {"type": "Feature", "geometry": null, "properties": {"stadtteil": "Neugraben-Fischbek", "jahr": "2021", "sm_statusindex_score": 2.469, "sm_dynamikindex_score": 0.064, "sm_anteil_niedrig_proz": 31.1, "sm_bev_niedrig": 9877, "sm_bev_gesamt": 31728, "sm_gebiete_anz": 12, "sm_gebiete_niedrig_anz": 4}}, {"type": "Feature", "geometry": null, "properties": {"stadtteil": "Neugraben-Fischbek", "jahr": "2022", "sm_statusindex_score": 2.5, "sm_dynamikindex_score": 0.074, "sm_anteil_niedrig_proz": 29.4, "sm_bev_niedrig": 9635, "sm_bev_gesamt": 32781, "sm_gebiete_anz": 12, "sm_gebiete_niedrig_anz": 4}}, {"type": "Feature", "geometry": null, "properties": {"stadtteil": "Neugraben-Fischbek", "jahr": "2023", "sm_statusindex_score": 2.676, "sm_dynamikindex_score": 0.104, "sm_anteil_niedrig_proz": 20.7, "sm_bev_niedrig": 6953, "sm_bev_gesamt": 33606, "sm_gebiete_anz": 12, "sm_gebiete_niedrig_anz": 3}}, {"type": "Feature", "geometry": null, "properties": {"stadtteil": "Neugraben-Fischbek", "jahr": "2024", "sm_statusindex_score": 2.589, "sm_dynamikindex_score": 0.08, "sm_anteil_niedrig_proz": 20.5, "sm_bev_niedrig": 6998, "sm_bev_gesamt": 34090, "sm_gebiete_anz": 12, "sm_gebiete_niedrig_anz": 3}}, {"type": "Feature", "geometry": null, "properties": {"stadtteil": "Neugraben-Fischbek", "jahr": "2025", "sm_statusindex_score": 2.603, "sm_dynamikindex_score": 0.027, "sm_anteil_niedrig_proz": 28.3, "sm_bev_niedrig": 9886, "sm_bev_gesamt": 34931, "sm_gebiete_anz": 12, "sm_gebiete_niedrig_anz": 4}}, {"type": "Feature", "geometry": null, "properties": {"stadtteil": "Neuland/Gut Moor", "jahr": "2013", "sm_statusindex_score": 3.0, "sm_dynamikindex_score": 0.046, "sm_anteil_niedrig_proz": 0.0, "sm_bev_niedrig": 0, "sm_bev_gesamt": 1237, "sm_gebiete_anz": 3, "sm_gebiete_niedrig_anz": 0}}, {"type": "Feature", "geometry": null, "properties": {"stadtteil": "Neuland/Gut Moor", "jahr": "2014", "sm_statusindex_score": 3.0, "sm_dynamikindex_score": -0.3, "sm_anteil_niedrig_proz": 0.0, "sm_bev_niedrig": 0, "sm_bev_gesamt": 1378, "sm_gebiete_anz": 3, "sm_gebiete_niedrig_anz": 0}}, {"type": "Feature", "geometry": null, "properties": {"stadtteil": "Neuland/Gut Moor", "jahr": "2015", "sm_statusindex_score": 3.0, "sm_dynamikindex_score": 0.06, "sm_anteil_niedrig_proz": 0.0, "sm_bev_niedrig": 0, "sm_bev_gesamt": 1349, "sm_gebiete_anz": 3, "sm_gebiete_niedrig_anz": 0}}, {"type": "Feature", "geometry": null, "properties": {"stadtteil": "Neuland/Gut Moor", "jahr": "2016", "sm_statusindex_score": 3.0, "sm_dynamikindex_score": -0.408, "sm_anteil_niedrig_proz": 0.0, "sm_bev_niedrig": 0, "sm_bev_gesamt": 1567, "sm_gebiete_anz": 3, "sm_gebiete_niedrig_anz": 0}}, {"type": "Feature", "geometry": null, "properties": {"stadtteil": "Neuland/Gut Moor", "jahr": "2017", "sm_statusindex_score": 2.596, "sm_dynamikindex_score": -0.404, "sm_anteil_niedrig_proz": 40.4, "sm_bev_niedrig": 633, "sm_bev_gesamt": 1565, "sm_gebiete_anz": 3, "sm_gebiete_niedrig_anz": 1}}, {"type": "Feature", "geometry": null, "properties": {"stadtteil": "Neuland/Gut Moor", "jahr": "2018", "sm_statusindex_score": 2.612, "sm_dynamikindex_score": -0.388, "sm_anteil_niedrig_proz": 38.8, "sm_bev_niedrig": 615, "sm_bev_gesamt": 1585, "sm_gebiete_anz": 3, "sm_gebiete_niedrig_anz": 1}}, {"type": "Feature", "geometry": null, "properties": {"stadtteil": "Neuland/Gut Moor", "jahr": "2019", "sm_statusindex_score": 2.622, "sm_dynamikindex_score": -0.378, "sm_anteil_niedrig_proz": 37.8, "sm_bev_niedrig": 595, "sm_bev_gesamt": 1574, "sm_gebiete_anz": 3, "sm_gebiete_niedrig_anz": 1}}, {"type": "Feature", "geometry": null, "properties": {"stadtteil": "Neuland/Gut Moor", "jahr": "2020", "sm_statusindex_score": 2.204, "sm_dynamikindex_score": 0.0, "sm_anteil_niedrig_proz": 39.8, "sm_bev_niedrig": 642, "sm_bev_gesamt": 1614, "sm_gebiete_anz": 3, "sm_gebiete_niedrig_anz": 1}}, {"type": "Feature", "geometry": null, "properties": {"stadtteil": "Neuland/Gut Moor", "jahr": "2021", "sm_statusindex_score": 2.201, "sm_dynamikindex_score": -0.324, "sm_anteil_niedrig_proz": 39.9, "sm_bev_niedrig": 653, "sm_bev_gesamt": 1635, "sm_gebiete_anz": 3, "sm_gebiete_niedrig_anz": 1}}, {"type": "Feature", "geometry": null, "properties": {"stadtteil": "Neuland/Gut Moor", "jahr": "2022", "sm_statusindex_score": 2.213, "sm_dynamikindex_score": -0.606, "sm_anteil_niedrig_proz": 39.4, "sm_bev_niedrig": 658, "sm_bev_gesamt": 1672, "sm_gebiete_anz": 3, "sm_gebiete_niedrig_anz": 1}}, {"type": "Feature", "geometry": null, "properties": {"stadtteil": "Neuland/Gut Moor", "jahr": "2023", "sm_statusindex_score": 2.591, "sm_dynamikindex_score": 0.0, "sm_anteil_niedrig_proz": 40.9, "sm_bev_niedrig": 681, "sm_bev_gesamt": 1667, "sm_gebiete_anz": 3, "sm_gebiete_niedrig_anz": 1}}, {"type": "Feature", "geometry": null, "properties": {"stadtteil": "Neuland/Gut Moor", "jahr": "2024", "sm_statusindex_score": 2.613, "sm_dynamikindex_score": 0.0, "sm_anteil_niedrig_proz": 38.7, "sm_bev_niedrig": 654, "sm_bev_gesamt": 1692, "sm_gebiete_anz": 3, "sm_gebiete_niedrig_anz": 1}}, {"type": "Feature", "geometry": null, "properties": {"stadtteil": "Neuland/Gut Moor", "jahr": "2025", "sm_statusindex_score": 2.251, "sm_dynamikindex_score": 0.0, "sm_anteil_niedrig_proz": 37.5, "sm_bev_niedrig": 620, "sm_bev_gesamt": 1655, "sm_gebiete_anz": 3, "sm_gebiete_niedrig_anz": 1}}, {"type": "Feature", "geometry": null, "properties": {"stadtteil": "Neustadt", "jahr": "2013", "sm_statusindex_score": 2.927, "sm_dynamikindex_score": 0.057, "sm_anteil_niedrig_proz": 3.7, "sm_bev_niedrig": 424, "sm_bev_gesamt": 11586, "sm_gebiete_anz": 7, "sm_gebiete_niedrig_anz": 1}}, {"type": "Feature", "geometry": null, "properties": {"stadtteil": "Neustadt", "jahr": "2014", "sm_statusindex_score": 2.964, "sm_dynamikindex_score": 0.79, "sm_anteil_niedrig_proz": 3.6, "sm_bev_niedrig": 422, "sm_bev_gesamt": 11575, "sm_gebiete_anz": 7, "sm_gebiete_niedrig_anz": 1}}, {"type": "Feature", "geometry": null, "properties": {"stadtteil": "Neustadt", "jahr": "2015", "sm_statusindex_score": 2.966, "sm_dynamikindex_score": 0.434, "sm_anteil_niedrig_proz": 3.4, "sm_bev_niedrig": 399, "sm_bev_gesamt": 11657, "sm_gebiete_anz": 7, "sm_gebiete_niedrig_anz": 1}}, {"type": "Feature", "geometry": null, "properties": {"stadtteil": "Neustadt", "jahr": "2016", "sm_statusindex_score": 2.932, "sm_dynamikindex_score": 0.436, "sm_anteil_niedrig_proz": 3.4, "sm_bev_niedrig": 402, "sm_bev_gesamt": 11822, "sm_gebiete_anz": 7, "sm_gebiete_niedrig_anz": 1}}, {"type": "Feature", "geometry": null, "properties": {"stadtteil": "Neustadt", "jahr": "2017", "sm_statusindex_score": 2.966, "sm_dynamikindex_score": -0.034, "sm_anteil_niedrig_proz": 3.4, "sm_bev_niedrig": 406, "sm_bev_gesamt": 11847, "sm_gebiete_anz": 7, "sm_gebiete_niedrig_anz": 1}}, {"type": "Feature", "geometry": null, "properties": {"stadtteil": "Neustadt", "jahr": "2018", "sm_statusindex_score": 2.965, "sm_dynamikindex_score": 0.033, "sm_anteil_niedrig_proz": 3.5, "sm_bev_niedrig": 415, "sm_bev_gesamt": 11946, "sm_gebiete_anz": 7, "sm_gebiete_niedrig_anz": 1}}, {"type": "Feature", "geometry": null, "properties": {"stadtteil": "Neustadt", "jahr": "2019", "sm_statusindex_score": 2.967, "sm_dynamikindex_score": -0.034, "sm_anteil_niedrig_proz": 3.3, "sm_bev_niedrig": 401, "sm_bev_gesamt": 12012, "sm_gebiete_anz": 7, "sm_gebiete_niedrig_anz": 1}}, {"type": "Feature", "geometry": null, "properties": {"stadtteil": "Neustadt", "jahr": "2020", "sm_statusindex_score": 2.966, "sm_dynamikindex_score": 0.0, "sm_anteil_niedrig_proz": 3.4, "sm_bev_niedrig": 400, "sm_bev_gesamt": 11886, "sm_gebiete_anz": 7, "sm_gebiete_niedrig_anz": 1}}, {"type": "Feature", "geometry": null, "properties": {"stadtteil": "Neustadt", "jahr": "2021", "sm_statusindex_score": 2.966, "sm_dynamikindex_score": -0.033, "sm_anteil_niedrig_proz": 3.4, "sm_bev_niedrig": 405, "sm_bev_gesamt": 11806, "sm_gebiete_anz": 7, "sm_gebiete_niedrig_anz": 1}}, {"type": "Feature", "geometry": null, "properties": {"stadtteil": "Neustadt", "jahr": "2022", "sm_statusindex_score": 2.966, "sm_dynamikindex_score": 0.237, "sm_anteil_niedrig_proz": 3.4, "sm_bev_niedrig": 404, "sm_bev_gesamt": 11719, "sm_gebiete_anz": 7, "sm_gebiete_niedrig_anz": 1}}, {"type": "Feature", "geometry": null, "properties": {"stadtteil": "Neustadt", "jahr": "2023", "sm_statusindex_score": 3.0, "sm_dynamikindex_score": 0.035, "sm_anteil_niedrig_proz": 0.0, "sm_bev_niedrig": 0, "sm_bev_gesamt": 11749, "sm_gebiete_anz": 7, "sm_gebiete_niedrig_anz": 0}}, {"type": "Feature", "geometry": null, "properties": {"stadtteil": "Neustadt", "jahr": "2024", "sm_statusindex_score": 2.966, "sm_dynamikindex_score": 0.0, "sm_anteil_niedrig_proz": 3.4, "sm_bev_niedrig": 400, "sm_bev_gesamt": 11724, "sm_gebiete_anz": 7, "sm_gebiete_niedrig_anz": 1}}, {"type": "Feature", "geometry": null, "properties": {"stadtteil": "Neustadt", "jahr": "2025", "sm_statusindex_score": 2.966, "sm_dynamikindex_score": 0.0, "sm_anteil_niedrig_proz": 3.4, "sm_bev_niedrig": 407, "sm_bev_gesamt": 11822, "sm_gebiete_anz": 7, "sm_gebiete_niedrig_anz": 1}}, {"type": "Feature", "geometry": null, "properties": {"stadtteil": "Niendorf", "jahr": "2013", "sm_statusindex_score": 3.341, "sm_dynamikindex_score": 0.03, "sm_anteil_niedrig_proz": 0.0, "sm_bev_niedrig": 0, "sm_bev_gesamt": 39882, "sm_gebiete_anz": 19, "sm_gebiete_niedrig_anz": 0}}, {"type": "Feature", "geometry": null, "properties": {"stadtteil": "Niendorf", "jahr": "2014", "sm_statusindex_score": 3.335, "sm_dynamikindex_score": -0.024, "sm_anteil_niedrig_proz": 0.0, "sm_bev_niedrig": 0, "sm_bev_gesamt": 40082, "sm_gebiete_anz": 19, "sm_gebiete_niedrig_anz": 0}}, {"type": "Feature", "geometry": null, "properties": {"stadtteil": "Niendorf", "jahr": "2015", "sm_statusindex_score": 3.277, "sm_dynamikindex_score": 0.0, "sm_anteil_niedrig_proz": 0.0, "sm_bev_niedrig": 0, "sm_bev_gesamt": 40106, "sm_gebiete_anz": 19, "sm_gebiete_niedrig_anz": 0}}, {"type": "Feature", "geometry": null, "properties": {"stadtteil": "Niendorf", "jahr": "2016", "sm_statusindex_score": 3.306, "sm_dynamikindex_score": 0.119, "sm_anteil_niedrig_proz": 0.0, "sm_bev_niedrig": 0, "sm_bev_gesamt": 41061, "sm_gebiete_anz": 19, "sm_gebiete_niedrig_anz": 0}}, {"type": "Feature", "geometry": null, "properties": {"stadtteil": "Niendorf", "jahr": "2017", "sm_statusindex_score": 3.301, "sm_dynamikindex_score": -0.074, "sm_anteil_niedrig_proz": 0.0, "sm_bev_niedrig": 0, "sm_bev_gesamt": 41775, "sm_gebiete_anz": 19, "sm_gebiete_niedrig_anz": 0}}, {"type": "Feature", "geometry": null, "properties": {"stadtteil": "Niendorf", "jahr": "2018", "sm_statusindex_score": 3.263, "sm_dynamikindex_score": 0.0, "sm_anteil_niedrig_proz": 0.0, "sm_bev_niedrig": 0, "sm_bev_gesamt": 41606, "sm_gebiete_anz": 19, "sm_gebiete_niedrig_anz": 0}}, {"type": "Feature", "geometry": null, "properties": {"stadtteil": "Niendorf", "jahr": "2019", "sm_statusindex_score": 3.213, "sm_dynamikindex_score": 0.0, "sm_anteil_niedrig_proz": 0.0, "sm_bev_niedrig": 0, "sm_bev_gesamt": 40649, "sm_gebiete_anz": 19, "sm_gebiete_niedrig_anz": 0}}, {"type": "Feature", "geometry": null, "properties": {"stadtteil": "Niendorf", "jahr": "2020", "sm_statusindex_score": 3.157, "sm_dynamikindex_score": 0.047, "sm_anteil_niedrig_proz": 0.0, "sm_bev_niedrig": 0, "sm_bev_gesamt": 40775, "sm_gebiete_anz": 19, "sm_gebiete_niedrig_anz": 0}}, {"type": "Feature", "geometry": null, "properties": {"stadtteil": "Niendorf", "jahr": "2021", "sm_statusindex_score": 3.158, "sm_dynamikindex_score": 0.026, "sm_anteil_niedrig_proz": 0.0, "sm_bev_niedrig": 0, "sm_bev_gesamt": 40845, "sm_gebiete_anz": 19, "sm_gebiete_niedrig_anz": 0}}, {"type": "Feature", "geometry": null, "properties": {"stadtteil": "Niendorf", "jahr": "2022", "sm_statusindex_score": 3.269, "sm_dynamikindex_score": 0.0, "sm_anteil_niedrig_proz": 0.0, "sm_bev_niedrig": 0, "sm_bev_gesamt": 41143, "sm_gebiete_anz": 19, "sm_gebiete_niedrig_anz": 0}}, {"type": "Feature", "geometry": null, "properties": {"stadtteil": "Niendorf", "jahr": "2023", "sm_statusindex_score": 3.258, "sm_dynamikindex_score": -0.054, "sm_anteil_niedrig_proz": 5.4, "sm_bev_niedrig": 2268, "sm_bev_gesamt": 42122, "sm_gebiete_anz": 19, "sm_gebiete_niedrig_anz": 1}}, {"type": "Feature", "geometry": null, "properties": {"stadtteil": "Niendorf", "jahr": "2024", "sm_statusindex_score": 3.365, "sm_dynamikindex_score": -0.058, "sm_anteil_niedrig_proz": 0.0, "sm_bev_niedrig": 0, "sm_bev_gesamt": 42273, "sm_gebiete_anz": 19, "sm_gebiete_niedrig_anz": 0}}, {"type": "Feature", "geometry": null, "properties": {"stadtteil": "Niendorf", "jahr": "2025", "sm_statusindex_score": 3.376, "sm_dynamikindex_score": -0.059, "sm_anteil_niedrig_proz": 0.0, "sm_bev_niedrig": 0, "sm_bev_gesamt": 42439, "sm_gebiete_anz": 19, "sm_gebiete_niedrig_anz": 0}}, {"type": "Feature", "geometry": null, "properties": {"stadtteil": "Nienstedten", "jahr": "2013", "sm_statusindex_score": 4.0, "sm_dynamikindex_score": 0.0, "sm_anteil_niedrig_proz": 0.0, "sm_bev_niedrig": 0, "sm_bev_gesamt": 7250, "sm_gebiete_anz": 4, "sm_gebiete_niedrig_anz": 0}}, {"type": "Feature", "geometry": null, "properties": {"stadtteil": "Nienstedten", "jahr": "2014", "sm_statusindex_score": 4.0, "sm_dynamikindex_score": 0.0, "sm_anteil_niedrig_proz": 0.0, "sm_bev_niedrig": 0, "sm_bev_gesamt": 7271, "sm_gebiete_anz": 4, "sm_gebiete_niedrig_anz": 0}}, {"type": "Feature", "geometry": null, "properties": {"stadtteil": "Nienstedten", "jahr": "2015", "sm_statusindex_score": 4.0, "sm_dynamikindex_score": -0.126, "sm_anteil_niedrig_proz": 0.0, "sm_bev_niedrig": 0, "sm_bev_gesamt": 7238, "sm_gebiete_anz": 4, "sm_gebiete_niedrig_anz": 0}}, {"type": "Feature", "geometry": null, "properties": {"stadtteil": "Nienstedten", "jahr": "2016", "sm_statusindex_score": 4.0, "sm_dynamikindex_score": -0.125, "sm_anteil_niedrig_proz": 0.0, "sm_bev_niedrig": 0, "sm_bev_gesamt": 7228, "sm_gebiete_anz": 4, "sm_gebiete_niedrig_anz": 0}}, {"type": "Feature", "geometry": null, "properties": {"stadtteil": "Nienstedten", "jahr": "2017", "sm_statusindex_score": 4.0, "sm_dynamikindex_score": 0.0, "sm_anteil_niedrig_proz": 0.0, "sm_bev_niedrig": 0, "sm_bev_gesamt": 7238, "sm_gebiete_anz": 4, "sm_gebiete_niedrig_anz": 0}}, {"type": "Feature", "geometry": null, "properties": {"stadtteil": "Nienstedten", "jahr": "2018", "sm_statusindex_score": 4.0, "sm_dynamikindex_score": 0.0, "sm_anteil_niedrig_proz": 0.0, "sm_bev_niedrig": 0, "sm_bev_gesamt": 7307, "sm_gebiete_anz": 4, "sm_gebiete_niedrig_anz": 0}}, {"type": "Feature", "geometry": null, "properties": {"stadtteil": "Nienstedten", "jahr": "2019", "sm_statusindex_score": 4.0, "sm_dynamikindex_score": 0.0, "sm_anteil_niedrig_proz": 0.0, "sm_bev_niedrig": 0, "sm_bev_gesamt": 7274, "sm_gebiete_anz": 4, "sm_gebiete_niedrig_anz": 0}}, {"type": "Feature", "geometry": null, "properties": {"stadtteil": "Nienstedten", "jahr": "2020", "sm_statusindex_score": 4.0, "sm_dynamikindex_score": 0.0, "sm_anteil_niedrig_proz": 0.0, "sm_bev_niedrig": 0, "sm_bev_gesamt": 7181, "sm_gebiete_anz": 4, "sm_gebiete_niedrig_anz": 0}}, {"type": "Feature", "geometry": null, "properties": {"stadtteil": "Nienstedten", "jahr": "2021", "sm_statusindex_score": 4.0, "sm_dynamikindex_score": 0.0, "sm_anteil_niedrig_proz": 0.0, "sm_bev_niedrig": 0, "sm_bev_gesamt": 7114, "sm_gebiete_anz": 4, "sm_gebiete_niedrig_anz": 0}}, {"type": "Feature", "geometry": null, "properties": {"stadtteil": "Nienstedten", "jahr": "2022", "sm_statusindex_score": 4.0, "sm_dynamikindex_score": 0.0, "sm_anteil_niedrig_proz": 0.0, "sm_bev_niedrig": 0, "sm_bev_gesamt": 7081, "sm_gebiete_anz": 4, "sm_gebiete_niedrig_anz": 0}}, {"type": "Feature", "geometry": null, "properties": {"stadtteil": "Nienstedten", "jahr": "2023", "sm_statusindex_score": 4.0, "sm_dynamikindex_score": 0.0, "sm_anteil_niedrig_proz": 0.0, "sm_bev_niedrig": 0, "sm_bev_gesamt": 7055, "sm_gebiete_anz": 4, "sm_gebiete_niedrig_anz": 0}}, {"type": "Feature", "geometry": null, "properties": {"stadtteil": "Nienstedten", "jahr": "2024", "sm_statusindex_score": 4.0, "sm_dynamikindex_score": 0.0, "sm_anteil_niedrig_proz": 0.0, "sm_bev_niedrig": 0, "sm_bev_gesamt": 7034, "sm_gebiete_anz": 4, "sm_gebiete_niedrig_anz": 0}}, {"type": "Feature", "geometry": null, "properties": {"stadtteil": "Nienstedten", "jahr": "2025", "sm_statusindex_score": 4.0, "sm_dynamikindex_score": 0.0, "sm_anteil_niedrig_proz": 0.0, "sm_bev_niedrig": 0, "sm_bev_gesamt": 7062, "sm_gebiete_anz": 4, "sm_gebiete_niedrig_anz": 0}}, {"type": "Feature", "geometry": null, "properties": {"stadtteil": "Ochsenwerder", "jahr": "2013", "sm_statusindex_score": 3.0, "sm_dynamikindex_score": 0.0, "sm_anteil_niedrig_proz": 0.0, "sm_bev_niedrig": 0, "sm_bev_gesamt": 2405, "sm_gebiete_anz": 1, "sm_gebiete_niedrig_anz": 0}}, {"type": "Feature", "geometry": null, "properties": {"stadtteil": "Ochsenwerder", "jahr": "2014", "sm_statusindex_score": 3.0, "sm_dynamikindex_score": 0.0, "sm_anteil_niedrig_proz": 0.0, "sm_bev_niedrig": 0, "sm_bev_gesamt": 2451, "sm_gebiete_anz": 1, "sm_gebiete_niedrig_anz": 0}}, {"type": "Feature", "geometry": null, "properties": {"stadtteil": "Ochsenwerder", "jahr": "2015", "sm_statusindex_score": 4.0, "sm_dynamikindex_score": 0.0, "sm_anteil_niedrig_proz": 0.0, "sm_bev_niedrig": 0, "sm_bev_gesamt": 2512, "sm_gebiete_anz": 1, "sm_gebiete_niedrig_anz": 0}}, {"type": "Feature", "geometry": null, "properties": {"stadtteil": "Ochsenwerder", "jahr": "2016", "sm_statusindex_score": 4.0, "sm_dynamikindex_score": 0.0, "sm_anteil_niedrig_proz": 0.0, "sm_bev_niedrig": 0, "sm_bev_gesamt": 2536, "sm_gebiete_anz": 1, "sm_gebiete_niedrig_anz": 0}}, {"type": "Feature", "geometry": null, "properties": {"stadtteil": "Ochsenwerder", "jahr": "2017", "sm_statusindex_score": 4.0, "sm_dynamikindex_score": 0.0, "sm_anteil_niedrig_proz": 0.0, "sm_bev_niedrig": 0, "sm_bev_gesamt": 2540, "sm_gebiete_anz": 1, "sm_gebiete_niedrig_anz": 0}}, {"type": "Feature", "geometry": null, "properties": {"stadtteil": "Ochsenwerder", "jahr": "2018", "sm_statusindex_score": 3.0, "sm_dynamikindex_score": 0.0, "sm_anteil_niedrig_proz": 0.0, "sm_bev_niedrig": 0, "sm_bev_gesamt": 2628, "sm_gebiete_anz": 1, "sm_gebiete_niedrig_anz": 0}}, {"type": "Feature", "geometry": null, "properties": {"stadtteil": "Ochsenwerder", "jahr": "2019", "sm_statusindex_score": 3.0, "sm_dynamikindex_score": 0.0, "sm_anteil_niedrig_proz": 0.0, "sm_bev_niedrig": 0, "sm_bev_gesamt": 2788, "sm_gebiete_anz": 1, "sm_gebiete_niedrig_anz": 0}}, {"type": "Feature", "geometry": null, "properties": {"stadtteil": "Ochsenwerder", "jahr": "2020", "sm_statusindex_score": 3.0, "sm_dynamikindex_score": 0.0, "sm_anteil_niedrig_proz": 0.0, "sm_bev_niedrig": 0, "sm_bev_gesamt": 2912, "sm_gebiete_anz": 1, "sm_gebiete_niedrig_anz": 0}}, {"type": "Feature", "geometry": null, "properties": {"stadtteil": "Ochsenwerder", "jahr": "2021", "sm_statusindex_score": 3.0, "sm_dynamikindex_score": 0.0, "sm_anteil_niedrig_proz": 0.0, "sm_bev_niedrig": 0, "sm_bev_gesamt": 3008, "sm_gebiete_anz": 1, "sm_gebiete_niedrig_anz": 0}}, {"type": "Feature", "geometry": null, "properties": {"stadtteil": "Ochsenwerder", "jahr": "2022", "sm_statusindex_score": 3.0, "sm_dynamikindex_score": 0.0, "sm_anteil_niedrig_proz": 0.0, "sm_bev_niedrig": 0, "sm_bev_gesamt": 3007, "sm_gebiete_anz": 1, "sm_gebiete_niedrig_anz": 0}}, {"type": "Feature", "geometry": null, "properties": {"stadtteil": "Ochsenwerder", "jahr": "2023", "sm_statusindex_score": 4.0, "sm_dynamikindex_score": 0.0, "sm_anteil_niedrig_proz": 0.0, "sm_bev_niedrig": 0, "sm_bev_gesamt": 3030, "sm_gebiete_anz": 1, "sm_gebiete_niedrig_anz": 0}}, {"type": "Feature", "geometry": null, "properties": {"stadtteil": "Ochsenwerder", "jahr": "2024", "sm_statusindex_score": 4.0, "sm_dynamikindex_score": 0.0, "sm_anteil_niedrig_proz": 0.0, "sm_bev_niedrig": 0, "sm_bev_gesamt": 3039, "sm_gebiete_anz": 1, "sm_gebiete_niedrig_anz": 0}}, {"type": "Feature", "geometry": null, "properties": {"stadtteil": "Ochsenwerder", "jahr": "2025", "sm_statusindex_score": 4.0, "sm_dynamikindex_score": 0.0, "sm_anteil_niedrig_proz": 0.0, "sm_bev_niedrig": 0, "sm_bev_gesamt": 3015, "sm_gebiete_anz": 1, "sm_gebiete_niedrig_anz": 0}}, {"type": "Feature", "geometry": null, "properties": {"stadtteil": "Ohlsdorf", "jahr": "2013", "sm_statusindex_score": 3.246, "sm_dynamikindex_score": 0.303, "sm_anteil_niedrig_proz": 0.0, "sm_bev_niedrig": 0, "sm_bev_gesamt": 15154, "sm_gebiete_anz": 8, "sm_gebiete_niedrig_anz": 0}}, {"type": "Feature", "geometry": null, "properties": {"stadtteil": "Ohlsdorf", "jahr": "2014", "sm_statusindex_score": 3.31, "sm_dynamikindex_score": 0.156, "sm_anteil_niedrig_proz": 0.0, "sm_bev_niedrig": 0, "sm_bev_gesamt": 15085, "sm_gebiete_anz": 8, "sm_gebiete_niedrig_anz": 0}}, {"type": "Feature", "geometry": null, "properties": {"stadtteil": "Ohlsdorf", "jahr": "2015", "sm_statusindex_score": 3.181, "sm_dynamikindex_score": 0.183, "sm_anteil_niedrig_proz": 13.0, "sm_bev_niedrig": 1959, "sm_bev_gesamt": 15043, "sm_gebiete_anz": 8, "sm_gebiete_niedrig_anz": 1}}, {"type": "Feature", "geometry": null, "properties": {"stadtteil": "Ohlsdorf", "jahr": "2016", "sm_statusindex_score": 3.303, "sm_dynamikindex_score": 0.144, "sm_anteil_niedrig_proz": 0.0, "sm_bev_niedrig": 0, "sm_bev_gesamt": 15471, "sm_gebiete_anz": 8, "sm_gebiete_niedrig_anz": 0}}, {"type": "Feature", "geometry": null, "properties": {"stadtteil": "Ohlsdorf", "jahr": "2017", "sm_statusindex_score": 3.303, "sm_dynamikindex_score": 0.0, "sm_anteil_niedrig_proz": 0.0, "sm_bev_niedrig": 0, "sm_bev_gesamt": 15794, "sm_gebiete_anz": 8, "sm_gebiete_niedrig_anz": 0}}, {"type": "Feature", "geometry": null, "properties": {"stadtteil": "Ohlsdorf", "jahr": "2018", "sm_statusindex_score": 3.225, "sm_dynamikindex_score": 0.005, "sm_anteil_niedrig_proz": 0.0, "sm_bev_niedrig": 0, "sm_bev_gesamt": 16471, "sm_gebiete_anz": 8, "sm_gebiete_niedrig_anz": 0}}, {"type": "Feature", "geometry": null, "properties": {"stadtteil": "Ohlsdorf", "jahr": "2019", "sm_statusindex_score": 3.226, "sm_dynamikindex_score": 0.025, "sm_anteil_niedrig_proz": 0.0, "sm_bev_niedrig": 0, "sm_bev_gesamt": 16463, "sm_gebiete_anz": 8, "sm_gebiete_niedrig_anz": 0}}, {"type": "Feature", "geometry": null, "properties": {"stadtteil": "Ohlsdorf", "jahr": "2020", "sm_statusindex_score": 3.222, "sm_dynamikindex_score": 0.033, "sm_anteil_niedrig_proz": 0.0, "sm_bev_niedrig": 0, "sm_bev_gesamt": 16666, "sm_gebiete_anz": 8, "sm_gebiete_niedrig_anz": 0}}, {"type": "Feature", "geometry": null, "properties": {"stadtteil": "Ohlsdorf", "jahr": "2021", "sm_statusindex_score": 3.222, "sm_dynamikindex_score": 0.116, "sm_anteil_niedrig_proz": 0.0, "sm_bev_niedrig": 0, "sm_bev_gesamt": 16686, "sm_gebiete_anz": 8, "sm_gebiete_niedrig_anz": 0}}, {"type": "Feature", "geometry": null, "properties": {"stadtteil": "Ohlsdorf", "jahr": "2022", "sm_statusindex_score": 3.22, "sm_dynamikindex_score": 0.202, "sm_anteil_niedrig_proz": 0.0, "sm_bev_niedrig": 0, "sm_bev_gesamt": 16949, "sm_gebiete_anz": 8, "sm_gebiete_niedrig_anz": 0}}, {"type": "Feature", "geometry": null, "properties": {"stadtteil": "Ohlsdorf", "jahr": "2023", "sm_statusindex_score": 3.096, "sm_dynamikindex_score": -0.119, "sm_anteil_niedrig_proz": 11.9, "sm_bev_niedrig": 2094, "sm_bev_gesamt": 17548, "sm_gebiete_anz": 8, "sm_gebiete_niedrig_anz": 1}}, {"type": "Feature", "geometry": null, "properties": {"stadtteil": "Ohlsdorf", "jahr": "2024", "sm_statusindex_score": 3.268, "sm_dynamikindex_score": -0.133, "sm_anteil_niedrig_proz": 0.0, "sm_bev_niedrig": 0, "sm_bev_gesamt": 17693, "sm_gebiete_anz": 8, "sm_gebiete_niedrig_anz": 0}}, {"type": "Feature", "geometry": null, "properties": {"stadtteil": "Ohlsdorf", "jahr": "2025", "sm_statusindex_score": 3.21, "sm_dynamikindex_score": -0.058, "sm_anteil_niedrig_proz": 0.0, "sm_bev_niedrig": 0, "sm_bev_gesamt": 17813, "sm_gebiete_anz": 8, "sm_gebiete_niedrig_anz": 0}}, {"type": "Feature", "geometry": null, "properties": {"stadtteil": "Osdorf", "jahr": "2013", "sm_statusindex_score": 2.568, "sm_dynamikindex_score": 0.086, "sm_anteil_niedrig_proz": 34.3, "sm_bev_niedrig": 8701, "sm_bev_gesamt": 25333, "sm_gebiete_anz": 12, "sm_gebiete_niedrig_anz": 4}}, {"type": "Feature", "geometry": null, "properties": {"stadtteil": "Osdorf", "jahr": "2014", "sm_statusindex_score": 2.524, "sm_dynamikindex_score": -0.193, "sm_anteil_niedrig_proz": 33.9, "sm_bev_niedrig": 8691, "sm_bev_gesamt": 25612, "sm_gebiete_anz": 12, "sm_gebiete_niedrig_anz": 4}}, {"type": "Feature", "geometry": null, "properties": {"stadtteil": "Osdorf", "jahr": "2015", "sm_statusindex_score": 2.531, "sm_dynamikindex_score": 0.0, "sm_anteil_niedrig_proz": 33.6, "sm_bev_niedrig": 8636, "sm_bev_gesamt": 25732, "sm_gebiete_anz": 12, "sm_gebiete_niedrig_anz": 4}}, {"type": "Feature", "geometry": null, "properties": {"stadtteil": "Osdorf", "jahr": "2016", "sm_statusindex_score": 2.544, "sm_dynamikindex_score": -0.246, "sm_anteil_niedrig_proz": 32.7, "sm_bev_niedrig": 8602, "sm_bev_gesamt": 26323, "sm_gebiete_anz": 12, "sm_gebiete_niedrig_anz": 4}}, {"type": "Feature", "geometry": null, "properties": {"stadtteil": "Osdorf", "jahr": "2017", "sm_statusindex_score": 2.612, "sm_dynamikindex_score": -0.075, "sm_anteil_niedrig_proz": 32.8, "sm_bev_niedrig": 8512, "sm_bev_gesamt": 25962, "sm_gebiete_anz": 12, "sm_gebiete_niedrig_anz": 4}}, {"type": "Feature", "geometry": null, "properties": {"stadtteil": "Osdorf", "jahr": "2018", "sm_statusindex_score": 2.476, "sm_dynamikindex_score": -0.079, "sm_anteil_niedrig_proz": 40.2, "sm_bev_niedrig": 10560, "sm_bev_gesamt": 26240, "sm_gebiete_anz": 12, "sm_gebiete_niedrig_anz": 5}}, {"type": "Feature", "geometry": null, "properties": {"stadtteil": "Osdorf", "jahr": "2019", "sm_statusindex_score": 2.509, "sm_dynamikindex_score": -0.079, "sm_anteil_niedrig_proz": 31.7, "sm_bev_niedrig": 8398, "sm_bev_gesamt": 26460, "sm_gebiete_anz": 12, "sm_gebiete_niedrig_anz": 4}}, {"type": "Feature", "geometry": null, "properties": {"stadtteil": "Osdorf", "jahr": "2020", "sm_statusindex_score": 2.444, "sm_dynamikindex_score": -0.006, "sm_anteil_niedrig_proz": 31.7, "sm_bev_niedrig": 8375, "sm_bev_gesamt": 26402, "sm_gebiete_anz": 12, "sm_gebiete_niedrig_anz": 4}}, {"type": "Feature", "geometry": null, "properties": {"stadtteil": "Osdorf", "jahr": "2021", "sm_statusindex_score": 2.556, "sm_dynamikindex_score": 0.075, "sm_anteil_niedrig_proz": 32.0, "sm_bev_niedrig": 8394, "sm_bev_gesamt": 26256, "sm_gebiete_anz": 12, "sm_gebiete_niedrig_anz": 4}}, {"type": "Feature", "geometry": null, "properties": {"stadtteil": "Osdorf", "jahr": "2022", "sm_statusindex_score": 2.557, "sm_dynamikindex_score": 0.139, "sm_anteil_niedrig_proz": 32.1, "sm_bev_niedrig": 8346, "sm_bev_gesamt": 25968, "sm_gebiete_anz": 12, "sm_gebiete_niedrig_anz": 4}}, {"type": "Feature", "geometry": null, "properties": {"stadtteil": "Osdorf", "jahr": "2023", "sm_statusindex_score": 2.626, "sm_dynamikindex_score": 0.138, "sm_anteil_niedrig_proz": 31.8, "sm_bev_niedrig": 8263, "sm_bev_gesamt": 25989, "sm_gebiete_anz": 12, "sm_gebiete_niedrig_anz": 4}}, {"type": "Feature", "geometry": null, "properties": {"stadtteil": "Osdorf", "jahr": "2024", "sm_statusindex_score": 2.626, "sm_dynamikindex_score": 0.2, "sm_anteil_niedrig_proz": 31.7, "sm_bev_niedrig": 8303, "sm_bev_gesamt": 26213, "sm_gebiete_anz": 12, "sm_gebiete_niedrig_anz": 4}}, {"type": "Feature", "geometry": null, "properties": {"stadtteil": "Osdorf", "jahr": "2025", "sm_statusindex_score": 2.623, "sm_dynamikindex_score": 0.062, "sm_anteil_niedrig_proz": 31.9, "sm_bev_niedrig": 8423, "sm_bev_gesamt": 26441, "sm_gebiete_anz": 12, "sm_gebiete_niedrig_anz": 4}}, {"type": "Feature", "geometry": null, "properties": {"stadtteil": "Othmarschen", "jahr": "2013", "sm_statusindex_score": 3.872, "sm_dynamikindex_score": 0.057, "sm_anteil_niedrig_proz": 0.0, "sm_bev_niedrig": 0, "sm_bev_gesamt": 12725, "sm_gebiete_anz": 8, "sm_gebiete_niedrig_anz": 0}}, {"type": "Feature", "geometry": null, "properties": {"stadtteil": "Othmarschen", "jahr": "2014", "sm_statusindex_score": 3.87, "sm_dynamikindex_score": 0.0, "sm_anteil_niedrig_proz": 0.0, "sm_bev_niedrig": 0, "sm_bev_gesamt": 12749, "sm_gebiete_anz": 8, "sm_gebiete_niedrig_anz": 0}}, {"type": "Feature", "geometry": null, "properties": {"stadtteil": "Othmarschen", "jahr": "2015", "sm_statusindex_score": 3.879, "sm_dynamikindex_score": -0.149, "sm_anteil_niedrig_proz": 0.0, "sm_bev_niedrig": 0, "sm_bev_gesamt": 13766, "sm_gebiete_anz": 8, "sm_gebiete_niedrig_anz": 0}}, {"type": "Feature", "geometry": null, "properties": {"stadtteil": "Othmarschen", "jahr": "2016", "sm_statusindex_score": 3.694, "sm_dynamikindex_score": -0.255, "sm_anteil_niedrig_proz": 0.0, "sm_bev_niedrig": 0, "sm_bev_gesamt": 14552, "sm_gebiete_anz": 8, "sm_gebiete_niedrig_anz": 0}}, {"type": "Feature", "geometry": null, "properties": {"stadtteil": "Othmarschen", "jahr": "2017", "sm_statusindex_score": 3.924, "sm_dynamikindex_score": -0.076, "sm_anteil_niedrig_proz": 0.0, "sm_bev_niedrig": 0, "sm_bev_gesamt": 14771, "sm_gebiete_anz": 8, "sm_gebiete_niedrig_anz": 0}}, {"type": "Feature", "geometry": null, "properties": {"stadtteil": "Othmarschen", "jahr": "2018", "sm_statusindex_score": 3.716, "sm_dynamikindex_score": -0.074, "sm_anteil_niedrig_proz": 0.0, "sm_bev_niedrig": 0, "sm_bev_gesamt": 15162, "sm_gebiete_anz": 8, "sm_gebiete_niedrig_anz": 0}}, {"type": "Feature", "geometry": null, "properties": {"stadtteil": "Othmarschen", "jahr": "2019", "sm_statusindex_score": 3.707, "sm_dynamikindex_score": -0.072, "sm_anteil_niedrig_proz": 0.0, "sm_bev_niedrig": 0, "sm_bev_gesamt": 15467, "sm_gebiete_anz": 8, "sm_gebiete_niedrig_anz": 0}}, {"type": "Feature", "geometry": null, "properties": {"stadtteil": "Othmarschen", "jahr": "2020", "sm_statusindex_score": 3.699, "sm_dynamikindex_score": 0.0, "sm_anteil_niedrig_proz": 0.0, "sm_bev_niedrig": 0, "sm_bev_gesamt": 15624, "sm_gebiete_anz": 8, "sm_gebiete_niedrig_anz": 0}}, {"type": "Feature", "geometry": null, "properties": {"stadtteil": "Othmarschen", "jahr": "2021", "sm_statusindex_score": 3.689, "sm_dynamikindex_score": 0.0, "sm_anteil_niedrig_proz": 0.0, "sm_bev_niedrig": 0, "sm_bev_gesamt": 15900, "sm_gebiete_anz": 8, "sm_gebiete_niedrig_anz": 0}}, {"type": "Feature", "geometry": null, "properties": {"stadtteil": "Othmarschen", "jahr": "2022", "sm_statusindex_score": 3.668, "sm_dynamikindex_score": 0.0, "sm_anteil_niedrig_proz": 0.0, "sm_bev_niedrig": 0, "sm_bev_gesamt": 16259, "sm_gebiete_anz": 8, "sm_gebiete_niedrig_anz": 0}}, {"type": "Feature", "geometry": null, "properties": {"stadtteil": "Othmarschen", "jahr": "2023", "sm_statusindex_score": 3.622, "sm_dynamikindex_score": 0.0, "sm_anteil_niedrig_proz": 0.0, "sm_bev_niedrig": 0, "sm_bev_gesamt": 16491, "sm_gebiete_anz": 8, "sm_gebiete_niedrig_anz": 0}}, {"type": "Feature", "geometry": null, "properties": {"stadtteil": "Othmarschen", "jahr": "2024", "sm_statusindex_score": 3.667, "sm_dynamikindex_score": 0.0, "sm_anteil_niedrig_proz": 0.0, "sm_bev_niedrig": 0, "sm_bev_gesamt": 16553, "sm_gebiete_anz": 8, "sm_gebiete_niedrig_anz": 0}}, {"type": "Feature", "geometry": null, "properties": {"stadtteil": "Othmarschen", "jahr": "2025", "sm_statusindex_score": 3.67, "sm_dynamikindex_score": 0.0, "sm_anteil_niedrig_proz": 0.0, "sm_bev_niedrig": 0, "sm_bev_gesamt": 16417, "sm_gebiete_anz": 8, "sm_gebiete_niedrig_anz": 0}}, {"type": "Feature", "geometry": null, "properties": {"stadtteil": "Ottensen", "jahr": "2013", "sm_statusindex_score": 3.066, "sm_dynamikindex_score": 0.285, "sm_anteil_niedrig_proz": 0.0, "sm_bev_niedrig": 0, "sm_bev_gesamt": 33972, "sm_gebiete_anz": 15, "sm_gebiete_niedrig_anz": 0}}, {"type": "Feature", "geometry": null, "properties": {"stadtteil": "Ottensen", "jahr": "2014", "sm_statusindex_score": 3.115, "sm_dynamikindex_score": 0.389, "sm_anteil_niedrig_proz": 0.0, "sm_bev_niedrig": 0, "sm_bev_gesamt": 34593, "sm_gebiete_anz": 15, "sm_gebiete_niedrig_anz": 0}}, {"type": "Feature", "geometry": null, "properties": {"stadtteil": "Ottensen", "jahr": "2015", "sm_statusindex_score": 3.136, "sm_dynamikindex_score": 0.298, "sm_anteil_niedrig_proz": 0.0, "sm_bev_niedrig": 0, "sm_bev_gesamt": 34707, "sm_gebiete_anz": 15, "sm_gebiete_niedrig_anz": 0}}, {"type": "Feature", "geometry": null, "properties": {"stadtteil": "Ottensen", "jahr": "2016", "sm_statusindex_score": 3.135, "sm_dynamikindex_score": 0.297, "sm_anteil_niedrig_proz": 0.0, "sm_bev_niedrig": 0, "sm_bev_gesamt": 35199, "sm_gebiete_anz": 15, "sm_gebiete_niedrig_anz": 0}}, {"type": "Feature", "geometry": null, "properties": {"stadtteil": "Ottensen", "jahr": "2017", "sm_statusindex_score": 3.137, "sm_dynamikindex_score": 0.0, "sm_anteil_niedrig_proz": 0.0, "sm_bev_niedrig": 0, "sm_bev_gesamt": 35370, "sm_gebiete_anz": 15, "sm_gebiete_niedrig_anz": 0}}, {"type": "Feature", "geometry": null, "properties": {"stadtteil": "Ottensen", "jahr": "2018", "sm_statusindex_score": 3.088, "sm_dynamikindex_score": 0.0, "sm_anteil_niedrig_proz": 0.0, "sm_bev_niedrig": 0, "sm_bev_gesamt": 35480, "sm_gebiete_anz": 15, "sm_gebiete_niedrig_anz": 0}}, {"type": "Feature", "geometry": null, "properties": {"stadtteil": "Ottensen", "jahr": "2019", "sm_statusindex_score": 3.138, "sm_dynamikindex_score": 0.0, "sm_anteil_niedrig_proz": 0.0, "sm_bev_niedrig": 0, "sm_bev_gesamt": 35585, "sm_gebiete_anz": 15, "sm_gebiete_niedrig_anz": 0}}, {"type": "Feature", "geometry": null, "properties": {"stadtteil": "Ottensen", "jahr": "2020", "sm_statusindex_score": 3.141, "sm_dynamikindex_score": 0.0, "sm_anteil_niedrig_proz": 0.0, "sm_bev_niedrig": 0, "sm_bev_gesamt": 35585, "sm_gebiete_anz": 15, "sm_gebiete_niedrig_anz": 0}}, {"type": "Feature", "geometry": null, "properties": {"stadtteil": "Ottensen", "jahr": "2021", "sm_statusindex_score": 3.2, "sm_dynamikindex_score": 0.0, "sm_anteil_niedrig_proz": 0.0, "sm_bev_niedrig": 0, "sm_bev_gesamt": 35136, "sm_gebiete_anz": 15, "sm_gebiete_niedrig_anz": 0}}, {"type": "Feature", "geometry": null, "properties": {"stadtteil": "Ottensen", "jahr": "2022", "sm_statusindex_score": 3.202, "sm_dynamikindex_score": 0.0, "sm_anteil_niedrig_proz": 0.0, "sm_bev_niedrig": 0, "sm_bev_gesamt": 34904, "sm_gebiete_anz": 15, "sm_gebiete_niedrig_anz": 0}}, {"type": "Feature", "geometry": null, "properties": {"stadtteil": "Ottensen", "jahr": "2023", "sm_statusindex_score": 3.173, "sm_dynamikindex_score": 0.0, "sm_anteil_niedrig_proz": 0.0, "sm_bev_niedrig": 0, "sm_bev_gesamt": 35365, "sm_gebiete_anz": 15, "sm_gebiete_niedrig_anz": 0}}, {"type": "Feature", "geometry": null, "properties": {"stadtteil": "Ottensen", "jahr": "2024", "sm_statusindex_score": 3.199, "sm_dynamikindex_score": 0.0, "sm_anteil_niedrig_proz": 0.0, "sm_bev_niedrig": 0, "sm_bev_gesamt": 35469, "sm_gebiete_anz": 15, "sm_gebiete_niedrig_anz": 0}}, {"type": "Feature", "geometry": null, "properties": {"stadtteil": "Ottensen", "jahr": "2025", "sm_statusindex_score": 3.195, "sm_dynamikindex_score": 0.0, "sm_anteil_niedrig_proz": 0.0, "sm_bev_niedrig": 0, "sm_bev_gesamt": 35925, "sm_gebiete_anz": 15, "sm_gebiete_niedrig_anz": 0}}, {"type": "Feature", "geometry": null, "properties": {"stadtteil": "Poppenbüttel", "jahr": "2013", "sm_statusindex_score": 3.772, "sm_dynamikindex_score": -0.179, "sm_anteil_niedrig_proz": 0.0, "sm_bev_niedrig": 0, "sm_bev_gesamt": 22358, "sm_gebiete_anz": 14, "sm_gebiete_niedrig_anz": 0}}, {"type": "Feature", "geometry": null, "properties": {"stadtteil": "Poppenbüttel", "jahr": "2014", "sm_statusindex_score": 3.705, "sm_dynamikindex_score": -0.051, "sm_anteil_niedrig_proz": 0.0, "sm_bev_niedrig": 0, "sm_bev_gesamt": 22260, "sm_gebiete_anz": 14, "sm_gebiete_niedrig_anz": 0}}, {"type": "Feature", "geometry": null, "properties": {"stadtteil": "Poppenbüttel", "jahr": "2015", "sm_statusindex_score": 3.691, "sm_dynamikindex_score": 0.038, "sm_anteil_niedrig_proz": 0.0, "sm_bev_niedrig": 0, "sm_bev_gesamt": 22427, "sm_gebiete_anz": 14, "sm_gebiete_niedrig_anz": 0}}, {"type": "Feature", "geometry": null, "properties": {"stadtteil": "Poppenbüttel", "jahr": "2016", "sm_statusindex_score": 3.76, "sm_dynamikindex_score": 0.054, "sm_anteil_niedrig_proz": 0.0, "sm_bev_niedrig": 0, "sm_bev_gesamt": 22568, "sm_gebiete_anz": 14, "sm_gebiete_niedrig_anz": 0}}, {"type": "Feature", "geometry": null, "properties": {"stadtteil": "Poppenbüttel", "jahr": "2017", "sm_statusindex_score": 3.661, "sm_dynamikindex_score": 0.0, "sm_anteil_niedrig_proz": 0.0, "sm_bev_niedrig": 0, "sm_bev_gesamt": 22747, "sm_gebiete_anz": 14, "sm_gebiete_niedrig_anz": 0}}, {"type": "Feature", "geometry": null, "properties": {"stadtteil": "Poppenbüttel", "jahr": "2018", "sm_statusindex_score": 3.587, "sm_dynamikindex_score": 0.0, "sm_anteil_niedrig_proz": 0.0, "sm_bev_niedrig": 0, "sm_bev_gesamt": 23180, "sm_gebiete_anz": 14, "sm_gebiete_niedrig_anz": 0}}, {"type": "Feature", "geometry": null, "properties": {"stadtteil": "Poppenbüttel", "jahr": "2019", "sm_statusindex_score": 3.62, "sm_dynamikindex_score": -0.149, "sm_anteil_niedrig_proz": 0.0, "sm_bev_niedrig": 0, "sm_bev_gesamt": 23843, "sm_gebiete_anz": 14, "sm_gebiete_niedrig_anz": 0}}, {"type": "Feature", "geometry": null, "properties": {"stadtteil": "Poppenbüttel", "jahr": "2020", "sm_statusindex_score": 3.574, "sm_dynamikindex_score": -0.149, "sm_anteil_niedrig_proz": 0.0, "sm_bev_niedrig": 0, "sm_bev_gesamt": 23791, "sm_gebiete_anz": 14, "sm_gebiete_niedrig_anz": 0}}, {"type": "Feature", "geometry": null, "properties": {"stadtteil": "Poppenbüttel", "jahr": "2021", "sm_statusindex_score": 3.57, "sm_dynamikindex_score": -0.151, "sm_anteil_niedrig_proz": 0.0, "sm_bev_niedrig": 0, "sm_bev_gesamt": 24019, "sm_gebiete_anz": 14, "sm_gebiete_niedrig_anz": 0}}, {"type": "Feature", "geometry": null, "properties": {"stadtteil": "Poppenbüttel", "jahr": "2022", "sm_statusindex_score": 3.569, "sm_dynamikindex_score": 0.0, "sm_anteil_niedrig_proz": 0.0, "sm_bev_niedrig": 0, "sm_bev_gesamt": 24064, "sm_gebiete_anz": 14, "sm_gebiete_niedrig_anz": 0}}, {"type": "Feature", "geometry": null, "properties": {"stadtteil": "Poppenbüttel", "jahr": "2023", "sm_statusindex_score": 3.446, "sm_dynamikindex_score": 0.0, "sm_anteil_niedrig_proz": 0.0, "sm_bev_niedrig": 0, "sm_bev_gesamt": 24228, "sm_gebiete_anz": 14, "sm_gebiete_niedrig_anz": 0}}, {"type": "Feature", "geometry": null, "properties": {"stadtteil": "Poppenbüttel", "jahr": "2024", "sm_statusindex_score": 3.427, "sm_dynamikindex_score": 0.0, "sm_anteil_niedrig_proz": 0.0, "sm_bev_niedrig": 0, "sm_bev_gesamt": 24202, "sm_gebiete_anz": 14, "sm_gebiete_niedrig_anz": 0}}, {"type": "Feature", "geometry": null, "properties": {"stadtteil": "Poppenbüttel", "jahr": "2025", "sm_statusindex_score": 3.501, "sm_dynamikindex_score": 0.022, "sm_anteil_niedrig_proz": 0.0, "sm_bev_niedrig": 0, "sm_bev_gesamt": 24473, "sm_gebiete_anz": 14, "sm_gebiete_niedrig_anz": 0}}, {"type": "Feature", "geometry": null, "properties": {"stadtteil": "Rahlstedt", "jahr": "2013", "sm_statusindex_score": 2.792, "sm_dynamikindex_score": -0.06, "sm_anteil_niedrig_proz": 20.1, "sm_bev_niedrig": 17536, "sm_bev_gesamt": 87272, "sm_gebiete_anz": 36, "sm_gebiete_niedrig_anz": 6}}, {"type": "Feature", "geometry": null, "properties": {"stadtteil": "Rahlstedt", "jahr": "2014", "sm_statusindex_score": 2.794, "sm_dynamikindex_score": -0.029, "sm_anteil_niedrig_proz": 21.5, "sm_bev_niedrig": 18850, "sm_bev_gesamt": 87628, "sm_gebiete_anz": 36, "sm_gebiete_niedrig_anz": 7}}, {"type": "Feature", "geometry": null, "properties": {"stadtteil": "Rahlstedt", "jahr": "2015", "sm_statusindex_score": 2.848, "sm_dynamikindex_score": -0.08, "sm_anteil_niedrig_proz": 19.9, "sm_bev_niedrig": 17516, "sm_bev_gesamt": 87948, "sm_gebiete_anz": 36, "sm_gebiete_niedrig_anz": 6}}, {"type": "Feature", "geometry": null, "properties": {"stadtteil": "Rahlstedt", "jahr": "2016", "sm_statusindex_score": 2.882, "sm_dynamikindex_score": 0.008, "sm_anteil_niedrig_proz": 19.8, "sm_bev_niedrig": 17552, "sm_bev_gesamt": 88715, "sm_gebiete_anz": 36, "sm_gebiete_niedrig_anz": 6}}, {"type": "Feature", "geometry": null, "properties": {"stadtteil": "Rahlstedt", "jahr": "2017", "sm_statusindex_score": 2.889, "sm_dynamikindex_score": -0.006, "sm_anteil_niedrig_proz": 20.0, "sm_bev_niedrig": 18093, "sm_bev_gesamt": 90289, "sm_gebiete_anz": 36, "sm_gebiete_niedrig_anz": 6}}, {"type": "Feature", "geometry": null, "properties": {"stadtteil": "Rahlstedt", "jahr": "2018", "sm_statusindex_score": 2.814, "sm_dynamikindex_score": -0.019, "sm_anteil_niedrig_proz": 18.3, "sm_bev_niedrig": 16795, "sm_bev_gesamt": 91635, "sm_gebiete_anz": 37, "sm_gebiete_niedrig_anz": 6}}, {"type": "Feature", "geometry": null, "properties": {"stadtteil": "Rahlstedt", "jahr": "2019", "sm_statusindex_score": 2.838, "sm_dynamikindex_score": -0.033, "sm_anteil_niedrig_proz": 19.1, "sm_bev_niedrig": 17518, "sm_bev_gesamt": 91515, "sm_gebiete_anz": 36, "sm_gebiete_niedrig_anz": 6}}, {"type": "Feature", "geometry": null, "properties": {"stadtteil": "Rahlstedt", "jahr": "2020", "sm_statusindex_score": 2.853, "sm_dynamikindex_score": -0.04, "sm_anteil_niedrig_proz": 17.7, "sm_bev_niedrig": 16232, "sm_bev_gesamt": 91931, "sm_gebiete_anz": 36, "sm_gebiete_niedrig_anz": 5}}, {"type": "Feature", "geometry": null, "properties": {"stadtteil": "Rahlstedt", "jahr": "2021", "sm_statusindex_score": 2.862, "sm_dynamikindex_score": 0.089, "sm_anteil_niedrig_proz": 17.2, "sm_bev_niedrig": 15899, "sm_bev_gesamt": 92448, "sm_gebiete_anz": 37, "sm_gebiete_niedrig_anz": 5}}, {"type": "Feature", "geometry": null, "properties": {"stadtteil": "Rahlstedt", "jahr": "2022", "sm_statusindex_score": 2.791, "sm_dynamikindex_score": 0.055, "sm_anteil_niedrig_proz": 17.3, "sm_bev_niedrig": 15973, "sm_bev_gesamt": 92309, "sm_gebiete_anz": 37, "sm_gebiete_niedrig_anz": 5}}, {"type": "Feature", "geometry": null, "properties": {"stadtteil": "Rahlstedt", "jahr": "2023", "sm_statusindex_score": 2.927, "sm_dynamikindex_score": 0.032, "sm_anteil_niedrig_proz": 16.8, "sm_bev_niedrig": 16216, "sm_bev_gesamt": 96442, "sm_gebiete_anz": 37, "sm_gebiete_niedrig_anz": 5}}, {"type": "Feature", "geometry": null, "properties": {"stadtteil": "Rahlstedt", "jahr": "2024", "sm_statusindex_score": 2.925, "sm_dynamikindex_score": 0.008, "sm_anteil_niedrig_proz": 17.1, "sm_bev_niedrig": 16319, "sm_bev_gesamt": 95687, "sm_gebiete_anz": 37, "sm_gebiete_niedrig_anz": 5}}, {"type": "Feature", "geometry": null, "properties": {"stadtteil": "Rahlstedt", "jahr": "2025", "sm_statusindex_score": 2.875, "sm_dynamikindex_score": -0.048, "sm_anteil_niedrig_proz": 17.6, "sm_bev_niedrig": 16877, "sm_bev_gesamt": 95780, "sm_gebiete_anz": 37, "sm_gebiete_niedrig_anz": 6}}, {"type": "Feature", "geometry": null, "properties": {"stadtteil": "Reitbrook", "jahr": "2013", "sm_statusindex_score": 4.0, "sm_dynamikindex_score": 0.0, "sm_anteil_niedrig_proz": 0.0, "sm_bev_niedrig": 0, "sm_bev_gesamt": 476, "sm_gebiete_anz": 1, "sm_gebiete_niedrig_anz": 0}}, {"type": "Feature", "geometry": null, "properties": {"stadtteil": "Reitbrook", "jahr": "2014", "sm_statusindex_score": 4.0, "sm_dynamikindex_score": 0.0, "sm_anteil_niedrig_proz": 0.0, "sm_bev_niedrig": 0, "sm_bev_gesamt": 484, "sm_gebiete_anz": 1, "sm_gebiete_niedrig_anz": 0}}, {"type": "Feature", "geometry": null, "properties": {"stadtteil": "Reitbrook", "jahr": "2015", "sm_statusindex_score": 4.0, "sm_dynamikindex_score": 0.0, "sm_anteil_niedrig_proz": 0.0, "sm_bev_niedrig": 0, "sm_bev_gesamt": 502, "sm_gebiete_anz": 1, "sm_gebiete_niedrig_anz": 0}}, {"type": "Feature", "geometry": null, "properties": {"stadtteil": "Reitbrook", "jahr": "2016", "sm_statusindex_score": 4.0, "sm_dynamikindex_score": 0.0, "sm_anteil_niedrig_proz": 0.0, "sm_bev_niedrig": 0, "sm_bev_gesamt": 510, "sm_gebiete_anz": 1, "sm_gebiete_niedrig_anz": 0}}, {"type": "Feature", "geometry": null, "properties": {"stadtteil": "Reitbrook", "jahr": "2017", "sm_statusindex_score": 4.0, "sm_dynamikindex_score": 0.0, "sm_anteil_niedrig_proz": 0.0, "sm_bev_niedrig": 0, "sm_bev_gesamt": 517, "sm_gebiete_anz": 1, "sm_gebiete_niedrig_anz": 0}}, {"type": "Feature", "geometry": null, "properties": {"stadtteil": "Reitbrook", "jahr": "2018", "sm_statusindex_score": 4.0, "sm_dynamikindex_score": 0.0, "sm_anteil_niedrig_proz": 0.0, "sm_bev_niedrig": 0, "sm_bev_gesamt": 506, "sm_gebiete_anz": 1, "sm_gebiete_niedrig_anz": 0}}, {"type": "Feature", "geometry": null, "properties": {"stadtteil": "Reitbrook", "jahr": "2019", "sm_statusindex_score": 4.0, "sm_dynamikindex_score": 0.0, "sm_anteil_niedrig_proz": 0.0, "sm_bev_niedrig": 0, "sm_bev_gesamt": 497, "sm_gebiete_anz": 1, "sm_gebiete_niedrig_anz": 0}}, {"type": "Feature", "geometry": null, "properties": {"stadtteil": "Reitbrook", "jahr": "2020", "sm_statusindex_score": 4.0, "sm_dynamikindex_score": 0.0, "sm_anteil_niedrig_proz": 0.0, "sm_bev_niedrig": 0, "sm_bev_gesamt": 506, "sm_gebiete_anz": 1, "sm_gebiete_niedrig_anz": 0}}, {"type": "Feature", "geometry": null, "properties": {"stadtteil": "Reitbrook", "jahr": "2021", "sm_statusindex_score": 4.0, "sm_dynamikindex_score": 0.0, "sm_anteil_niedrig_proz": 0.0, "sm_bev_niedrig": 0, "sm_bev_gesamt": 522, "sm_gebiete_anz": 1, "sm_gebiete_niedrig_anz": 0}}, {"type": "Feature", "geometry": null, "properties": {"stadtteil": "Reitbrook", "jahr": "2022", "sm_statusindex_score": 4.0, "sm_dynamikindex_score": 0.0, "sm_anteil_niedrig_proz": 0.0, "sm_bev_niedrig": 0, "sm_bev_gesamt": 524, "sm_gebiete_anz": 1, "sm_gebiete_niedrig_anz": 0}}, {"type": "Feature", "geometry": null, "properties": {"stadtteil": "Reitbrook", "jahr": "2023", "sm_statusindex_score": 3.0, "sm_dynamikindex_score": -1.0, "sm_anteil_niedrig_proz": 0.0, "sm_bev_niedrig": 0, "sm_bev_gesamt": 540, "sm_gebiete_anz": 1, "sm_gebiete_niedrig_anz": 0}}, {"type": "Feature", "geometry": null, "properties": {"stadtteil": "Reitbrook", "jahr": "2024", "sm_statusindex_score": 4.0, "sm_dynamikindex_score": 0.0, "sm_anteil_niedrig_proz": 0.0, "sm_bev_niedrig": 0, "sm_bev_gesamt": 515, "sm_gebiete_anz": 1, "sm_gebiete_niedrig_anz": 0}}, {"type": "Feature", "geometry": null, "properties": {"stadtteil": "Reitbrook", "jahr": "2025", "sm_statusindex_score": 3.0, "sm_dynamikindex_score": 0.0, "sm_anteil_niedrig_proz": 0.0, "sm_bev_niedrig": 0, "sm_bev_gesamt": 497, "sm_gebiete_anz": 1, "sm_gebiete_niedrig_anz": 0}}, {"type": "Feature", "geometry": null, "properties": {"stadtteil": "Rissen", "jahr": "2013", "sm_statusindex_score": 3.627, "sm_dynamikindex_score": -0.347, "sm_anteil_niedrig_proz": 0.0, "sm_bev_niedrig": 0, "sm_bev_gesamt": 14774, "sm_gebiete_anz": 7, "sm_gebiete_niedrig_anz": 0}}, {"type": "Feature", "geometry": null, "properties": {"stadtteil": "Rissen", "jahr": "2014", "sm_statusindex_score": 3.623, "sm_dynamikindex_score": 0.0, "sm_anteil_niedrig_proz": 0.0, "sm_bev_niedrig": 0, "sm_bev_gesamt": 14795, "sm_gebiete_anz": 7, "sm_gebiete_niedrig_anz": 0}}, {"type": "Feature", "geometry": null, "properties": {"stadtteil": "Rissen", "jahr": "2015", "sm_statusindex_score": 3.62, "sm_dynamikindex_score": 0.0, "sm_anteil_niedrig_proz": 0.0, "sm_bev_niedrig": 0, "sm_bev_gesamt": 14842, "sm_gebiete_anz": 7, "sm_gebiete_niedrig_anz": 0}}, {"type": "Feature", "geometry": null, "properties": {"stadtteil": "Rissen", "jahr": "2016", "sm_statusindex_score": 3.622, "sm_dynamikindex_score": -0.17, "sm_anteil_niedrig_proz": 0.0, "sm_bev_niedrig": 0, "sm_bev_gesamt": 14927, "sm_gebiete_anz": 7, "sm_gebiete_niedrig_anz": 0}}, {"type": "Feature", "geometry": null, "properties": {"stadtteil": "Rissen", "jahr": "2017", "sm_statusindex_score": 3.616, "sm_dynamikindex_score": -0.175, "sm_anteil_niedrig_proz": 0.0, "sm_bev_niedrig": 0, "sm_bev_gesamt": 14985, "sm_gebiete_anz": 7, "sm_gebiete_niedrig_anz": 0}}, {"type": "Feature", "geometry": null, "properties": {"stadtteil": "Rissen", "jahr": "2018", "sm_statusindex_score": 3.523, "sm_dynamikindex_score": 0.0, "sm_anteil_niedrig_proz": 0.0, "sm_bev_niedrig": 0, "sm_bev_gesamt": 15117, "sm_gebiete_anz": 7, "sm_gebiete_niedrig_anz": 0}}, {"type": "Feature", "geometry": null, "properties": {"stadtteil": "Rissen", "jahr": "2019", "sm_statusindex_score": 3.512, "sm_dynamikindex_score": -0.118, "sm_anteil_niedrig_proz": 0.0, "sm_bev_niedrig": 0, "sm_bev_gesamt": 15559, "sm_gebiete_anz": 7, "sm_gebiete_niedrig_anz": 0}}, {"type": "Feature", "geometry": null, "properties": {"stadtteil": "Rissen", "jahr": "2020", "sm_statusindex_score": 3.515, "sm_dynamikindex_score": -0.116, "sm_anteil_niedrig_proz": 0.0, "sm_bev_niedrig": 0, "sm_bev_gesamt": 15684, "sm_gebiete_anz": 7, "sm_gebiete_niedrig_anz": 0}}, {"type": "Feature", "geometry": null, "properties": {"stadtteil": "Rissen", "jahr": "2021", "sm_statusindex_score": 3.347, "sm_dynamikindex_score": -0.113, "sm_anteil_niedrig_proz": 0.0, "sm_bev_niedrig": 0, "sm_bev_gesamt": 15850, "sm_gebiete_anz": 7, "sm_gebiete_niedrig_anz": 0}}, {"type": "Feature", "geometry": null, "properties": {"stadtteil": "Rissen", "jahr": "2022", "sm_statusindex_score": 3.345, "sm_dynamikindex_score": 0.0, "sm_anteil_niedrig_proz": 0.0, "sm_bev_niedrig": 0, "sm_bev_gesamt": 15811, "sm_gebiete_anz": 7, "sm_gebiete_niedrig_anz": 0}}, {"type": "Feature", "geometry": null, "properties": {"stadtteil": "Rissen", "jahr": "2023", "sm_statusindex_score": 3.343, "sm_dynamikindex_score": 0.0, "sm_anteil_niedrig_proz": 0.0, "sm_bev_niedrig": 0, "sm_bev_gesamt": 16207, "sm_gebiete_anz": 7, "sm_gebiete_niedrig_anz": 0}}, {"type": "Feature", "geometry": null, "properties": {"stadtteil": "Rissen", "jahr": "2024", "sm_statusindex_score": 3.504, "sm_dynamikindex_score": 0.0, "sm_anteil_niedrig_proz": 0.0, "sm_bev_niedrig": 0, "sm_bev_gesamt": 16295, "sm_gebiete_anz": 7, "sm_gebiete_niedrig_anz": 0}}, {"type": "Feature", "geometry": null, "properties": {"stadtteil": "Rissen", "jahr": "2025", "sm_statusindex_score": 3.504, "sm_dynamikindex_score": 0.0, "sm_anteil_niedrig_proz": 0.0, "sm_bev_niedrig": 0, "sm_bev_gesamt": 16229, "sm_gebiete_anz": 7, "sm_gebiete_niedrig_anz": 0}}, {"type": "Feature", "geometry": null, "properties": {"stadtteil": "Rothenburgsort", "jahr": "2013", "sm_statusindex_score": 1.431, "sm_dynamikindex_score": 0.0, "sm_anteil_niedrig_proz": 100.0, "sm_bev_niedrig": 8619, "sm_bev_gesamt": 8619, "sm_gebiete_anz": 3, "sm_gebiete_niedrig_anz": 3}}, {"type": "Feature", "geometry": null, "properties": {"stadtteil": "Rothenburgsort", "jahr": "2014", "sm_statusindex_score": 1.576, "sm_dynamikindex_score": -0.424, "sm_anteil_niedrig_proz": 100.0, "sm_bev_niedrig": 8730, "sm_bev_gesamt": 8730, "sm_gebiete_anz": 3, "sm_gebiete_niedrig_anz": 3}}, {"type": "Feature", "geometry": null, "properties": {"stadtteil": "Rothenburgsort", "jahr": "2015", "sm_statusindex_score": 1.726, "sm_dynamikindex_score": 0.145, "sm_anteil_niedrig_proz": 85.5, "sm_bev_niedrig": 7536, "sm_bev_gesamt": 8809, "sm_gebiete_anz": 3, "sm_gebiete_niedrig_anz": 2}}, {"type": "Feature", "geometry": null, "properties": {"stadtteil": "Rothenburgsort", "jahr": "2016", "sm_statusindex_score": 1.585, "sm_dynamikindex_score": 0.0, "sm_anteil_niedrig_proz": 100.0, "sm_bev_niedrig": 8832, "sm_bev_gesamt": 8832, "sm_gebiete_anz": 3, "sm_gebiete_niedrig_anz": 3}}, {"type": "Feature", "geometry": null, "properties": {"stadtteil": "Rothenburgsort", "jahr": "2017", "sm_statusindex_score": 1.583, "sm_dynamikindex_score": 0.0, "sm_anteil_niedrig_proz": 100.0, "sm_bev_niedrig": 8815, "sm_bev_gesamt": 8815, "sm_gebiete_anz": 3, "sm_gebiete_niedrig_anz": 3}}, {"type": "Feature", "geometry": null, "properties": {"stadtteil": "Rothenburgsort", "jahr": "2018", "sm_statusindex_score": 1.595, "sm_dynamikindex_score": 0.0, "sm_anteil_niedrig_proz": 100.0, "sm_bev_niedrig": 8904, "sm_bev_gesamt": 8904, "sm_gebiete_anz": 3, "sm_gebiete_niedrig_anz": 3}}, {"type": "Feature", "geometry": null, "properties": {"stadtteil": "Rothenburgsort", "jahr": "2019", "sm_statusindex_score": 1.593, "sm_dynamikindex_score": 0.0, "sm_anteil_niedrig_proz": 100.0, "sm_bev_niedrig": 8932, "sm_bev_gesamt": 8932, "sm_gebiete_anz": 3, "sm_gebiete_niedrig_anz": 3}}, {"type": "Feature", "geometry": null, "properties": {"stadtteil": "Rothenburgsort", "jahr": "2020", "sm_statusindex_score": 1.59, "sm_dynamikindex_score": 0.0, "sm_anteil_niedrig_proz": 100.0, "sm_bev_niedrig": 8881, "sm_bev_gesamt": 8881, "sm_gebiete_anz": 3, "sm_gebiete_niedrig_anz": 3}}, {"type": "Feature", "geometry": null, "properties": {"stadtteil": "Rothenburgsort", "jahr": "2021", "sm_statusindex_score": 1.587, "sm_dynamikindex_score": 0.0, "sm_anteil_niedrig_proz": 100.0, "sm_bev_niedrig": 8758, "sm_bev_gesamt": 8758, "sm_gebiete_anz": 3, "sm_gebiete_niedrig_anz": 3}}, {"type": "Feature", "geometry": null, "properties": {"stadtteil": "Rothenburgsort", "jahr": "2022", "sm_statusindex_score": 2.0, "sm_dynamikindex_score": 0.0, "sm_anteil_niedrig_proz": 100.0, "sm_bev_niedrig": 8656, "sm_bev_gesamt": 8656, "sm_gebiete_anz": 3, "sm_gebiete_niedrig_anz": 3}}, {"type": "Feature", "geometry": null, "properties": {"stadtteil": "Rothenburgsort", "jahr": "2023", "sm_statusindex_score": 1.78, "sm_dynamikindex_score": -0.22, "sm_anteil_niedrig_proz": 100.0, "sm_bev_niedrig": 9556, "sm_bev_gesamt": 9556, "sm_gebiete_anz": 4, "sm_gebiete_niedrig_anz": 4}}, {"type": "Feature", "geometry": null, "properties": {"stadtteil": "Rothenburgsort", "jahr": "2024", "sm_statusindex_score": 1.733, "sm_dynamikindex_score": -0.267, "sm_anteil_niedrig_proz": 100.0, "sm_bev_niedrig": 10235, "sm_bev_gesamt": 10235, "sm_gebiete_anz": 4, "sm_gebiete_niedrig_anz": 4}}, {"type": "Feature", "geometry": null, "properties": {"stadtteil": "Rothenburgsort", "jahr": "2025", "sm_statusindex_score": 1.743, "sm_dynamikindex_score": -0.257, "sm_anteil_niedrig_proz": 100.0, "sm_bev_niedrig": 11163, "sm_bev_gesamt": 11163, "sm_gebiete_anz": 4, "sm_gebiete_niedrig_anz": 4}}, {"type": "Feature", "geometry": null, "properties": {"stadtteil": "Rotherbaum", "jahr": "2013", "sm_statusindex_score": 3.339, "sm_dynamikindex_score": 0.041, "sm_anteil_niedrig_proz": 0.0, "sm_bev_niedrig": 0, "sm_bev_gesamt": 15846, "sm_gebiete_anz": 10, "sm_gebiete_niedrig_anz": 0}}, {"type": "Feature", "geometry": null, "properties": {"stadtteil": "Rotherbaum", "jahr": "2014", "sm_statusindex_score": 3.34, "sm_dynamikindex_score": 0.117, "sm_anteil_niedrig_proz": 0.0, "sm_bev_niedrig": 0, "sm_bev_gesamt": 16090, "sm_gebiete_anz": 10, "sm_gebiete_niedrig_anz": 0}}, {"type": "Feature", "geometry": null, "properties": {"stadtteil": "Rotherbaum", "jahr": "2015", "sm_statusindex_score": 3.342, "sm_dynamikindex_score": 0.0, "sm_anteil_niedrig_proz": 0.0, "sm_bev_niedrig": 0, "sm_bev_gesamt": 16200, "sm_gebiete_anz": 10, "sm_gebiete_niedrig_anz": 0}}, {"type": "Feature", "geometry": null, "properties": {"stadtteil": "Rotherbaum", "jahr": "2016", "sm_statusindex_score": 3.343, "sm_dynamikindex_score": 0.0, "sm_anteil_niedrig_proz": 0.0, "sm_bev_niedrig": 0, "sm_bev_gesamt": 16354, "sm_gebiete_anz": 10, "sm_gebiete_niedrig_anz": 0}}, {"type": "Feature", "geometry": null, "properties": {"stadtteil": "Rotherbaum", "jahr": "2017", "sm_statusindex_score": 3.399, "sm_dynamikindex_score": 0.0, "sm_anteil_niedrig_proz": 0.0, "sm_bev_niedrig": 0, "sm_bev_gesamt": 16456, "sm_gebiete_anz": 10, "sm_gebiete_niedrig_anz": 0}}, {"type": "Feature", "geometry": null, "properties": {"stadtteil": "Rotherbaum", "jahr": "2018", "sm_statusindex_score": 3.34, "sm_dynamikindex_score": 0.0, "sm_anteil_niedrig_proz": 0.0, "sm_bev_niedrig": 0, "sm_bev_gesamt": 16744, "sm_gebiete_anz": 10, "sm_gebiete_niedrig_anz": 0}}, {"type": "Feature", "geometry": null, "properties": {"stadtteil": "Rotherbaum", "jahr": "2019", "sm_statusindex_score": 3.365, "sm_dynamikindex_score": 0.0, "sm_anteil_niedrig_proz": 0.0, "sm_bev_niedrig": 0, "sm_bev_gesamt": 16875, "sm_gebiete_anz": 10, "sm_gebiete_niedrig_anz": 0}}, {"type": "Feature", "geometry": null, "properties": {"stadtteil": "Rotherbaum", "jahr": "2020", "sm_statusindex_score": 3.364, "sm_dynamikindex_score": 0.029, "sm_anteil_niedrig_proz": 0.0, "sm_bev_niedrig": 0, "sm_bev_gesamt": 16982, "sm_gebiete_anz": 10, "sm_gebiete_niedrig_anz": 0}}, {"type": "Feature", "geometry": null, "properties": {"stadtteil": "Rotherbaum", "jahr": "2021", "sm_statusindex_score": 3.42, "sm_dynamikindex_score": 0.0, "sm_anteil_niedrig_proz": 0.0, "sm_bev_niedrig": 0, "sm_bev_gesamt": 17114, "sm_gebiete_anz": 10, "sm_gebiete_niedrig_anz": 0}}, {"type": "Feature", "geometry": null, "properties": {"stadtteil": "Rotherbaum", "jahr": "2022", "sm_statusindex_score": 3.519, "sm_dynamikindex_score": 0.078, "sm_anteil_niedrig_proz": 0.0, "sm_bev_niedrig": 0, "sm_bev_gesamt": 17103, "sm_gebiete_anz": 10, "sm_gebiete_niedrig_anz": 0}}, {"type": "Feature", "geometry": null, "properties": {"stadtteil": "Rotherbaum", "jahr": "2023", "sm_statusindex_score": 3.742, "sm_dynamikindex_score": 0.146, "sm_anteil_niedrig_proz": 0.0, "sm_bev_niedrig": 0, "sm_bev_gesamt": 17153, "sm_gebiete_anz": 10, "sm_gebiete_niedrig_anz": 0}}, {"type": "Feature", "geometry": null, "properties": {"stadtteil": "Rotherbaum", "jahr": "2024", "sm_statusindex_score": 3.489, "sm_dynamikindex_score": 0.0, "sm_anteil_niedrig_proz": 0.0, "sm_bev_niedrig": 0, "sm_bev_gesamt": 17292, "sm_gebiete_anz": 10, "sm_gebiete_niedrig_anz": 0}}, {"type": "Feature", "geometry": null, "properties": {"stadtteil": "Rotherbaum", "jahr": "2025", "sm_statusindex_score": 3.742, "sm_dynamikindex_score": 0.0, "sm_anteil_niedrig_proz": 0.0, "sm_bev_niedrig": 0, "sm_bev_gesamt": 17253, "sm_gebiete_anz": 10, "sm_gebiete_niedrig_anz": 0}}, {"type": "Feature", "geometry": null, "properties": {"stadtteil": "Rönneburg", "jahr": "2013", "sm_statusindex_score": 3.0, "sm_dynamikindex_score": 0.0, "sm_anteil_niedrig_proz": 0.0, "sm_bev_niedrig": 0, "sm_bev_gesamt": 3211, "sm_gebiete_anz": 1, "sm_gebiete_niedrig_anz": 0}}, {"type": "Feature", "geometry": null, "properties": {"stadtteil": "Rönneburg", "jahr": "2014", "sm_statusindex_score": 3.0, "sm_dynamikindex_score": 0.0, "sm_anteil_niedrig_proz": 0.0, "sm_bev_niedrig": 0, "sm_bev_gesamt": 3203, "sm_gebiete_anz": 1, "sm_gebiete_niedrig_anz": 0}}, {"type": "Feature", "geometry": null, "properties": {"stadtteil": "Rönneburg", "jahr": "2015", "sm_statusindex_score": 3.0, "sm_dynamikindex_score": 0.0, "sm_anteil_niedrig_proz": 0.0, "sm_bev_niedrig": 0, "sm_bev_gesamt": 3213, "sm_gebiete_anz": 1, "sm_gebiete_niedrig_anz": 0}}, {"type": "Feature", "geometry": null, "properties": {"stadtteil": "Rönneburg", "jahr": "2016", "sm_statusindex_score": 3.0, "sm_dynamikindex_score": 0.0, "sm_anteil_niedrig_proz": 0.0, "sm_bev_niedrig": 0, "sm_bev_gesamt": 3198, "sm_gebiete_anz": 1, "sm_gebiete_niedrig_anz": 0}}, {"type": "Feature", "geometry": null, "properties": {"stadtteil": "Rönneburg", "jahr": "2017", "sm_statusindex_score": 3.0, "sm_dynamikindex_score": 0.0, "sm_anteil_niedrig_proz": 0.0, "sm_bev_niedrig": 0, "sm_bev_gesamt": 3190, "sm_gebiete_anz": 1, "sm_gebiete_niedrig_anz": 0}}, {"type": "Feature", "geometry": null, "properties": {"stadtteil": "Rönneburg", "jahr": "2018", "sm_statusindex_score": 3.0, "sm_dynamikindex_score": 0.0, "sm_anteil_niedrig_proz": 0.0, "sm_bev_niedrig": 0, "sm_bev_gesamt": 3233, "sm_gebiete_anz": 1, "sm_gebiete_niedrig_anz": 0}}, {"type": "Feature", "geometry": null, "properties": {"stadtteil": "Rönneburg", "jahr": "2019", "sm_statusindex_score": 3.0, "sm_dynamikindex_score": 0.0, "sm_anteil_niedrig_proz": 0.0, "sm_bev_niedrig": 0, "sm_bev_gesamt": 3430, "sm_gebiete_anz": 1, "sm_gebiete_niedrig_anz": 0}}, {"type": "Feature", "geometry": null, "properties": {"stadtteil": "Rönneburg", "jahr": "2020", "sm_statusindex_score": 3.0, "sm_dynamikindex_score": -1.0, "sm_anteil_niedrig_proz": 0.0, "sm_bev_niedrig": 0, "sm_bev_gesamt": 3436, "sm_gebiete_anz": 1, "sm_gebiete_niedrig_anz": 0}}, {"type": "Feature", "geometry": null, "properties": {"stadtteil": "Rönneburg", "jahr": "2021", "sm_statusindex_score": 3.0, "sm_dynamikindex_score": -1.0, "sm_anteil_niedrig_proz": 0.0, "sm_bev_niedrig": 0, "sm_bev_gesamt": 3453, "sm_gebiete_anz": 1, "sm_gebiete_niedrig_anz": 0}}, {"type": "Feature", "geometry": null, "properties": {"stadtteil": "Rönneburg", "jahr": "2022", "sm_statusindex_score": 3.0, "sm_dynamikindex_score": 0.0, "sm_anteil_niedrig_proz": 0.0, "sm_bev_niedrig": 0, "sm_bev_gesamt": 3425, "sm_gebiete_anz": 1, "sm_gebiete_niedrig_anz": 0}}, {"type": "Feature", "geometry": null, "properties": {"stadtteil": "Rönneburg", "jahr": "2023", "sm_statusindex_score": 3.0, "sm_dynamikindex_score": 0.0, "sm_anteil_niedrig_proz": 0.0, "sm_bev_niedrig": 0, "sm_bev_gesamt": 3417, "sm_gebiete_anz": 1, "sm_gebiete_niedrig_anz": 0}}, {"type": "Feature", "geometry": null, "properties": {"stadtteil": "Rönneburg", "jahr": "2024", "sm_statusindex_score": 3.0, "sm_dynamikindex_score": 0.0, "sm_anteil_niedrig_proz": 0.0, "sm_bev_niedrig": 0, "sm_bev_gesamt": 3392, "sm_gebiete_anz": 1, "sm_gebiete_niedrig_anz": 0}}, {"type": "Feature", "geometry": null, "properties": {"stadtteil": "Rönneburg", "jahr": "2025", "sm_statusindex_score": 3.0, "sm_dynamikindex_score": 0.0, "sm_anteil_niedrig_proz": 0.0, "sm_bev_niedrig": 0, "sm_bev_gesamt": 3243, "sm_gebiete_anz": 1, "sm_gebiete_niedrig_anz": 0}}, {"type": "Feature", "geometry": null, "properties": {"stadtteil": "Sasel", "jahr": "2013", "sm_statusindex_score": 3.896, "sm_dynamikindex_score": 0.0, "sm_anteil_niedrig_proz": 0.0, "sm_bev_niedrig": 0, "sm_bev_gesamt": 22921, "sm_gebiete_anz": 10, "sm_gebiete_niedrig_anz": 0}}, {"type": "Feature", "geometry": null, "properties": {"stadtteil": "Sasel", "jahr": "2014", "sm_statusindex_score": 3.898, "sm_dynamikindex_score": 0.0, "sm_anteil_niedrig_proz": 0.0, "sm_bev_niedrig": 0, "sm_bev_gesamt": 22970, "sm_gebiete_anz": 10, "sm_gebiete_niedrig_anz": 0}}, {"type": "Feature", "geometry": null, "properties": {"stadtteil": "Sasel", "jahr": "2015", "sm_statusindex_score": 4.0, "sm_dynamikindex_score": 0.0, "sm_anteil_niedrig_proz": 0.0, "sm_bev_niedrig": 0, "sm_bev_gesamt": 23165, "sm_gebiete_anz": 10, "sm_gebiete_niedrig_anz": 0}}, {"type": "Feature", "geometry": null, "properties": {"stadtteil": "Sasel", "jahr": "2016", "sm_statusindex_score": 4.0, "sm_dynamikindex_score": 0.0, "sm_anteil_niedrig_proz": 0.0, "sm_bev_niedrig": 0, "sm_bev_gesamt": 23248, "sm_gebiete_anz": 10, "sm_gebiete_niedrig_anz": 0}}, {"type": "Feature", "geometry": null, "properties": {"stadtteil": "Sasel", "jahr": "2017", "sm_statusindex_score": 4.0, "sm_dynamikindex_score": 0.0, "sm_anteil_niedrig_proz": 0.0, "sm_bev_niedrig": 0, "sm_bev_gesamt": 23290, "sm_gebiete_anz": 10, "sm_gebiete_niedrig_anz": 0}}, {"type": "Feature", "geometry": null, "properties": {"stadtteil": "Sasel", "jahr": "2018", "sm_statusindex_score": 3.898, "sm_dynamikindex_score": 0.0, "sm_anteil_niedrig_proz": 0.0, "sm_bev_niedrig": 0, "sm_bev_gesamt": 23440, "sm_gebiete_anz": 10, "sm_gebiete_niedrig_anz": 0}}, {"type": "Feature", "geometry": null, "properties": {"stadtteil": "Sasel", "jahr": "2019", "sm_statusindex_score": 3.897, "sm_dynamikindex_score": 0.0, "sm_anteil_niedrig_proz": 0.0, "sm_bev_niedrig": 0, "sm_bev_gesamt": 23567, "sm_gebiete_anz": 10, "sm_gebiete_niedrig_anz": 0}}, {"type": "Feature", "geometry": null, "properties": {"stadtteil": "Sasel", "jahr": "2020", "sm_statusindex_score": 3.803, "sm_dynamikindex_score": 0.0, "sm_anteil_niedrig_proz": 0.0, "sm_bev_niedrig": 0, "sm_bev_gesamt": 23540, "sm_gebiete_anz": 10, "sm_gebiete_niedrig_anz": 0}}, {"type": "Feature", "geometry": null, "properties": {"stadtteil": "Sasel", "jahr": "2021", "sm_statusindex_score": 3.801, "sm_dynamikindex_score": 0.0, "sm_anteil_niedrig_proz": 0.0, "sm_bev_niedrig": 0, "sm_bev_gesamt": 23868, "sm_gebiete_anz": 10, "sm_gebiete_niedrig_anz": 0}}, {"type": "Feature", "geometry": null, "properties": {"stadtteil": "Sasel", "jahr": "2022", "sm_statusindex_score": 3.888, "sm_dynamikindex_score": 0.0, "sm_anteil_niedrig_proz": 0.0, "sm_bev_niedrig": 0, "sm_bev_gesamt": 24011, "sm_gebiete_anz": 10, "sm_gebiete_niedrig_anz": 0}}, {"type": "Feature", "geometry": null, "properties": {"stadtteil": "Sasel", "jahr": "2023", "sm_statusindex_score": 3.888, "sm_dynamikindex_score": 0.0, "sm_anteil_niedrig_proz": 0.0, "sm_bev_niedrig": 0, "sm_bev_gesamt": 24139, "sm_gebiete_anz": 10, "sm_gebiete_niedrig_anz": 0}}, {"type": "Feature", "geometry": null, "properties": {"stadtteil": "Sasel", "jahr": "2024", "sm_statusindex_score": 3.888, "sm_dynamikindex_score": 0.0, "sm_anteil_niedrig_proz": 0.0, "sm_bev_niedrig": 0, "sm_bev_gesamt": 24111, "sm_gebiete_anz": 10, "sm_gebiete_niedrig_anz": 0}}, {"type": "Feature", "geometry": null, "properties": {"stadtteil": "Sasel", "jahr": "2025", "sm_statusindex_score": 3.888, "sm_dynamikindex_score": 0.0, "sm_anteil_niedrig_proz": 0.0, "sm_bev_niedrig": 0, "sm_bev_gesamt": 24091, "sm_gebiete_anz": 10, "sm_gebiete_niedrig_anz": 0}}, {"type": "Feature", "geometry": null, "properties": {"stadtteil": "Schnelsen", "jahr": "2013", "sm_statusindex_score": 2.944, "sm_dynamikindex_score": -0.302, "sm_anteil_niedrig_proz": 9.5, "sm_bev_niedrig": 2599, "sm_bev_gesamt": 27493, "sm_gebiete_anz": 11, "sm_gebiete_niedrig_anz": 1}}, {"type": "Feature", "geometry": null, "properties": {"stadtteil": "Schnelsen", "jahr": "2014", "sm_statusindex_score": 2.949, "sm_dynamikindex_score": -0.302, "sm_anteil_niedrig_proz": 9.3, "sm_bev_niedrig": 2574, "sm_bev_gesamt": 27684, "sm_gebiete_anz": 11, "sm_gebiete_niedrig_anz": 1}}, {"type": "Feature", "geometry": null, "properties": {"stadtteil": "Schnelsen", "jahr": "2015", "sm_statusindex_score": 2.817, "sm_dynamikindex_score": -0.227, "sm_anteil_niedrig_proz": 9.1, "sm_bev_niedrig": 2570, "sm_bev_gesamt": 28141, "sm_gebiete_anz": 11, "sm_gebiete_niedrig_anz": 1}}, {"type": "Feature", "geometry": null, "properties": {"stadtteil": "Schnelsen", "jahr": "2016", "sm_statusindex_score": 2.951, "sm_dynamikindex_score": -0.217, "sm_anteil_niedrig_proz": 8.9, "sm_bev_niedrig": 2535, "sm_bev_gesamt": 28465, "sm_gebiete_anz": 11, "sm_gebiete_niedrig_anz": 1}}, {"type": "Feature", "geometry": null, "properties": {"stadtteil": "Schnelsen", "jahr": "2017", "sm_statusindex_score": 2.996, "sm_dynamikindex_score": -0.043, "sm_anteil_niedrig_proz": 13.1, "sm_bev_niedrig": 3819, "sm_bev_gesamt": 29242, "sm_gebiete_anz": 11, "sm_gebiete_niedrig_anz": 2}}, {"type": "Feature", "geometry": null, "properties": {"stadtteil": "Schnelsen", "jahr": "2018", "sm_statusindex_score": 3.042, "sm_dynamikindex_score": -0.04, "sm_anteil_niedrig_proz": 8.6, "sm_bev_niedrig": 2517, "sm_bev_gesamt": 29416, "sm_gebiete_anz": 11, "sm_gebiete_niedrig_anz": 1}}, {"type": "Feature", "geometry": null, "properties": {"stadtteil": "Schnelsen", "jahr": "2019", "sm_statusindex_score": 2.957, "sm_dynamikindex_score": -0.027, "sm_anteil_niedrig_proz": 8.6, "sm_bev_niedrig": 2506, "sm_bev_gesamt": 29144, "sm_gebiete_anz": 11, "sm_gebiete_niedrig_anz": 1}}, {"type": "Feature", "geometry": null, "properties": {"stadtteil": "Schnelsen", "jahr": "2020", "sm_statusindex_score": 3.04, "sm_dynamikindex_score": -0.029, "sm_anteil_niedrig_proz": 8.8, "sm_bev_niedrig": 2585, "sm_bev_gesamt": 29454, "sm_gebiete_anz": 11, "sm_gebiete_niedrig_anz": 1}}, {"type": "Feature", "geometry": null, "properties": {"stadtteil": "Schnelsen", "jahr": "2021", "sm_statusindex_score": 3.013, "sm_dynamikindex_score": -0.255, "sm_anteil_niedrig_proz": 11.1, "sm_bev_niedrig": 3317, "sm_bev_gesamt": 29999, "sm_gebiete_anz": 11, "sm_gebiete_niedrig_anz": 2}}, {"type": "Feature", "geometry": null, "properties": {"stadtteil": "Schnelsen", "jahr": "2022", "sm_statusindex_score": 2.804, "sm_dynamikindex_score": -0.283, "sm_anteil_niedrig_proz": 11.1, "sm_bev_niedrig": 3323, "sm_bev_gesamt": 29977, "sm_gebiete_anz": 11, "sm_gebiete_niedrig_anz": 2}}, {"type": "Feature", "geometry": null, "properties": {"stadtteil": "Schnelsen", "jahr": "2023", "sm_statusindex_score": 2.89, "sm_dynamikindex_score": -0.111, "sm_anteil_niedrig_proz": 11.0, "sm_bev_niedrig": 3353, "sm_bev_gesamt": 30543, "sm_gebiete_anz": 11, "sm_gebiete_niedrig_anz": 2}}, {"type": "Feature", "geometry": null, "properties": {"stadtteil": "Schnelsen", "jahr": "2024", "sm_statusindex_score": 2.915, "sm_dynamikindex_score": 0.0, "sm_anteil_niedrig_proz": 8.5, "sm_bev_niedrig": 2633, "sm_bev_gesamt": 31030, "sm_gebiete_anz": 11, "sm_gebiete_niedrig_anz": 1}}, {"type": "Feature", "geometry": null, "properties": {"stadtteil": "Schnelsen", "jahr": "2025", "sm_statusindex_score": 2.89, "sm_dynamikindex_score": 0.055, "sm_anteil_niedrig_proz": 11.0, "sm_bev_niedrig": 3436, "sm_bev_gesamt": 31168, "sm_gebiete_anz": 11, "sm_gebiete_niedrig_anz": 2}}, {"type": "Feature", "geometry": null, "properties": {"stadtteil": "Sinstorf", "jahr": "2013", "sm_statusindex_score": 3.0, "sm_dynamikindex_score": -0.526, "sm_anteil_niedrig_proz": 0.0, "sm_bev_niedrig": 0, "sm_bev_gesamt": 3491, "sm_gebiete_anz": 2, "sm_gebiete_niedrig_anz": 0}}, {"type": "Feature", "geometry": null, "properties": {"stadtteil": "Sinstorf", "jahr": "2014", "sm_statusindex_score": 3.0, "sm_dynamikindex_score": 0.0, "sm_anteil_niedrig_proz": 0.0, "sm_bev_niedrig": 0, "sm_bev_gesamt": 3553, "sm_gebiete_anz": 2, "sm_gebiete_niedrig_anz": 0}}, {"type": "Feature", "geometry": null, "properties": {"stadtteil": "Sinstorf", "jahr": "2015", "sm_statusindex_score": 3.0, "sm_dynamikindex_score": 0.0, "sm_anteil_niedrig_proz": 0.0, "sm_bev_niedrig": 0, "sm_bev_gesamt": 3554, "sm_gebiete_anz": 2, "sm_gebiete_niedrig_anz": 0}}, {"type": "Feature", "geometry": null, "properties": {"stadtteil": "Sinstorf", "jahr": "2016", "sm_statusindex_score": 3.0, "sm_dynamikindex_score": 0.0, "sm_anteil_niedrig_proz": 0.0, "sm_bev_niedrig": 0, "sm_bev_gesamt": 3615, "sm_gebiete_anz": 2, "sm_gebiete_niedrig_anz": 0}}, {"type": "Feature", "geometry": null, "properties": {"stadtteil": "Sinstorf", "jahr": "2017", "sm_statusindex_score": 3.0, "sm_dynamikindex_score": 0.0, "sm_anteil_niedrig_proz": 0.0, "sm_bev_niedrig": 0, "sm_bev_gesamt": 3636, "sm_gebiete_anz": 2, "sm_gebiete_niedrig_anz": 0}}, {"type": "Feature", "geometry": null, "properties": {"stadtteil": "Sinstorf", "jahr": "2018", "sm_statusindex_score": 3.0, "sm_dynamikindex_score": -0.52, "sm_anteil_niedrig_proz": 0.0, "sm_bev_niedrig": 0, "sm_bev_gesamt": 4102, "sm_gebiete_anz": 2, "sm_gebiete_niedrig_anz": 0}}, {"type": "Feature", "geometry": null, "properties": {"stadtteil": "Sinstorf", "jahr": "2019", "sm_statusindex_score": 3.0, "sm_dynamikindex_score": -0.528, "sm_anteil_niedrig_proz": 0.0, "sm_bev_niedrig": 0, "sm_bev_gesamt": 4207, "sm_gebiete_anz": 2, "sm_gebiete_niedrig_anz": 0}}, {"type": "Feature", "geometry": null, "properties": {"stadtteil": "Sinstorf", "jahr": "2020", "sm_statusindex_score": 3.0, "sm_dynamikindex_score": -0.535, "sm_anteil_niedrig_proz": 0.0, "sm_bev_niedrig": 0, "sm_bev_gesamt": 4201, "sm_gebiete_anz": 2, "sm_gebiete_niedrig_anz": 0}}, {"type": "Feature", "geometry": null, "properties": {"stadtteil": "Sinstorf", "jahr": "2021", "sm_statusindex_score": 3.0, "sm_dynamikindex_score": 0.0, "sm_anteil_niedrig_proz": 0.0, "sm_bev_niedrig": 0, "sm_bev_gesamt": 4231, "sm_gebiete_anz": 2, "sm_gebiete_niedrig_anz": 0}}, {"type": "Feature", "geometry": null, "properties": {"stadtteil": "Sinstorf", "jahr": "2022", "sm_statusindex_score": 3.0, "sm_dynamikindex_score": -0.452, "sm_anteil_niedrig_proz": 0.0, "sm_bev_niedrig": 0, "sm_bev_gesamt": 4261, "sm_gebiete_anz": 2, "sm_gebiete_niedrig_anz": 0}}, {"type": "Feature", "geometry": null, "properties": {"stadtteil": "Sinstorf", "jahr": "2023", "sm_statusindex_score": 3.0, "sm_dynamikindex_score": 0.0, "sm_anteil_niedrig_proz": 0.0, "sm_bev_niedrig": 0, "sm_bev_gesamt": 4292, "sm_gebiete_anz": 2, "sm_gebiete_niedrig_anz": 0}}, {"type": "Feature", "geometry": null, "properties": {"stadtteil": "Sinstorf", "jahr": "2024", "sm_statusindex_score": 3.0, "sm_dynamikindex_score": 0.0, "sm_anteil_niedrig_proz": 0.0, "sm_bev_niedrig": 0, "sm_bev_gesamt": 4364, "sm_gebiete_anz": 2, "sm_gebiete_niedrig_anz": 0}}, {"type": "Feature", "geometry": null, "properties": {"stadtteil": "Sinstorf", "jahr": "2025", "sm_statusindex_score": 3.0, "sm_dynamikindex_score": 0.0, "sm_anteil_niedrig_proz": 0.0, "sm_bev_niedrig": 0, "sm_bev_gesamt": 4329, "sm_gebiete_anz": 2, "sm_gebiete_niedrig_anz": 0}}, {"type": "Feature", "geometry": null, "properties": {"stadtteil": "Spadenland", "jahr": "2013", "sm_statusindex_score": 4.0, "sm_dynamikindex_score": 0.0, "sm_anteil_niedrig_proz": 0.0, "sm_bev_niedrig": 0, "sm_bev_gesamt": 496, "sm_gebiete_anz": 1, "sm_gebiete_niedrig_anz": 0}}, {"type": "Feature", "geometry": null, "properties": {"stadtteil": "Spadenland", "jahr": "2014", "sm_statusindex_score": 4.0, "sm_dynamikindex_score": 0.0, "sm_anteil_niedrig_proz": 0.0, "sm_bev_niedrig": 0, "sm_bev_gesamt": 478, "sm_gebiete_anz": 1, "sm_gebiete_niedrig_anz": 0}}, {"type": "Feature", "geometry": null, "properties": {"stadtteil": "Spadenland", "jahr": "2015", "sm_statusindex_score": 4.0, "sm_dynamikindex_score": 0.0, "sm_anteil_niedrig_proz": 0.0, "sm_bev_niedrig": 0, "sm_bev_gesamt": 488, "sm_gebiete_anz": 1, "sm_gebiete_niedrig_anz": 0}}, {"type": "Feature", "geometry": null, "properties": {"stadtteil": "Spadenland", "jahr": "2016", "sm_statusindex_score": 4.0, "sm_dynamikindex_score": 0.0, "sm_anteil_niedrig_proz": 0.0, "sm_bev_niedrig": 0, "sm_bev_gesamt": 488, "sm_gebiete_anz": 1, "sm_gebiete_niedrig_anz": 0}}, {"type": "Feature", "geometry": null, "properties": {"stadtteil": "Spadenland", "jahr": "2017", "sm_statusindex_score": 4.0, "sm_dynamikindex_score": 0.0, "sm_anteil_niedrig_proz": 0.0, "sm_bev_niedrig": 0, "sm_bev_gesamt": 506, "sm_gebiete_anz": 1, "sm_gebiete_niedrig_anz": 0}}, {"type": "Feature", "geometry": null, "properties": {"stadtteil": "Spadenland", "jahr": "2018", "sm_statusindex_score": 4.0, "sm_dynamikindex_score": 0.0, "sm_anteil_niedrig_proz": 0.0, "sm_bev_niedrig": 0, "sm_bev_gesamt": 514, "sm_gebiete_anz": 1, "sm_gebiete_niedrig_anz": 0}}, {"type": "Feature", "geometry": null, "properties": {"stadtteil": "Spadenland", "jahr": "2019", "sm_statusindex_score": 4.0, "sm_dynamikindex_score": 0.0, "sm_anteil_niedrig_proz": 0.0, "sm_bev_niedrig": 0, "sm_bev_gesamt": 510, "sm_gebiete_anz": 1, "sm_gebiete_niedrig_anz": 0}}, {"type": "Feature", "geometry": null, "properties": {"stadtteil": "Spadenland", "jahr": "2020", "sm_statusindex_score": 4.0, "sm_dynamikindex_score": 0.0, "sm_anteil_niedrig_proz": 0.0, "sm_bev_niedrig": 0, "sm_bev_gesamt": 523, "sm_gebiete_anz": 1, "sm_gebiete_niedrig_anz": 0}}, {"type": "Feature", "geometry": null, "properties": {"stadtteil": "Spadenland", "jahr": "2021", "sm_statusindex_score": 4.0, "sm_dynamikindex_score": 0.0, "sm_anteil_niedrig_proz": 0.0, "sm_bev_niedrig": 0, "sm_bev_gesamt": 539, "sm_gebiete_anz": 1, "sm_gebiete_niedrig_anz": 0}}, {"type": "Feature", "geometry": null, "properties": {"stadtteil": "Spadenland", "jahr": "2022", "sm_statusindex_score": 4.0, "sm_dynamikindex_score": 0.0, "sm_anteil_niedrig_proz": 0.0, "sm_bev_niedrig": 0, "sm_bev_gesamt": 525, "sm_gebiete_anz": 1, "sm_gebiete_niedrig_anz": 0}}, {"type": "Feature", "geometry": null, "properties": {"stadtteil": "Spadenland", "jahr": "2023", "sm_statusindex_score": 4.0, "sm_dynamikindex_score": 0.0, "sm_anteil_niedrig_proz": 0.0, "sm_bev_niedrig": 0, "sm_bev_gesamt": 551, "sm_gebiete_anz": 1, "sm_gebiete_niedrig_anz": 0}}, {"type": "Feature", "geometry": null, "properties": {"stadtteil": "Spadenland", "jahr": "2024", "sm_statusindex_score": 4.0, "sm_dynamikindex_score": 0.0, "sm_anteil_niedrig_proz": 0.0, "sm_bev_niedrig": 0, "sm_bev_gesamt": 553, "sm_gebiete_anz": 1, "sm_gebiete_niedrig_anz": 0}}, {"type": "Feature", "geometry": null, "properties": {"stadtteil": "Spadenland", "jahr": "2025", "sm_statusindex_score": 4.0, "sm_dynamikindex_score": 0.0, "sm_anteil_niedrig_proz": 0.0, "sm_bev_niedrig": 0, "sm_bev_gesamt": 537, "sm_gebiete_anz": 1, "sm_gebiete_niedrig_anz": 0}}, {"type": "Feature", "geometry": null, "properties": {"stadtteil": "St. Georg", "jahr": "2013", "sm_statusindex_score": 2.958, "sm_dynamikindex_score": 0.352, "sm_anteil_niedrig_proz": 4.2, "sm_bev_niedrig": 437, "sm_bev_gesamt": 10530, "sm_gebiete_anz": 7, "sm_gebiete_niedrig_anz": 1}}, {"type": "Feature", "geometry": null, "properties": {"stadtteil": "St. Georg", "jahr": "2014", "sm_statusindex_score": 2.961, "sm_dynamikindex_score": 0.039, "sm_anteil_niedrig_proz": 3.9, "sm_bev_niedrig": 411, "sm_bev_gesamt": 10451, "sm_gebiete_anz": 7, "sm_gebiete_niedrig_anz": 1}}, {"type": "Feature", "geometry": null, "properties": {"stadtteil": "St. Georg", "jahr": "2015", "sm_statusindex_score": 2.85, "sm_dynamikindex_score": -0.072, "sm_anteil_niedrig_proz": 17.4, "sm_bev_niedrig": 1852, "sm_bev_gesamt": 10664, "sm_gebiete_anz": 7, "sm_gebiete_niedrig_anz": 2}}, {"type": "Feature", "geometry": null, "properties": {"stadtteil": "St. Georg", "jahr": "2016", "sm_statusindex_score": 3.019, "sm_dynamikindex_score": -0.107, "sm_anteil_niedrig_proz": 4.2, "sm_bev_niedrig": 448, "sm_bev_gesamt": 10720, "sm_gebiete_anz": 7, "sm_gebiete_niedrig_anz": 1}}, {"type": "Feature", "geometry": null, "properties": {"stadtteil": "St. Georg", "jahr": "2017", "sm_statusindex_score": 3.022, "sm_dynamikindex_score": 0.0, "sm_anteil_niedrig_proz": 4.1, "sm_bev_niedrig": 448, "sm_bev_gesamt": 10796, "sm_gebiete_anz": 7, "sm_gebiete_niedrig_anz": 1}}, {"type": "Feature", "geometry": null, "properties": {"stadtteil": "St. Georg", "jahr": "2018", "sm_statusindex_score": 2.982, "sm_dynamikindex_score": 0.162, "sm_anteil_niedrig_proz": 4.1, "sm_bev_niedrig": 451, "sm_bev_gesamt": 11044, "sm_gebiete_anz": 7, "sm_gebiete_niedrig_anz": 1}}, {"type": "Feature", "geometry": null, "properties": {"stadtteil": "St. Georg", "jahr": "2019", "sm_statusindex_score": 3.062, "sm_dynamikindex_score": 0.126, "sm_anteil_niedrig_proz": 0.0, "sm_bev_niedrig": 0, "sm_bev_gesamt": 11373, "sm_gebiete_anz": 7, "sm_gebiete_niedrig_anz": 0}}, {"type": "Feature", "geometry": null, "properties": {"stadtteil": "St. Georg", "jahr": "2020", "sm_statusindex_score": 3.024, "sm_dynamikindex_score": 0.088, "sm_anteil_niedrig_proz": 3.7, "sm_bev_niedrig": 422, "sm_bev_gesamt": 11351, "sm_gebiete_anz": 7, "sm_gebiete_niedrig_anz": 1}}, {"type": "Feature", "geometry": null, "properties": {"stadtteil": "St. Georg", "jahr": "2021", "sm_statusindex_score": 2.962, "sm_dynamikindex_score": -0.2, "sm_anteil_niedrig_proz": 3.8, "sm_bev_niedrig": 427, "sm_bev_gesamt": 11341, "sm_gebiete_anz": 7, "sm_gebiete_niedrig_anz": 1}}, {"type": "Feature", "geometry": null, "properties": {"stadtteil": "St. Georg", "jahr": "2022", "sm_statusindex_score": 2.963, "sm_dynamikindex_score": -0.061, "sm_anteil_niedrig_proz": 3.7, "sm_bev_niedrig": 426, "sm_bev_gesamt": 11457, "sm_gebiete_anz": 7, "sm_gebiete_niedrig_anz": 1}}, {"type": "Feature", "geometry": null, "properties": {"stadtteil": "St. Georg", "jahr": "2023", "sm_statusindex_score": 2.736, "sm_dynamikindex_score": -0.228, "sm_anteil_niedrig_proz": 26.4, "sm_bev_niedrig": 3200, "sm_bev_gesamt": 12124, "sm_gebiete_anz": 7, "sm_gebiete_niedrig_anz": 2}}, {"type": "Feature", "geometry": null, "properties": {"stadtteil": "St. Georg", "jahr": "2024", "sm_statusindex_score": 2.608, "sm_dynamikindex_score": -0.13, "sm_anteil_niedrig_proz": 39.2, "sm_bev_niedrig": 4851, "sm_bev_gesamt": 12361, "sm_gebiete_anz": 7, "sm_gebiete_niedrig_anz": 3}}, {"type": "Feature", "geometry": null, "properties": {"stadtteil": "St. Georg", "jahr": "2025", "sm_statusindex_score": 2.896, "sm_dynamikindex_score": -0.479, "sm_anteil_niedrig_proz": 16.4, "sm_bev_niedrig": 2036, "sm_bev_gesamt": 12435, "sm_gebiete_anz": 7, "sm_gebiete_niedrig_anz": 2}}, {"type": "Feature", "geometry": null, "properties": {"stadtteil": "St. Pauli", "jahr": "2013", "sm_statusindex_score": 1.894, "sm_dynamikindex_score": 0.4, "sm_anteil_niedrig_proz": 84.3, "sm_bev_niedrig": 18459, "sm_bev_gesamt": 21896, "sm_gebiete_anz": 7, "sm_gebiete_niedrig_anz": 6}}, {"type": "Feature", "geometry": null, "properties": {"stadtteil": "St. Pauli", "jahr": "2014", "sm_statusindex_score": 2.367, "sm_dynamikindex_score": 0.428, "sm_anteil_niedrig_proz": 51.9, "sm_bev_niedrig": 11539, "sm_bev_gesamt": 22219, "sm_gebiete_anz": 7, "sm_gebiete_niedrig_anz": 4}}, {"type": "Feature", "geometry": null, "properties": {"stadtteil": "St. Pauli", "jahr": "2015", "sm_statusindex_score": 2.338, "sm_dynamikindex_score": 0.659, "sm_anteil_niedrig_proz": 54.7, "sm_bev_niedrig": 12175, "sm_bev_gesamt": 22269, "sm_gebiete_anz": 7, "sm_gebiete_niedrig_anz": 4}}, {"type": "Feature", "geometry": null, "properties": {"stadtteil": "St. Pauli", "jahr": "2016", "sm_statusindex_score": 2.495, "sm_dynamikindex_score": 0.298, "sm_anteil_niedrig_proz": 39.1, "sm_bev_niedrig": 8741, "sm_bev_gesamt": 22367, "sm_gebiete_anz": 7, "sm_gebiete_niedrig_anz": 3}}, {"type": "Feature", "geometry": null, "properties": {"stadtteil": "St. Pauli", "jahr": "2017", "sm_statusindex_score": 2.606, "sm_dynamikindex_score": 0.154, "sm_anteil_niedrig_proz": 39.4, "sm_bev_niedrig": 8829, "sm_bev_gesamt": 22432, "sm_gebiete_anz": 7, "sm_gebiete_niedrig_anz": 3}}, {"type": "Feature", "geometry": null, "properties": {"stadtteil": "St. Pauli", "jahr": "2018", "sm_statusindex_score": 2.762, "sm_dynamikindex_score": 0.0, "sm_anteil_niedrig_proz": 23.8, "sm_bev_niedrig": 5318, "sm_bev_gesamt": 22336, "sm_gebiete_anz": 7, "sm_gebiete_niedrig_anz": 2}}, {"type": "Feature", "geometry": null, "properties": {"stadtteil": "St. Pauli", "jahr": "2019", "sm_statusindex_score": 2.882, "sm_dynamikindex_score": 0.121, "sm_anteil_niedrig_proz": 11.8, "sm_bev_niedrig": 2627, "sm_bev_gesamt": 22274, "sm_gebiete_anz": 7, "sm_gebiete_niedrig_anz": 1}}, {"type": "Feature", "geometry": null, "properties": {"stadtteil": "St. Pauli", "jahr": "2020", "sm_statusindex_score": 2.882, "sm_dynamikindex_score": 0.0, "sm_anteil_niedrig_proz": 11.8, "sm_bev_niedrig": 2594, "sm_bev_gesamt": 21939, "sm_gebiete_anz": 7, "sm_gebiete_niedrig_anz": 1}}, {"type": "Feature", "geometry": null, "properties": {"stadtteil": "St. Pauli", "jahr": "2021", "sm_statusindex_score": 2.647, "sm_dynamikindex_score": 0.0, "sm_anteil_niedrig_proz": 35.3, "sm_bev_niedrig": 7670, "sm_bev_gesamt": 21748, "sm_gebiete_anz": 7, "sm_gebiete_niedrig_anz": 3}}, {"type": "Feature", "geometry": null, "properties": {"stadtteil": "St. Pauli", "jahr": "2022", "sm_statusindex_score": 2.766, "sm_dynamikindex_score": 0.0, "sm_anteil_niedrig_proz": 23.4, "sm_bev_niedrig": 5063, "sm_bev_gesamt": 21649, "sm_gebiete_anz": 7, "sm_gebiete_niedrig_anz": 2}}, {"type": "Feature", "geometry": null, "properties": {"stadtteil": "St. Pauli", "jahr": "2023", "sm_statusindex_score": 3.0, "sm_dynamikindex_score": -0.147, "sm_anteil_niedrig_proz": 0.0, "sm_bev_niedrig": 0, "sm_bev_gesamt": 21905, "sm_gebiete_anz": 7, "sm_gebiete_niedrig_anz": 0}}, {"type": "Feature", "geometry": null, "properties": {"stadtteil": "St. Pauli", "jahr": "2024", "sm_statusindex_score": 2.884, "sm_dynamikindex_score": -0.149, "sm_anteil_niedrig_proz": 11.6, "sm_bev_niedrig": 2551, "sm_bev_gesamt": 22008, "sm_gebiete_anz": 7, "sm_gebiete_niedrig_anz": 1}}, {"type": "Feature", "geometry": null, "properties": {"stadtteil": "St. Pauli", "jahr": "2025", "sm_statusindex_score": 2.775, "sm_dynamikindex_score": 0.134, "sm_anteil_niedrig_proz": 22.5, "sm_bev_niedrig": 5030, "sm_bev_gesamt": 22313, "sm_gebiete_anz": 8, "sm_gebiete_niedrig_anz": 2}}, {"type": "Feature", "geometry": null, "properties": {"stadtteil": "Steilshoop", "jahr": "2013", "sm_statusindex_score": 2.001, "sm_dynamikindex_score": -0.314, "sm_anteil_niedrig_proz": 64.9, "sm_bev_niedrig": 12558, "sm_bev_gesamt": 19358, "sm_gebiete_anz": 10, "sm_gebiete_niedrig_anz": 6}}, {"type": "Feature", "geometry": null, "properties": {"stadtteil": "Steilshoop", "jahr": "2014", "sm_statusindex_score": 2.092, "sm_dynamikindex_score": -0.092, "sm_anteil_niedrig_proz": 65.0, "sm_bev_niedrig": 12643, "sm_bev_gesamt": 19448, "sm_gebiete_anz": 10, "sm_gebiete_niedrig_anz": 6}}, {"type": "Feature", "geometry": null, "properties": {"stadtteil": "Steilshoop", "jahr": "2015", "sm_statusindex_score": 2.097, "sm_dynamikindex_score": -0.182, "sm_anteil_niedrig_proz": 64.9, "sm_bev_niedrig": 12506, "sm_bev_gesamt": 19273, "sm_gebiete_anz": 10, "sm_gebiete_niedrig_anz": 6}}, {"type": "Feature", "geometry": null, "properties": {"stadtteil": "Steilshoop", "jahr": "2016", "sm_statusindex_score": 1.802, "sm_dynamikindex_score": -0.571, "sm_anteil_niedrig_proz": 76.8, "sm_bev_niedrig": 14850, "sm_bev_gesamt": 19328, "sm_gebiete_anz": 10, "sm_gebiete_niedrig_anz": 7}}, {"type": "Feature", "geometry": null, "properties": {"stadtteil": "Steilshoop", "jahr": "2017", "sm_statusindex_score": 2.053, "sm_dynamikindex_score": -0.093, "sm_anteil_niedrig_proz": 65.5, "sm_bev_niedrig": 12709, "sm_bev_gesamt": 19390, "sm_gebiete_anz": 10, "sm_gebiete_niedrig_anz": 6}}, {"type": "Feature", "geometry": null, "properties": {"stadtteil": "Steilshoop", "jahr": "2018", "sm_statusindex_score": 1.947, "sm_dynamikindex_score": 0.0, "sm_anteil_niedrig_proz": 66.0, "sm_bev_niedrig": 12969, "sm_bev_gesamt": 19662, "sm_gebiete_anz": 10, "sm_gebiete_niedrig_anz": 6}}, {"type": "Feature", "geometry": null, "properties": {"stadtteil": "Steilshoop", "jahr": "2019", "sm_statusindex_score": 2.04, "sm_dynamikindex_score": 0.101, "sm_anteil_niedrig_proz": 66.0, "sm_bev_niedrig": 13021, "sm_bev_gesamt": 19723, "sm_gebiete_anz": 10, "sm_gebiete_niedrig_anz": 6}}, {"type": "Feature", "geometry": null, "properties": {"stadtteil": "Steilshoop", "jahr": "2020", "sm_statusindex_score": 1.877, "sm_dynamikindex_score": 0.073, "sm_anteil_niedrig_proz": 65.7, "sm_bev_niedrig": 13107, "sm_bev_gesamt": 19941, "sm_gebiete_anz": 10, "sm_gebiete_niedrig_anz": 6}}, {"type": "Feature", "geometry": null, "properties": {"stadtteil": "Steilshoop", "jahr": "2021", "sm_statusindex_score": 1.876, "sm_dynamikindex_score": 0.0, "sm_anteil_niedrig_proz": 65.8, "sm_bev_niedrig": 13087, "sm_bev_gesamt": 19894, "sm_gebiete_anz": 10, "sm_gebiete_niedrig_anz": 6}}, {"type": "Feature", "geometry": null, "properties": {"stadtteil": "Steilshoop", "jahr": "2022", "sm_statusindex_score": 1.804, "sm_dynamikindex_score": -0.045, "sm_anteil_niedrig_proz": 66.1, "sm_bev_niedrig": 13004, "sm_bev_gesamt": 19662, "sm_gebiete_anz": 10, "sm_gebiete_niedrig_anz": 6}}, {"type": "Feature", "geometry": null, "properties": {"stadtteil": "Steilshoop", "jahr": "2023", "sm_statusindex_score": 2.013, "sm_dynamikindex_score": -0.1, "sm_anteil_niedrig_proz": 66.1, "sm_bev_niedrig": 13009, "sm_bev_gesamt": 19667, "sm_gebiete_anz": 10, "sm_gebiete_niedrig_anz": 6}}, {"type": "Feature", "geometry": null, "properties": {"stadtteil": "Steilshoop", "jahr": "2024", "sm_statusindex_score": 2.047, "sm_dynamikindex_score": 0.093, "sm_anteil_niedrig_proz": 65.9, "sm_bev_niedrig": 13079, "sm_bev_gesamt": 19856, "sm_gebiete_anz": 10, "sm_gebiete_niedrig_anz": 6}}, {"type": "Feature", "geometry": null, "properties": {"stadtteil": "Steilshoop", "jahr": "2025", "sm_statusindex_score": 2.022, "sm_dynamikindex_score": 0.0, "sm_anteil_niedrig_proz": 65.8, "sm_bev_niedrig": 13094, "sm_bev_gesamt": 19902, "sm_gebiete_anz": 10, "sm_gebiete_niedrig_anz": 6}}, {"type": "Feature", "geometry": null, "properties": {"stadtteil": "Steinwerder/Kl. Grasbrook", "jahr": "2013", "sm_statusindex_score": 1.0, "sm_dynamikindex_score": 1.0, "sm_anteil_niedrig_proz": 100.0, "sm_bev_niedrig": 1373, "sm_bev_gesamt": 1373, "sm_gebiete_anz": 1, "sm_gebiete_niedrig_anz": 1}}, {"type": "Feature", "geometry": null, "properties": {"stadtteil": "Steinwerder/Kl. Grasbrook", "jahr": "2014", "sm_statusindex_score": 1.0, "sm_dynamikindex_score": 1.0, "sm_anteil_niedrig_proz": 100.0, "sm_bev_niedrig": 1202, "sm_bev_gesamt": 1202, "sm_gebiete_anz": 1, "sm_gebiete_niedrig_anz": 1}}, {"type": "Feature", "geometry": null, "properties": {"stadtteil": "Steinwerder/Kl. Grasbrook", "jahr": "2015", "sm_statusindex_score": 1.0, "sm_dynamikindex_score": 1.0, "sm_anteil_niedrig_proz": 100.0, "sm_bev_niedrig": 1172, "sm_bev_gesamt": 1172, "sm_gebiete_anz": 1, "sm_gebiete_niedrig_anz": 1}}, {"type": "Feature", "geometry": null, "properties": {"stadtteil": "Steinwerder/Kl. Grasbrook", "jahr": "2016", "sm_statusindex_score": 1.0, "sm_dynamikindex_score": -1.0, "sm_anteil_niedrig_proz": 100.0, "sm_bev_niedrig": 1244, "sm_bev_gesamt": 1244, "sm_gebiete_anz": 1, "sm_gebiete_niedrig_anz": 1}}, {"type": "Feature", "geometry": null, "properties": {"stadtteil": "Steinwerder/Kl. Grasbrook", "jahr": "2017", "sm_statusindex_score": 1.0, "sm_dynamikindex_score": 0.0, "sm_anteil_niedrig_proz": 100.0, "sm_bev_niedrig": 1200, "sm_bev_gesamt": 1200, "sm_gebiete_anz": 1, "sm_gebiete_niedrig_anz": 1}}, {"type": "Feature", "geometry": null, "properties": {"stadtteil": "Steinwerder/Kl. Grasbrook", "jahr": "2018", "sm_statusindex_score": 1.0, "sm_dynamikindex_score": 0.0, "sm_anteil_niedrig_proz": 100.0, "sm_bev_niedrig": 1184, "sm_bev_gesamt": 1184, "sm_gebiete_anz": 1, "sm_gebiete_niedrig_anz": 1}}, {"type": "Feature", "geometry": null, "properties": {"stadtteil": "Steinwerder/Kl. Grasbrook", "jahr": "2019", "sm_statusindex_score": 1.0, "sm_dynamikindex_score": 0.0, "sm_anteil_niedrig_proz": 100.0, "sm_bev_niedrig": 1195, "sm_bev_gesamt": 1195, "sm_gebiete_anz": 1, "sm_gebiete_niedrig_anz": 1}}, {"type": "Feature", "geometry": null, "properties": {"stadtteil": "Steinwerder/Kl. Grasbrook", "jahr": "2020", "sm_statusindex_score": 1.0, "sm_dynamikindex_score": 1.0, "sm_anteil_niedrig_proz": 100.0, "sm_bev_niedrig": 1103, "sm_bev_gesamt": 1103, "sm_gebiete_anz": 1, "sm_gebiete_niedrig_anz": 1}}, {"type": "Feature", "geometry": null, "properties": {"stadtteil": "Steinwerder/Kl. Grasbrook", "jahr": "2021", "sm_statusindex_score": 1.0, "sm_dynamikindex_score": 0.0, "sm_anteil_niedrig_proz": 100.0, "sm_bev_niedrig": 1081, "sm_bev_gesamt": 1081, "sm_gebiete_anz": 1, "sm_gebiete_niedrig_anz": 1}}, {"type": "Feature", "geometry": null, "properties": {"stadtteil": "Steinwerder/Kl. Grasbrook", "jahr": "2022", "sm_statusindex_score": 1.0, "sm_dynamikindex_score": 1.0, "sm_anteil_niedrig_proz": 100.0, "sm_bev_niedrig": 1031, "sm_bev_gesamt": 1031, "sm_gebiete_anz": 1, "sm_gebiete_niedrig_anz": 1}}, {"type": "Feature", "geometry": null, "properties": {"stadtteil": "Steinwerder/Kl. Grasbrook", "jahr": "2023", "sm_statusindex_score": 1.0, "sm_dynamikindex_score": 0.0, "sm_anteil_niedrig_proz": 100.0, "sm_bev_niedrig": 1062, "sm_bev_gesamt": 1062, "sm_gebiete_anz": 1, "sm_gebiete_niedrig_anz": 1}}, {"type": "Feature", "geometry": null, "properties": {"stadtteil": "Steinwerder/Kl. Grasbrook", "jahr": "2024", "sm_statusindex_score": 2.0, "sm_dynamikindex_score": 1.0, "sm_anteil_niedrig_proz": 100.0, "sm_bev_niedrig": 1049, "sm_bev_gesamt": 1049, "sm_gebiete_anz": 1, "sm_gebiete_niedrig_anz": 1}}, {"type": "Feature", "geometry": null, "properties": {"stadtteil": "Steinwerder/Kl. Grasbrook", "jahr": "2025", "sm_statusindex_score": 1.0, "sm_dynamikindex_score": 0.0, "sm_anteil_niedrig_proz": 100.0, "sm_bev_niedrig": 1051, "sm_bev_gesamt": 1051, "sm_gebiete_anz": 1, "sm_gebiete_niedrig_anz": 1}}, {"type": "Feature", "geometry": null, "properties": {"stadtteil": "Stellingen", "jahr": "2013", "sm_statusindex_score": 3.0, "sm_dynamikindex_score": 0.137, "sm_anteil_niedrig_proz": 0.0, "sm_bev_niedrig": 0, "sm_bev_gesamt": 22825, "sm_gebiete_anz": 12, "sm_gebiete_niedrig_anz": 0}}, {"type": "Feature", "geometry": null, "properties": {"stadtteil": "Stellingen", "jahr": "2014", "sm_statusindex_score": 3.018, "sm_dynamikindex_score": -0.174, "sm_anteil_niedrig_proz": 0.0, "sm_bev_niedrig": 0, "sm_bev_gesamt": 23388, "sm_gebiete_anz": 13, "sm_gebiete_niedrig_anz": 0}}, {"type": "Feature", "geometry": null, "properties": {"stadtteil": "Stellingen", "jahr": "2015", "sm_statusindex_score": 3.016, "sm_dynamikindex_score": 0.114, "sm_anteil_niedrig_proz": 0.0, "sm_bev_niedrig": 0, "sm_bev_gesamt": 23391, "sm_gebiete_anz": 12, "sm_gebiete_niedrig_anz": 0}}, {"type": "Feature", "geometry": null, "properties": {"stadtteil": "Stellingen", "jahr": "2016", "sm_statusindex_score": 3.017, "sm_dynamikindex_score": 0.087, "sm_anteil_niedrig_proz": 0.0, "sm_bev_niedrig": 0, "sm_bev_gesamt": 24325, "sm_gebiete_anz": 13, "sm_gebiete_niedrig_anz": 0}}, {"type": "Feature", "geometry": null, "properties": {"stadtteil": "Stellingen", "jahr": "2017", "sm_statusindex_score": 2.997, "sm_dynamikindex_score": -0.063, "sm_anteil_niedrig_proz": 1.9, "sm_bev_niedrig": 486, "sm_bev_gesamt": 25109, "sm_gebiete_anz": 13, "sm_gebiete_niedrig_anz": 1}}, {"type": "Feature", "geometry": null, "properties": {"stadtteil": "Stellingen", "jahr": "2018", "sm_statusindex_score": 3.015, "sm_dynamikindex_score": 0.0, "sm_anteil_niedrig_proz": 0.0, "sm_bev_niedrig": 0, "sm_bev_gesamt": 25083, "sm_gebiete_anz": 12, "sm_gebiete_niedrig_anz": 0}}, {"type": "Feature", "geometry": null, "properties": {"stadtteil": "Stellingen", "jahr": "2019", "sm_statusindex_score": 3.016, "sm_dynamikindex_score": -0.064, "sm_anteil_niedrig_proz": 0.0, "sm_bev_niedrig": 0, "sm_bev_gesamt": 25535, "sm_gebiete_anz": 12, "sm_gebiete_niedrig_anz": 0}}, {"type": "Feature", "geometry": null, "properties": {"stadtteil": "Stellingen", "jahr": "2020", "sm_statusindex_score": 3.015, "sm_dynamikindex_score": -0.206, "sm_anteil_niedrig_proz": 0.0, "sm_bev_niedrig": 0, "sm_bev_gesamt": 26045, "sm_gebiete_anz": 12, "sm_gebiete_niedrig_anz": 0}}, {"type": "Feature", "geometry": null, "properties": {"stadtteil": "Stellingen", "jahr": "2021", "sm_statusindex_score": 3.015, "sm_dynamikindex_score": -0.161, "sm_anteil_niedrig_proz": 0.0, "sm_bev_niedrig": 0, "sm_bev_gesamt": 26239, "sm_gebiete_anz": 12, "sm_gebiete_niedrig_anz": 0}}, {"type": "Feature", "geometry": null, "properties": {"stadtteil": "Stellingen", "jahr": "2022", "sm_statusindex_score": 3.044, "sm_dynamikindex_score": -0.047, "sm_anteil_niedrig_proz": 0.0, "sm_bev_niedrig": 0, "sm_bev_gesamt": 26338, "sm_gebiete_anz": 12, "sm_gebiete_niedrig_anz": 0}}, {"type": "Feature", "geometry": null, "properties": {"stadtteil": "Stellingen", "jahr": "2023", "sm_statusindex_score": 3.041, "sm_dynamikindex_score": 0.048, "sm_anteil_niedrig_proz": 0.0, "sm_bev_niedrig": 0, "sm_bev_gesamt": 27371, "sm_gebiete_anz": 12, "sm_gebiete_niedrig_anz": 0}}, {"type": "Feature", "geometry": null, "properties": {"stadtteil": "Stellingen", "jahr": "2024", "sm_statusindex_score": 3.005, "sm_dynamikindex_score": -0.018, "sm_anteil_niedrig_proz": 1.8, "sm_bev_niedrig": 508, "sm_bev_gesamt": 28040, "sm_gebiete_anz": 13, "sm_gebiete_niedrig_anz": 1}}, {"type": "Feature", "geometry": null, "properties": {"stadtteil": "Stellingen", "jahr": "2025", "sm_statusindex_score": 3.008, "sm_dynamikindex_score": -0.016, "sm_anteil_niedrig_proz": 1.6, "sm_bev_niedrig": 467, "sm_bev_gesamt": 28501, "sm_gebiete_anz": 13, "sm_gebiete_niedrig_anz": 1}}, {"type": "Feature", "geometry": null, "properties": {"stadtteil": "Sternschanze", "jahr": "2013", "sm_statusindex_score": 2.673, "sm_dynamikindex_score": 0.953, "sm_anteil_niedrig_proz": 32.7, "sm_bev_niedrig": 2563, "sm_bev_gesamt": 7841, "sm_gebiete_anz": 4, "sm_gebiete_niedrig_anz": 1}}, {"type": "Feature", "geometry": null, "properties": {"stadtteil": "Sternschanze", "jahr": "2014", "sm_statusindex_score": 2.67, "sm_dynamikindex_score": 0.312, "sm_anteil_niedrig_proz": 33.0, "sm_bev_niedrig": 2576, "sm_bev_gesamt": 7805, "sm_gebiete_anz": 4, "sm_gebiete_niedrig_anz": 1}}, {"type": "Feature", "geometry": null, "properties": {"stadtteil": "Sternschanze", "jahr": "2015", "sm_statusindex_score": 2.674, "sm_dynamikindex_score": 0.27, "sm_anteil_niedrig_proz": 32.6, "sm_bev_niedrig": 2538, "sm_bev_gesamt": 7776, "sm_gebiete_anz": 4, "sm_gebiete_niedrig_anz": 1}}, {"type": "Feature", "geometry": null, "properties": {"stadtteil": "Sternschanze", "jahr": "2016", "sm_statusindex_score": 2.675, "sm_dynamikindex_score": -0.325, "sm_anteil_niedrig_proz": 32.5, "sm_bev_niedrig": 2561, "sm_bev_gesamt": 7891, "sm_gebiete_anz": 4, "sm_gebiete_niedrig_anz": 1}}, {"type": "Feature", "geometry": null, "properties": {"stadtteil": "Sternschanze", "jahr": "2017", "sm_statusindex_score": 2.673, "sm_dynamikindex_score": 0.0, "sm_anteil_niedrig_proz": 32.7, "sm_bev_niedrig": 2630, "sm_bev_gesamt": 8043, "sm_gebiete_anz": 4, "sm_gebiete_niedrig_anz": 1}}, {"type": "Feature", "geometry": null, "properties": {"stadtteil": "Sternschanze", "jahr": "2018", "sm_statusindex_score": 2.672, "sm_dynamikindex_score": 0.046, "sm_anteil_niedrig_proz": 32.8, "sm_bev_niedrig": 2648, "sm_bev_gesamt": 8080, "sm_gebiete_anz": 4, "sm_gebiete_niedrig_anz": 1}}, {"type": "Feature", "geometry": null, "properties": {"stadtteil": "Sternschanze", "jahr": "2019", "sm_statusindex_score": 2.679, "sm_dynamikindex_score": 0.321, "sm_anteil_niedrig_proz": 32.1, "sm_bev_niedrig": 2600, "sm_bev_gesamt": 8095, "sm_gebiete_anz": 4, "sm_gebiete_niedrig_anz": 1}}, {"type": "Feature", "geometry": null, "properties": {"stadtteil": "Sternschanze", "jahr": "2020", "sm_statusindex_score": 3.0, "sm_dynamikindex_score": 0.371, "sm_anteil_niedrig_proz": 0.0, "sm_bev_niedrig": 0, "sm_bev_gesamt": 8092, "sm_gebiete_anz": 4, "sm_gebiete_niedrig_anz": 0}}, {"type": "Feature", "geometry": null, "properties": {"stadtteil": "Sternschanze", "jahr": "2021", "sm_statusindex_score": 2.671, "sm_dynamikindex_score": 0.0, "sm_anteil_niedrig_proz": 32.9, "sm_bev_niedrig": 2621, "sm_bev_gesamt": 7965, "sm_gebiete_anz": 4, "sm_gebiete_niedrig_anz": 1}}, {"type": "Feature", "geometry": null, "properties": {"stadtteil": "Sternschanze", "jahr": "2022", "sm_statusindex_score": 3.0, "sm_dynamikindex_score": 0.059, "sm_anteil_niedrig_proz": 0.0, "sm_bev_niedrig": 0, "sm_bev_gesamt": 7867, "sm_gebiete_anz": 4, "sm_gebiete_niedrig_anz": 0}}, {"type": "Feature", "geometry": null, "properties": {"stadtteil": "Sternschanze", "jahr": "2023", "sm_statusindex_score": 3.0, "sm_dynamikindex_score": 0.0, "sm_anteil_niedrig_proz": 0.0, "sm_bev_niedrig": 0, "sm_bev_gesamt": 7889, "sm_gebiete_anz": 4, "sm_gebiete_niedrig_anz": 0}}, {"type": "Feature", "geometry": null, "properties": {"stadtteil": "Sternschanze", "jahr": "2024", "sm_statusindex_score": 3.0, "sm_dynamikindex_score": 0.323, "sm_anteil_niedrig_proz": 0.0, "sm_bev_niedrig": 0, "sm_bev_gesamt": 7713, "sm_gebiete_anz": 4, "sm_gebiete_niedrig_anz": 0}}, {"type": "Feature", "geometry": null, "properties": {"stadtteil": "Sternschanze", "jahr": "2025", "sm_statusindex_score": 3.0, "sm_dynamikindex_score": 0.635, "sm_anteil_niedrig_proz": 0.0, "sm_bev_niedrig": 0, "sm_bev_gesamt": 7669, "sm_gebiete_anz": 4, "sm_gebiete_niedrig_anz": 0}}, {"type": "Feature", "geometry": null, "properties": {"stadtteil": "Sülldorf", "jahr": "2013", "sm_statusindex_score": 3.487, "sm_dynamikindex_score": -0.207, "sm_anteil_niedrig_proz": 0.0, "sm_bev_niedrig": 0, "sm_bev_gesamt": 9032, "sm_gebiete_anz": 5, "sm_gebiete_niedrig_anz": 0}}, {"type": "Feature", "geometry": null, "properties": {"stadtteil": "Sülldorf", "jahr": "2014", "sm_statusindex_score": 3.483, "sm_dynamikindex_score": -0.065, "sm_anteil_niedrig_proz": 0.0, "sm_bev_niedrig": 0, "sm_bev_gesamt": 9137, "sm_gebiete_anz": 5, "sm_gebiete_niedrig_anz": 0}}, {"type": "Feature", "geometry": null, "properties": {"stadtteil": "Sülldorf", "jahr": "2015", "sm_statusindex_score": 3.489, "sm_dynamikindex_score": -0.143, "sm_anteil_niedrig_proz": 0.0, "sm_bev_niedrig": 0, "sm_bev_gesamt": 9067, "sm_gebiete_anz": 5, "sm_gebiete_niedrig_anz": 0}}, {"type": "Feature", "geometry": null, "properties": {"stadtteil": "Sülldorf", "jahr": "2016", "sm_statusindex_score": 3.495, "sm_dynamikindex_score": -0.077, "sm_anteil_niedrig_proz": 0.0, "sm_bev_niedrig": 0, "sm_bev_gesamt": 9043, "sm_gebiete_anz": 5, "sm_gebiete_niedrig_anz": 0}}, {"type": "Feature", "geometry": null, "properties": {"stadtteil": "Sülldorf", "jahr": "2017", "sm_statusindex_score": 3.272, "sm_dynamikindex_score": -0.102, "sm_anteil_niedrig_proz": 10.2, "sm_bev_niedrig": 964, "sm_bev_gesamt": 9430, "sm_gebiete_anz": 5, "sm_gebiete_niedrig_anz": 1}}, {"type": "Feature", "geometry": null, "properties": {"stadtteil": "Sülldorf", "jahr": "2018", "sm_statusindex_score": 3.275, "sm_dynamikindex_score": -0.097, "sm_anteil_niedrig_proz": 9.7, "sm_bev_niedrig": 929, "sm_bev_gesamt": 9542, "sm_gebiete_anz": 5, "sm_gebiete_niedrig_anz": 1}}, {"type": "Feature", "geometry": null, "properties": {"stadtteil": "Sülldorf", "jahr": "2019", "sm_statusindex_score": 3.284, "sm_dynamikindex_score": -0.093, "sm_anteil_niedrig_proz": 9.3, "sm_bev_niedrig": 883, "sm_bev_gesamt": 9489, "sm_gebiete_anz": 5, "sm_gebiete_niedrig_anz": 1}}, {"type": "Feature", "geometry": null, "properties": {"stadtteil": "Sülldorf", "jahr": "2020", "sm_statusindex_score": 3.296, "sm_dynamikindex_score": -0.089, "sm_anteil_niedrig_proz": 8.9, "sm_bev_niedrig": 837, "sm_bev_gesamt": 9436, "sm_gebiete_anz": 5, "sm_gebiete_niedrig_anz": 1}}, {"type": "Feature", "geometry": null, "properties": {"stadtteil": "Sülldorf", "jahr": "2021", "sm_statusindex_score": 3.303, "sm_dynamikindex_score": 0.044, "sm_anteil_niedrig_proz": 8.8, "sm_bev_niedrig": 837, "sm_bev_gesamt": 9474, "sm_gebiete_anz": 5, "sm_gebiete_niedrig_anz": 1}}, {"type": "Feature", "geometry": null, "properties": {"stadtteil": "Sülldorf", "jahr": "2022", "sm_statusindex_score": 3.287, "sm_dynamikindex_score": 0.0, "sm_anteil_niedrig_proz": 9.4, "sm_bev_niedrig": 885, "sm_bev_gesamt": 9399, "sm_gebiete_anz": 5, "sm_gebiete_niedrig_anz": 1}}, {"type": "Feature", "geometry": null, "properties": {"stadtteil": "Sülldorf", "jahr": "2023", "sm_statusindex_score": 3.296, "sm_dynamikindex_score": 0.0, "sm_anteil_niedrig_proz": 9.3, "sm_bev_niedrig": 878, "sm_bev_gesamt": 9418, "sm_gebiete_anz": 5, "sm_gebiete_niedrig_anz": 1}}, {"type": "Feature", "geometry": null, "properties": {"stadtteil": "Sülldorf", "jahr": "2024", "sm_statusindex_score": 3.3, "sm_dynamikindex_score": 0.0, "sm_anteil_niedrig_proz": 9.4, "sm_bev_niedrig": 879, "sm_bev_gesamt": 9387, "sm_gebiete_anz": 5, "sm_gebiete_niedrig_anz": 1}}, {"type": "Feature", "geometry": null, "properties": {"stadtteil": "Sülldorf", "jahr": "2025", "sm_statusindex_score": 3.309, "sm_dynamikindex_score": 0.0, "sm_anteil_niedrig_proz": 9.0, "sm_bev_niedrig": 837, "sm_bev_gesamt": 9330, "sm_gebiete_anz": 5, "sm_gebiete_niedrig_anz": 1}}, {"type": "Feature", "geometry": null, "properties": {"stadtteil": "Tatenberg", "jahr": "2013", "sm_statusindex_score": 4.0, "sm_dynamikindex_score": 0.0, "sm_anteil_niedrig_proz": 0.0, "sm_bev_niedrig": 0, "sm_bev_gesamt": 545, "sm_gebiete_anz": 1, "sm_gebiete_niedrig_anz": 0}}, {"type": "Feature", "geometry": null, "properties": {"stadtteil": "Tatenberg", "jahr": "2014", "sm_statusindex_score": 4.0, "sm_dynamikindex_score": 0.0, "sm_anteil_niedrig_proz": 0.0, "sm_bev_niedrig": 0, "sm_bev_gesamt": 537, "sm_gebiete_anz": 1, "sm_gebiete_niedrig_anz": 0}}, {"type": "Feature", "geometry": null, "properties": {"stadtteil": "Tatenberg", "jahr": "2015", "sm_statusindex_score": 4.0, "sm_dynamikindex_score": 0.0, "sm_anteil_niedrig_proz": 0.0, "sm_bev_niedrig": 0, "sm_bev_gesamt": 547, "sm_gebiete_anz": 1, "sm_gebiete_niedrig_anz": 0}}, {"type": "Feature", "geometry": null, "properties": {"stadtteil": "Tatenberg", "jahr": "2016", "sm_statusindex_score": 4.0, "sm_dynamikindex_score": 0.0, "sm_anteil_niedrig_proz": 0.0, "sm_bev_niedrig": 0, "sm_bev_gesamt": 550, "sm_gebiete_anz": 1, "sm_gebiete_niedrig_anz": 0}}, {"type": "Feature", "geometry": null, "properties": {"stadtteil": "Tatenberg", "jahr": "2017", "sm_statusindex_score": 4.0, "sm_dynamikindex_score": 0.0, "sm_anteil_niedrig_proz": 0.0, "sm_bev_niedrig": 0, "sm_bev_gesamt": 555, "sm_gebiete_anz": 1, "sm_gebiete_niedrig_anz": 0}}, {"type": "Feature", "geometry": null, "properties": {"stadtteil": "Tatenberg", "jahr": "2018", "sm_statusindex_score": 4.0, "sm_dynamikindex_score": 0.0, "sm_anteil_niedrig_proz": 0.0, "sm_bev_niedrig": 0, "sm_bev_gesamt": 558, "sm_gebiete_anz": 1, "sm_gebiete_niedrig_anz": 0}}, {"type": "Feature", "geometry": null, "properties": {"stadtteil": "Tatenberg", "jahr": "2019", "sm_statusindex_score": 4.0, "sm_dynamikindex_score": 0.0, "sm_anteil_niedrig_proz": 0.0, "sm_bev_niedrig": 0, "sm_bev_gesamt": 552, "sm_gebiete_anz": 1, "sm_gebiete_niedrig_anz": 0}}, {"type": "Feature", "geometry": null, "properties": {"stadtteil": "Tatenberg", "jahr": "2020", "sm_statusindex_score": 4.0, "sm_dynamikindex_score": 0.0, "sm_anteil_niedrig_proz": 0.0, "sm_bev_niedrig": 0, "sm_bev_gesamt": 567, "sm_gebiete_anz": 1, "sm_gebiete_niedrig_anz": 0}}, {"type": "Feature", "geometry": null, "properties": {"stadtteil": "Tatenberg", "jahr": "2021", "sm_statusindex_score": 4.0, "sm_dynamikindex_score": 0.0, "sm_anteil_niedrig_proz": 0.0, "sm_bev_niedrig": 0, "sm_bev_gesamt": 564, "sm_gebiete_anz": 1, "sm_gebiete_niedrig_anz": 0}}, {"type": "Feature", "geometry": null, "properties": {"stadtteil": "Tatenberg", "jahr": "2022", "sm_statusindex_score": 4.0, "sm_dynamikindex_score": 0.0, "sm_anteil_niedrig_proz": 0.0, "sm_bev_niedrig": 0, "sm_bev_gesamt": 575, "sm_gebiete_anz": 1, "sm_gebiete_niedrig_anz": 0}}, {"type": "Feature", "geometry": null, "properties": {"stadtteil": "Tatenberg", "jahr": "2023", "sm_statusindex_score": 4.0, "sm_dynamikindex_score": 0.0, "sm_anteil_niedrig_proz": 0.0, "sm_bev_niedrig": 0, "sm_bev_gesamt": 573, "sm_gebiete_anz": 1, "sm_gebiete_niedrig_anz": 0}}, {"type": "Feature", "geometry": null, "properties": {"stadtteil": "Tatenberg", "jahr": "2024", "sm_statusindex_score": 4.0, "sm_dynamikindex_score": 0.0, "sm_anteil_niedrig_proz": 0.0, "sm_bev_niedrig": 0, "sm_bev_gesamt": 571, "sm_gebiete_anz": 1, "sm_gebiete_niedrig_anz": 0}}, {"type": "Feature", "geometry": null, "properties": {"stadtteil": "Tatenberg", "jahr": "2025", "sm_statusindex_score": 4.0, "sm_dynamikindex_score": 0.0, "sm_anteil_niedrig_proz": 0.0, "sm_bev_niedrig": 0, "sm_bev_gesamt": 560, "sm_gebiete_anz": 1, "sm_gebiete_niedrig_anz": 0}}, {"type": "Feature", "geometry": null, "properties": {"stadtteil": "Tonndorf", "jahr": "2013", "sm_statusindex_score": 3.0, "sm_dynamikindex_score": -0.277, "sm_anteil_niedrig_proz": 0.0, "sm_bev_niedrig": 0, "sm_bev_gesamt": 13238, "sm_gebiete_anz": 7, "sm_gebiete_niedrig_anz": 0}}, {"type": "Feature", "geometry": null, "properties": {"stadtteil": "Tonndorf", "jahr": "2014", "sm_statusindex_score": 3.0, "sm_dynamikindex_score": -0.219, "sm_anteil_niedrig_proz": 0.0, "sm_bev_niedrig": 0, "sm_bev_gesamt": 13328, "sm_gebiete_anz": 7, "sm_gebiete_niedrig_anz": 0}}, {"type": "Feature", "geometry": null, "properties": {"stadtteil": "Tonndorf", "jahr": "2015", "sm_statusindex_score": 3.0, "sm_dynamikindex_score": -0.154, "sm_anteil_niedrig_proz": 0.0, "sm_bev_niedrig": 0, "sm_bev_gesamt": 13494, "sm_gebiete_anz": 7, "sm_gebiete_niedrig_anz": 0}}, {"type": "Feature", "geometry": null, "properties": {"stadtteil": "Tonndorf", "jahr": "2016", "sm_statusindex_score": 3.0, "sm_dynamikindex_score": -0.153, "sm_anteil_niedrig_proz": 0.0, "sm_bev_niedrig": 0, "sm_bev_gesamt": 13838, "sm_gebiete_anz": 7, "sm_gebiete_niedrig_anz": 0}}, {"type": "Feature", "geometry": null, "properties": {"stadtteil": "Tonndorf", "jahr": "2017", "sm_statusindex_score": 2.904, "sm_dynamikindex_score": 0.0, "sm_anteil_niedrig_proz": 9.6, "sm_bev_niedrig": 1392, "sm_bev_gesamt": 14523, "sm_gebiete_anz": 7, "sm_gebiete_niedrig_anz": 1}}, {"type": "Feature", "geometry": null, "properties": {"stadtteil": "Tonndorf", "jahr": "2018", "sm_statusindex_score": 3.0, "sm_dynamikindex_score": 0.0, "sm_anteil_niedrig_proz": 0.0, "sm_bev_niedrig": 0, "sm_bev_gesamt": 14564, "sm_gebiete_anz": 7, "sm_gebiete_niedrig_anz": 0}}, {"type": "Feature", "geometry": null, "properties": {"stadtteil": "Tonndorf", "jahr": "2019", "sm_statusindex_score": 3.0, "sm_dynamikindex_score": 0.0, "sm_anteil_niedrig_proz": 0.0, "sm_bev_niedrig": 0, "sm_bev_gesamt": 14881, "sm_gebiete_anz": 7, "sm_gebiete_niedrig_anz": 0}}, {"type": "Feature", "geometry": null, "properties": {"stadtteil": "Tonndorf", "jahr": "2020", "sm_statusindex_score": 3.0, "sm_dynamikindex_score": 0.0, "sm_anteil_niedrig_proz": 0.0, "sm_bev_niedrig": 0, "sm_bev_gesamt": 14937, "sm_gebiete_anz": 7, "sm_gebiete_niedrig_anz": 0}}, {"type": "Feature", "geometry": null, "properties": {"stadtteil": "Tonndorf", "jahr": "2021", "sm_statusindex_score": 3.0, "sm_dynamikindex_score": -0.051, "sm_anteil_niedrig_proz": 0.0, "sm_bev_niedrig": 0, "sm_bev_gesamt": 15037, "sm_gebiete_anz": 7, "sm_gebiete_niedrig_anz": 0}}, {"type": "Feature", "geometry": null, "properties": {"stadtteil": "Tonndorf", "jahr": "2022", "sm_statusindex_score": 2.906, "sm_dynamikindex_score": 0.0, "sm_anteil_niedrig_proz": 9.4, "sm_bev_niedrig": 1404, "sm_bev_gesamt": 14994, "sm_gebiete_anz": 7, "sm_gebiete_niedrig_anz": 1}}, {"type": "Feature", "geometry": null, "properties": {"stadtteil": "Tonndorf", "jahr": "2023", "sm_statusindex_score": 2.908, "sm_dynamikindex_score": 0.0, "sm_anteil_niedrig_proz": 9.2, "sm_bev_niedrig": 1393, "sm_bev_gesamt": 15166, "sm_gebiete_anz": 7, "sm_gebiete_niedrig_anz": 1}}, {"type": "Feature", "geometry": null, "properties": {"stadtteil": "Tonndorf", "jahr": "2024", "sm_statusindex_score": 3.0, "sm_dynamikindex_score": 0.0, "sm_anteil_niedrig_proz": 0.0, "sm_bev_niedrig": 0, "sm_bev_gesamt": 15408, "sm_gebiete_anz": 7, "sm_gebiete_niedrig_anz": 0}}, {"type": "Feature", "geometry": null, "properties": {"stadtteil": "Tonndorf", "jahr": "2025", "sm_statusindex_score": 3.0, "sm_dynamikindex_score": 0.0, "sm_anteil_niedrig_proz": 0.0, "sm_bev_niedrig": 0, "sm_bev_gesamt": 15357, "sm_gebiete_anz": 7, "sm_gebiete_niedrig_anz": 0}}, {"type": "Feature", "geometry": null, "properties": {"stadtteil": "Uhlenhorst", "jahr": "2013", "sm_statusindex_score": 3.244, "sm_dynamikindex_score": -0.261, "sm_anteil_niedrig_proz": 0.0, "sm_bev_niedrig": 0, "sm_bev_gesamt": 16010, "sm_gebiete_anz": 8, "sm_gebiete_niedrig_anz": 0}}, {"type": "Feature", "geometry": null, "properties": {"stadtteil": "Uhlenhorst", "jahr": "2014", "sm_statusindex_score": 3.144, "sm_dynamikindex_score": 0.078, "sm_anteil_niedrig_proz": 0.0, "sm_bev_niedrig": 0, "sm_bev_gesamt": 16381, "sm_gebiete_anz": 8, "sm_gebiete_niedrig_anz": 0}}, {"type": "Feature", "geometry": null, "properties": {"stadtteil": "Uhlenhorst", "jahr": "2015", "sm_statusindex_score": 3.0, "sm_dynamikindex_score": 0.085, "sm_anteil_niedrig_proz": 0.0, "sm_bev_niedrig": 0, "sm_bev_gesamt": 16552, "sm_gebiete_anz": 8, "sm_gebiete_niedrig_anz": 0}}, {"type": "Feature", "geometry": null, "properties": {"stadtteil": "Uhlenhorst", "jahr": "2016", "sm_statusindex_score": 3.331, "sm_dynamikindex_score": 0.102, "sm_anteil_niedrig_proz": 0.0, "sm_bev_niedrig": 0, "sm_bev_gesamt": 16979, "sm_gebiete_anz": 8, "sm_gebiete_niedrig_anz": 0}}, {"type": "Feature", "geometry": null, "properties": {"stadtteil": "Uhlenhorst", "jahr": "2017", "sm_statusindex_score": 3.089, "sm_dynamikindex_score": 0.0, "sm_anteil_niedrig_proz": 0.0, "sm_bev_niedrig": 0, "sm_bev_gesamt": 17463, "sm_gebiete_anz": 8, "sm_gebiete_niedrig_anz": 0}}, {"type": "Feature", "geometry": null, "properties": {"stadtteil": "Uhlenhorst", "jahr": "2018", "sm_statusindex_score": 3.318, "sm_dynamikindex_score": 0.0, "sm_anteil_niedrig_proz": 0.0, "sm_bev_niedrig": 0, "sm_bev_gesamt": 17881, "sm_gebiete_anz": 8, "sm_gebiete_niedrig_anz": 0}}, {"type": "Feature", "geometry": null, "properties": {"stadtteil": "Uhlenhorst", "jahr": "2019", "sm_statusindex_score": 3.308, "sm_dynamikindex_score": 0.0, "sm_anteil_niedrig_proz": 0.0, "sm_bev_niedrig": 0, "sm_bev_gesamt": 18610, "sm_gebiete_anz": 8, "sm_gebiete_niedrig_anz": 0}}, {"type": "Feature", "geometry": null, "properties": {"stadtteil": "Uhlenhorst", "jahr": "2020", "sm_statusindex_score": 3.085, "sm_dynamikindex_score": -0.161, "sm_anteil_niedrig_proz": 0.0, "sm_bev_niedrig": 0, "sm_bev_gesamt": 18510, "sm_gebiete_anz": 8, "sm_gebiete_niedrig_anz": 0}}, {"type": "Feature", "geometry": null, "properties": {"stadtteil": "Uhlenhorst", "jahr": "2021", "sm_statusindex_score": 3.221, "sm_dynamikindex_score": -0.162, "sm_anteil_niedrig_proz": 0.0, "sm_bev_niedrig": 0, "sm_bev_gesamt": 18494, "sm_gebiete_anz": 8, "sm_gebiete_niedrig_anz": 0}}, {"type": "Feature", "geometry": null, "properties": {"stadtteil": "Uhlenhorst", "jahr": "2022", "sm_statusindex_score": 3.349, "sm_dynamikindex_score": -0.16, "sm_anteil_niedrig_proz": 0.0, "sm_bev_niedrig": 0, "sm_bev_gesamt": 18464, "sm_gebiete_anz": 8, "sm_gebiete_niedrig_anz": 0}}, {"type": "Feature", "geometry": null, "properties": {"stadtteil": "Uhlenhorst", "jahr": "2023", "sm_statusindex_score": 3.344, "sm_dynamikindex_score": 0.0, "sm_anteil_niedrig_proz": 0.0, "sm_bev_niedrig": 0, "sm_bev_gesamt": 18820, "sm_gebiete_anz": 8, "sm_gebiete_niedrig_anz": 0}}, {"type": "Feature", "geometry": null, "properties": {"stadtteil": "Uhlenhorst", "jahr": "2024", "sm_statusindex_score": 3.345, "sm_dynamikindex_score": 0.0, "sm_anteil_niedrig_proz": 0.0, "sm_bev_niedrig": 0, "sm_bev_gesamt": 19140, "sm_gebiete_anz": 8, "sm_gebiete_niedrig_anz": 0}}, {"type": "Feature", "geometry": null, "properties": {"stadtteil": "Uhlenhorst", "jahr": "2025", "sm_statusindex_score": 3.453, "sm_dynamikindex_score": 0.0, "sm_anteil_niedrig_proz": 0.0, "sm_bev_niedrig": 0, "sm_bev_gesamt": 19148, "sm_gebiete_anz": 8, "sm_gebiete_niedrig_anz": 0}}, {"type": "Feature", "geometry": null, "properties": {"stadtteil": "Veddel", "jahr": "2013", "sm_statusindex_score": 1.0, "sm_dynamikindex_score": 0.0, "sm_anteil_niedrig_proz": 100.0, "sm_bev_niedrig": 4671, "sm_bev_gesamt": 4671, "sm_gebiete_anz": 1, "sm_gebiete_niedrig_anz": 1}}, {"type": "Feature", "geometry": null, "properties": {"stadtteil": "Veddel", "jahr": "2014", "sm_statusindex_score": 1.0, "sm_dynamikindex_score": 0.0, "sm_anteil_niedrig_proz": 100.0, "sm_bev_niedrig": 4565, "sm_bev_gesamt": 4565, "sm_gebiete_anz": 1, "sm_gebiete_niedrig_anz": 1}}, {"type": "Feature", "geometry": null, "properties": {"stadtteil": "Veddel", "jahr": "2015", "sm_statusindex_score": 1.0, "sm_dynamikindex_score": 0.0, "sm_anteil_niedrig_proz": 100.0, "sm_bev_niedrig": 4541, "sm_bev_gesamt": 4541, "sm_gebiete_anz": 1, "sm_gebiete_niedrig_anz": 1}}, {"type": "Feature", "geometry": null, "properties": {"stadtteil": "Veddel", "jahr": "2016", "sm_statusindex_score": 1.0, "sm_dynamikindex_score": 0.0, "sm_anteil_niedrig_proz": 100.0, "sm_bev_niedrig": 4509, "sm_bev_gesamt": 4509, "sm_gebiete_anz": 1, "sm_gebiete_niedrig_anz": 1}}, {"type": "Feature", "geometry": null, "properties": {"stadtteil": "Veddel", "jahr": "2017", "sm_statusindex_score": 1.0, "sm_dynamikindex_score": 0.0, "sm_anteil_niedrig_proz": 100.0, "sm_bev_niedrig": 4442, "sm_bev_gesamt": 4442, "sm_gebiete_anz": 1, "sm_gebiete_niedrig_anz": 1}}, {"type": "Feature", "geometry": null, "properties": {"stadtteil": "Veddel", "jahr": "2018", "sm_statusindex_score": 1.0, "sm_dynamikindex_score": 0.0, "sm_anteil_niedrig_proz": 100.0, "sm_bev_niedrig": 4457, "sm_bev_gesamt": 4457, "sm_gebiete_anz": 1, "sm_gebiete_niedrig_anz": 1}}, {"type": "Feature", "geometry": null, "properties": {"stadtteil": "Veddel", "jahr": "2019", "sm_statusindex_score": 1.0, "sm_dynamikindex_score": 0.0, "sm_anteil_niedrig_proz": 100.0, "sm_bev_niedrig": 4443, "sm_bev_gesamt": 4443, "sm_gebiete_anz": 1, "sm_gebiete_niedrig_anz": 1}}, {"type": "Feature", "geometry": null, "properties": {"stadtteil": "Veddel", "jahr": "2020", "sm_statusindex_score": 1.0, "sm_dynamikindex_score": 0.0, "sm_anteil_niedrig_proz": 100.0, "sm_bev_niedrig": 4350, "sm_bev_gesamt": 4350, "sm_gebiete_anz": 1, "sm_gebiete_niedrig_anz": 1}}, {"type": "Feature", "geometry": null, "properties": {"stadtteil": "Veddel", "jahr": "2021", "sm_statusindex_score": 1.0, "sm_dynamikindex_score": 0.0, "sm_anteil_niedrig_proz": 100.0, "sm_bev_niedrig": 4259, "sm_bev_gesamt": 4259, "sm_gebiete_anz": 1, "sm_gebiete_niedrig_anz": 1}}, {"type": "Feature", "geometry": null, "properties": {"stadtteil": "Veddel", "jahr": "2022", "sm_statusindex_score": 1.0, "sm_dynamikindex_score": 0.0, "sm_anteil_niedrig_proz": 100.0, "sm_bev_niedrig": 4185, "sm_bev_gesamt": 4185, "sm_gebiete_anz": 1, "sm_gebiete_niedrig_anz": 1}}, {"type": "Feature", "geometry": null, "properties": {"stadtteil": "Veddel", "jahr": "2023", "sm_statusindex_score": 1.0, "sm_dynamikindex_score": 0.0, "sm_anteil_niedrig_proz": 100.0, "sm_bev_niedrig": 4212, "sm_bev_gesamt": 4212, "sm_gebiete_anz": 1, "sm_gebiete_niedrig_anz": 1}}, {"type": "Feature", "geometry": null, "properties": {"stadtteil": "Veddel", "jahr": "2024", "sm_statusindex_score": 1.0, "sm_dynamikindex_score": 0.0, "sm_anteil_niedrig_proz": 100.0, "sm_bev_niedrig": 4195, "sm_bev_gesamt": 4195, "sm_gebiete_anz": 1, "sm_gebiete_niedrig_anz": 1}}, {"type": "Feature", "geometry": null, "properties": {"stadtteil": "Veddel", "jahr": "2025", "sm_statusindex_score": 1.0, "sm_dynamikindex_score": 0.0, "sm_anteil_niedrig_proz": 100.0, "sm_bev_niedrig": 4224, "sm_bev_gesamt": 4224, "sm_gebiete_anz": 1, "sm_gebiete_niedrig_anz": 1}}, {"type": "Feature", "geometry": null, "properties": {"stadtteil": "Volksdorf", "jahr": "2013", "sm_statusindex_score": 3.745, "sm_dynamikindex_score": -0.138, "sm_anteil_niedrig_proz": 0.0, "sm_bev_niedrig": 0, "sm_bev_gesamt": 19908, "sm_gebiete_anz": 10, "sm_gebiete_niedrig_anz": 0}}, {"type": "Feature", "geometry": null, "properties": {"stadtteil": "Volksdorf", "jahr": "2014", "sm_statusindex_score": 3.746, "sm_dynamikindex_score": 0.0, "sm_anteil_niedrig_proz": 0.0, "sm_bev_niedrig": 0, "sm_bev_gesamt": 19999, "sm_gebiete_anz": 10, "sm_gebiete_niedrig_anz": 0}}, {"type": "Feature", "geometry": null, "properties": {"stadtteil": "Volksdorf", "jahr": "2015", "sm_statusindex_score": 3.749, "sm_dynamikindex_score": 0.0, "sm_anteil_niedrig_proz": 0.0, "sm_bev_niedrig": 0, "sm_bev_gesamt": 20176, "sm_gebiete_anz": 10, "sm_gebiete_niedrig_anz": 0}}, {"type": "Feature", "geometry": null, "properties": {"stadtteil": "Volksdorf", "jahr": "2016", "sm_statusindex_score": 3.75, "sm_dynamikindex_score": -0.134, "sm_anteil_niedrig_proz": 0.0, "sm_bev_niedrig": 0, "sm_bev_gesamt": 20346, "sm_gebiete_anz": 10, "sm_gebiete_niedrig_anz": 0}}, {"type": "Feature", "geometry": null, "properties": {"stadtteil": "Volksdorf", "jahr": "2017", "sm_statusindex_score": 3.635, "sm_dynamikindex_score": -0.132, "sm_anteil_niedrig_proz": 0.0, "sm_bev_niedrig": 0, "sm_bev_gesamt": 20432, "sm_gebiete_anz": 10, "sm_gebiete_niedrig_anz": 0}}, {"type": "Feature", "geometry": null, "properties": {"stadtteil": "Volksdorf", "jahr": "2018", "sm_statusindex_score": 3.768, "sm_dynamikindex_score": 0.0, "sm_anteil_niedrig_proz": 0.0, "sm_bev_niedrig": 0, "sm_bev_gesamt": 20494, "sm_gebiete_anz": 10, "sm_gebiete_niedrig_anz": 0}}, {"type": "Feature", "geometry": null, "properties": {"stadtteil": "Volksdorf", "jahr": "2019", "sm_statusindex_score": 3.625, "sm_dynamikindex_score": -0.018, "sm_anteil_niedrig_proz": 0.0, "sm_bev_niedrig": 0, "sm_bev_gesamt": 20824, "sm_gebiete_anz": 11, "sm_gebiete_niedrig_anz": 0}}, {"type": "Feature", "geometry": null, "properties": {"stadtteil": "Volksdorf", "jahr": "2020", "sm_statusindex_score": 3.626, "sm_dynamikindex_score": -0.018, "sm_anteil_niedrig_proz": 0.0, "sm_bev_niedrig": 0, "sm_bev_gesamt": 20933, "sm_gebiete_anz": 11, "sm_gebiete_niedrig_anz": 0}}, {"type": "Feature", "geometry": null, "properties": {"stadtteil": "Volksdorf", "jahr": "2021", "sm_statusindex_score": 3.753, "sm_dynamikindex_score": -0.019, "sm_anteil_niedrig_proz": 0.0, "sm_bev_niedrig": 0, "sm_bev_gesamt": 20644, "sm_gebiete_anz": 11, "sm_gebiete_niedrig_anz": 0}}, {"type": "Feature", "geometry": null, "properties": {"stadtteil": "Volksdorf", "jahr": "2022", "sm_statusindex_score": 3.612, "sm_dynamikindex_score": -0.02, "sm_anteil_niedrig_proz": 0.0, "sm_bev_niedrig": 0, "sm_bev_gesamt": 20678, "sm_gebiete_anz": 11, "sm_gebiete_niedrig_anz": 0}}, {"type": "Feature", "geometry": null, "properties": {"stadtteil": "Volksdorf", "jahr": "2023", "sm_statusindex_score": 3.443, "sm_dynamikindex_score": -0.02, "sm_anteil_niedrig_proz": 2.0, "sm_bev_niedrig": 417, "sm_bev_gesamt": 20774, "sm_gebiete_anz": 11, "sm_gebiete_niedrig_anz": 1}}, {"type": "Feature", "geometry": null, "properties": {"stadtteil": "Volksdorf", "jahr": "2024", "sm_statusindex_score": 3.719, "sm_dynamikindex_score": -0.02, "sm_anteil_niedrig_proz": 2.0, "sm_bev_niedrig": 413, "sm_bev_gesamt": 20683, "sm_gebiete_anz": 11, "sm_gebiete_niedrig_anz": 1}}, {"type": "Feature", "geometry": null, "properties": {"stadtteil": "Volksdorf", "jahr": "2025", "sm_statusindex_score": 3.72, "sm_dynamikindex_score": 0.107, "sm_anteil_niedrig_proz": 2.0, "sm_bev_niedrig": 421, "sm_bev_gesamt": 20572, "sm_gebiete_anz": 11, "sm_gebiete_niedrig_anz": 1}}, {"type": "Feature", "geometry": null, "properties": {"stadtteil": "Waltershof/Finkenwerder", "jahr": "2013", "sm_statusindex_score": 3.039, "sm_dynamikindex_score": 0.0, "sm_anteil_niedrig_proz": 15.1, "sm_bev_niedrig": 1765, "sm_bev_gesamt": 11682, "sm_gebiete_anz": 7, "sm_gebiete_niedrig_anz": 1}}, {"type": "Feature", "geometry": null, "properties": {"stadtteil": "Waltershof/Finkenwerder", "jahr": "2014", "sm_statusindex_score": 2.931, "sm_dynamikindex_score": 0.0, "sm_anteil_niedrig_proz": 15.0, "sm_bev_niedrig": 1744, "sm_bev_gesamt": 11631, "sm_gebiete_anz": 7, "sm_gebiete_niedrig_anz": 1}}, {"type": "Feature", "geometry": null, "properties": {"stadtteil": "Waltershof/Finkenwerder", "jahr": "2015", "sm_statusindex_score": 2.929, "sm_dynamikindex_score": 0.0, "sm_anteil_niedrig_proz": 14.9, "sm_bev_niedrig": 1741, "sm_bev_gesamt": 11674, "sm_gebiete_anz": 7, "sm_gebiete_niedrig_anz": 1}}, {"type": "Feature", "geometry": null, "properties": {"stadtteil": "Waltershof/Finkenwerder", "jahr": "2016", "sm_statusindex_score": 2.927, "sm_dynamikindex_score": 0.0, "sm_anteil_niedrig_proz": 15.1, "sm_bev_niedrig": 1764, "sm_bev_gesamt": 11681, "sm_gebiete_anz": 7, "sm_gebiete_niedrig_anz": 1}}, {"type": "Feature", "geometry": null, "properties": {"stadtteil": "Waltershof/Finkenwerder", "jahr": "2017", "sm_statusindex_score": 2.93, "sm_dynamikindex_score": -0.149, "sm_anteil_niedrig_proz": 14.9, "sm_bev_niedrig": 1744, "sm_bev_gesamt": 11697, "sm_gebiete_anz": 7, "sm_gebiete_niedrig_anz": 1}}, {"type": "Feature", "geometry": null, "properties": {"stadtteil": "Waltershof/Finkenwerder", "jahr": "2018", "sm_statusindex_score": 2.931, "sm_dynamikindex_score": 0.0, "sm_anteil_niedrig_proz": 14.7, "sm_bev_niedrig": 1729, "sm_bev_gesamt": 11731, "sm_gebiete_anz": 7, "sm_gebiete_niedrig_anz": 1}}, {"type": "Feature", "geometry": null, "properties": {"stadtteil": "Waltershof/Finkenwerder", "jahr": "2019", "sm_statusindex_score": 2.932, "sm_dynamikindex_score": 0.0, "sm_anteil_niedrig_proz": 14.8, "sm_bev_niedrig": 1744, "sm_bev_gesamt": 11775, "sm_gebiete_anz": 7, "sm_gebiete_niedrig_anz": 1}}, {"type": "Feature", "geometry": null, "properties": {"stadtteil": "Waltershof/Finkenwerder", "jahr": "2020", "sm_statusindex_score": 3.039, "sm_dynamikindex_score": 0.0, "sm_anteil_niedrig_proz": 15.0, "sm_bev_niedrig": 1756, "sm_bev_gesamt": 11724, "sm_gebiete_anz": 7, "sm_gebiete_niedrig_anz": 1}}, {"type": "Feature", "geometry": null, "properties": {"stadtteil": "Waltershof/Finkenwerder", "jahr": "2021", "sm_statusindex_score": 3.189, "sm_dynamikindex_score": 0.0, "sm_anteil_niedrig_proz": 0.0, "sm_bev_niedrig": 0, "sm_bev_gesamt": 11645, "sm_gebiete_anz": 7, "sm_gebiete_niedrig_anz": 0}}, {"type": "Feature", "geometry": null, "properties": {"stadtteil": "Waltershof/Finkenwerder", "jahr": "2022", "sm_statusindex_score": 3.037, "sm_dynamikindex_score": 0.0, "sm_anteil_niedrig_proz": 15.1, "sm_bev_niedrig": 1744, "sm_bev_gesamt": 11542, "sm_gebiete_anz": 7, "sm_gebiete_niedrig_anz": 1}}, {"type": "Feature", "geometry": null, "properties": {"stadtteil": "Waltershof/Finkenwerder", "jahr": "2023", "sm_statusindex_score": 2.923, "sm_dynamikindex_score": 0.0, "sm_anteil_niedrig_proz": 15.4, "sm_bev_niedrig": 1789, "sm_bev_gesamt": 11654, "sm_gebiete_anz": 7, "sm_gebiete_niedrig_anz": 1}}, {"type": "Feature", "geometry": null, "properties": {"stadtteil": "Waltershof/Finkenwerder", "jahr": "2024", "sm_statusindex_score": 3.038, "sm_dynamikindex_score": 0.0, "sm_anteil_niedrig_proz": 14.8, "sm_bev_niedrig": 1722, "sm_bev_gesamt": 11670, "sm_gebiete_anz": 7, "sm_gebiete_niedrig_anz": 1}}, {"type": "Feature", "geometry": null, "properties": {"stadtteil": "Waltershof/Finkenwerder", "jahr": "2025", "sm_statusindex_score": 3.036, "sm_dynamikindex_score": 0.0, "sm_anteil_niedrig_proz": 14.7, "sm_bev_niedrig": 1714, "sm_bev_gesamt": 11628, "sm_gebiete_anz": 7, "sm_gebiete_niedrig_anz": 1}}, {"type": "Feature", "geometry": null, "properties": {"stadtteil": "Wandsbek", "jahr": "2013", "sm_statusindex_score": 3.0, "sm_dynamikindex_score": -0.117, "sm_anteil_niedrig_proz": 0.0, "sm_bev_niedrig": 0, "sm_bev_gesamt": 33131, "sm_gebiete_anz": 14, "sm_gebiete_niedrig_anz": 0}}, {"type": "Feature", "geometry": null, "properties": {"stadtteil": "Wandsbek", "jahr": "2014", "sm_statusindex_score": 3.0, "sm_dynamikindex_score": -0.17, "sm_anteil_niedrig_proz": 0.0, "sm_bev_niedrig": 0, "sm_bev_gesamt": 33388, "sm_gebiete_anz": 14, "sm_gebiete_niedrig_anz": 0}}, {"type": "Feature", "geometry": null, "properties": {"stadtteil": "Wandsbek", "jahr": "2015", "sm_statusindex_score": 3.0, "sm_dynamikindex_score": -0.17, "sm_anteil_niedrig_proz": 0.0, "sm_bev_niedrig": 0, "sm_bev_gesamt": 33591, "sm_gebiete_anz": 14, "sm_gebiete_niedrig_anz": 0}}, {"type": "Feature", "geometry": null, "properties": {"stadtteil": "Wandsbek", "jahr": "2016", "sm_statusindex_score": 3.0, "sm_dynamikindex_score": 0.071, "sm_anteil_niedrig_proz": 0.0, "sm_bev_niedrig": 0, "sm_bev_gesamt": 33913, "sm_gebiete_anz": 14, "sm_gebiete_niedrig_anz": 0}}, {"type": "Feature", "geometry": null, "properties": {"stadtteil": "Wandsbek", "jahr": "2017", "sm_statusindex_score": 3.0, "sm_dynamikindex_score": 0.0, "sm_anteil_niedrig_proz": 0.0, "sm_bev_niedrig": 0, "sm_bev_gesamt": 34469, "sm_gebiete_anz": 14, "sm_gebiete_niedrig_anz": 0}}, {"type": "Feature", "geometry": null, "properties": {"stadtteil": "Wandsbek", "jahr": "2018", "sm_statusindex_score": 2.929, "sm_dynamikindex_score": -0.071, "sm_anteil_niedrig_proz": 7.1, "sm_bev_niedrig": 2554, "sm_bev_gesamt": 35768, "sm_gebiete_anz": 14, "sm_gebiete_niedrig_anz": 1}}, {"type": "Feature", "geometry": null, "properties": {"stadtteil": "Wandsbek", "jahr": "2019", "sm_statusindex_score": 2.856, "sm_dynamikindex_score": -0.119, "sm_anteil_niedrig_proz": 7.2, "sm_bev_niedrig": 2600, "sm_bev_gesamt": 36149, "sm_gebiete_anz": 14, "sm_gebiete_niedrig_anz": 1}}, {"type": "Feature", "geometry": null, "properties": {"stadtteil": "Wandsbek", "jahr": "2020", "sm_statusindex_score": 2.859, "sm_dynamikindex_score": -0.119, "sm_anteil_niedrig_proz": 7.0, "sm_bev_niedrig": 2566, "sm_bev_gesamt": 36444, "sm_gebiete_anz": 14, "sm_gebiete_niedrig_anz": 1}}, {"type": "Feature", "geometry": null, "properties": {"stadtteil": "Wandsbek", "jahr": "2021", "sm_statusindex_score": 2.86, "sm_dynamikindex_score": 0.014, "sm_anteil_niedrig_proz": 7.0, "sm_bev_niedrig": 2558, "sm_bev_gesamt": 36671, "sm_gebiete_anz": 14, "sm_gebiete_niedrig_anz": 1}}, {"type": "Feature", "geometry": null, "properties": {"stadtteil": "Wandsbek", "jahr": "2022", "sm_statusindex_score": 2.864, "sm_dynamikindex_score": 0.088, "sm_anteil_niedrig_proz": 6.8, "sm_bev_niedrig": 2538, "sm_bev_gesamt": 37340, "sm_gebiete_anz": 14, "sm_gebiete_niedrig_anz": 1}}, {"type": "Feature", "geometry": null, "properties": {"stadtteil": "Wandsbek", "jahr": "2023", "sm_statusindex_score": 2.877, "sm_dynamikindex_score": -0.057, "sm_anteil_niedrig_proz": 12.3, "sm_bev_niedrig": 4717, "sm_bev_gesamt": 38201, "sm_gebiete_anz": 14, "sm_gebiete_niedrig_anz": 2}}, {"type": "Feature", "geometry": null, "properties": {"stadtteil": "Wandsbek", "jahr": "2024", "sm_statusindex_score": 2.878, "sm_dynamikindex_score": -0.055, "sm_anteil_niedrig_proz": 12.2, "sm_bev_niedrig": 4657, "sm_bev_gesamt": 38314, "sm_gebiete_anz": 14, "sm_gebiete_niedrig_anz": 2}}, {"type": "Feature", "geometry": null, "properties": {"stadtteil": "Wandsbek", "jahr": "2025", "sm_statusindex_score": 2.823, "sm_dynamikindex_score": -0.055, "sm_anteil_niedrig_proz": 12.2, "sm_bev_niedrig": 4677, "sm_bev_gesamt": 38397, "sm_gebiete_anz": 14, "sm_gebiete_niedrig_anz": 2}}, {"type": "Feature", "geometry": null, "properties": {"stadtteil": "Wellingsbüttel", "jahr": "2013", "sm_statusindex_score": 4.0, "sm_dynamikindex_score": -0.18, "sm_anteil_niedrig_proz": 0.0, "sm_bev_niedrig": 0, "sm_bev_gesamt": 10263, "sm_gebiete_anz": 6, "sm_gebiete_niedrig_anz": 0}}, {"type": "Feature", "geometry": null, "properties": {"stadtteil": "Wellingsbüttel", "jahr": "2014", "sm_statusindex_score": 3.817, "sm_dynamikindex_score": 0.0, "sm_anteil_niedrig_proz": 0.0, "sm_bev_niedrig": 0, "sm_bev_gesamt": 10290, "sm_gebiete_anz": 6, "sm_gebiete_niedrig_anz": 0}}, {"type": "Feature", "geometry": null, "properties": {"stadtteil": "Wellingsbüttel", "jahr": "2015", "sm_statusindex_score": 3.914, "sm_dynamikindex_score": 0.0, "sm_anteil_niedrig_proz": 0.0, "sm_bev_niedrig": 0, "sm_bev_gesamt": 10415, "sm_gebiete_anz": 6, "sm_gebiete_niedrig_anz": 0}}, {"type": "Feature", "geometry": null, "properties": {"stadtteil": "Wellingsbüttel", "jahr": "2016", "sm_statusindex_score": 4.0, "sm_dynamikindex_score": 0.0, "sm_anteil_niedrig_proz": 0.0, "sm_bev_niedrig": 0, "sm_bev_gesamt": 10524, "sm_gebiete_anz": 6, "sm_gebiete_niedrig_anz": 0}}, {"type": "Feature", "geometry": null, "properties": {"stadtteil": "Wellingsbüttel", "jahr": "2017", "sm_statusindex_score": 4.0, "sm_dynamikindex_score": 0.0, "sm_anteil_niedrig_proz": 0.0, "sm_bev_niedrig": 0, "sm_bev_gesamt": 10506, "sm_gebiete_anz": 6, "sm_gebiete_niedrig_anz": 0}}, {"type": "Feature", "geometry": null, "properties": {"stadtteil": "Wellingsbüttel", "jahr": "2018", "sm_statusindex_score": 4.0, "sm_dynamikindex_score": 0.0, "sm_anteil_niedrig_proz": 0.0, "sm_bev_niedrig": 0, "sm_bev_gesamt": 10570, "sm_gebiete_anz": 6, "sm_gebiete_niedrig_anz": 0}}, {"type": "Feature", "geometry": null, "properties": {"stadtteil": "Wellingsbüttel", "jahr": "2019", "sm_statusindex_score": 4.0, "sm_dynamikindex_score": 0.0, "sm_anteil_niedrig_proz": 0.0, "sm_bev_niedrig": 0, "sm_bev_gesamt": 10592, "sm_gebiete_anz": 6, "sm_gebiete_niedrig_anz": 0}}, {"type": "Feature", "geometry": null, "properties": {"stadtteil": "Wellingsbüttel", "jahr": "2020", "sm_statusindex_score": 4.0, "sm_dynamikindex_score": 0.0, "sm_anteil_niedrig_proz": 0.0, "sm_bev_niedrig": 0, "sm_bev_gesamt": 10848, "sm_gebiete_anz": 6, "sm_gebiete_niedrig_anz": 0}}, {"type": "Feature", "geometry": null, "properties": {"stadtteil": "Wellingsbüttel", "jahr": "2021", "sm_statusindex_score": 4.0, "sm_dynamikindex_score": 0.0, "sm_anteil_niedrig_proz": 0.0, "sm_bev_niedrig": 0, "sm_bev_gesamt": 10935, "sm_gebiete_anz": 6, "sm_gebiete_niedrig_anz": 0}}, {"type": "Feature", "geometry": null, "properties": {"stadtteil": "Wellingsbüttel", "jahr": "2022", "sm_statusindex_score": 4.0, "sm_dynamikindex_score": 0.0, "sm_anteil_niedrig_proz": 0.0, "sm_bev_niedrig": 0, "sm_bev_gesamt": 11014, "sm_gebiete_anz": 6, "sm_gebiete_niedrig_anz": 0}}, {"type": "Feature", "geometry": null, "properties": {"stadtteil": "Wellingsbüttel", "jahr": "2023", "sm_statusindex_score": 4.0, "sm_dynamikindex_score": 0.0, "sm_anteil_niedrig_proz": 0.0, "sm_bev_niedrig": 0, "sm_bev_gesamt": 11130, "sm_gebiete_anz": 6, "sm_gebiete_niedrig_anz": 0}}, {"type": "Feature", "geometry": null, "properties": {"stadtteil": "Wellingsbüttel", "jahr": "2024", "sm_statusindex_score": 4.0, "sm_dynamikindex_score": 0.0, "sm_anteil_niedrig_proz": 0.0, "sm_bev_niedrig": 0, "sm_bev_gesamt": 11097, "sm_gebiete_anz": 6, "sm_gebiete_niedrig_anz": 0}}, {"type": "Feature", "geometry": null, "properties": {"stadtteil": "Wellingsbüttel", "jahr": "2025", "sm_statusindex_score": 3.917, "sm_dynamikindex_score": 0.0, "sm_anteil_niedrig_proz": 0.0, "sm_bev_niedrig": 0, "sm_bev_gesamt": 11168, "sm_gebiete_anz": 6, "sm_gebiete_niedrig_anz": 0}}, {"type": "Feature", "geometry": null, "properties": {"stadtteil": "Wilhelmsburg", "jahr": "2013", "sm_statusindex_score": 1.688, "sm_dynamikindex_score": 0.058, "sm_anteil_niedrig_proz": 77.0, "sm_bev_niedrig": 39225, "sm_bev_gesamt": 50956, "sm_gebiete_anz": 21, "sm_gebiete_niedrig_anz": 14}}, {"type": "Feature", "geometry": null, "properties": {"stadtteil": "Wilhelmsburg", "jahr": "2014", "sm_statusindex_score": 1.677, "sm_dynamikindex_score": 0.09, "sm_anteil_niedrig_proz": 76.5, "sm_bev_niedrig": 40031, "sm_bev_gesamt": 52329, "sm_gebiete_anz": 22, "sm_gebiete_niedrig_anz": 14}}, {"type": "Feature", "geometry": null, "properties": {"stadtteil": "Wilhelmsburg", "jahr": "2015", "sm_statusindex_score": 1.615, "sm_dynamikindex_score": 0.057, "sm_anteil_niedrig_proz": 76.3, "sm_bev_niedrig": 40293, "sm_bev_gesamt": 52829, "sm_gebiete_anz": 22, "sm_gebiete_niedrig_anz": 14}}, {"type": "Feature", "geometry": null, "properties": {"stadtteil": "Wilhelmsburg", "jahr": "2016", "sm_statusindex_score": 1.764, "sm_dynamikindex_score": -0.045, "sm_anteil_niedrig_proz": 73.6, "sm_bev_niedrig": 39530, "sm_bev_gesamt": 53704, "sm_gebiete_anz": 22, "sm_gebiete_niedrig_anz": 13}}, {"type": "Feature", "geometry": null, "properties": {"stadtteil": "Wilhelmsburg", "jahr": "2017", "sm_statusindex_score": 1.742, "sm_dynamikindex_score": 0.045, "sm_anteil_niedrig_proz": 69.2, "sm_bev_niedrig": 38086, "sm_bev_gesamt": 55012, "sm_gebiete_anz": 22, "sm_gebiete_niedrig_anz": 13}}, {"type": "Feature", "geometry": null, "properties": {"stadtteil": "Wilhelmsburg", "jahr": "2018", "sm_statusindex_score": 1.702, "sm_dynamikindex_score": 0.051, "sm_anteil_niedrig_proz": 76.3, "sm_bev_niedrig": 41317, "sm_bev_gesamt": 54121, "sm_gebiete_anz": 22, "sm_gebiete_niedrig_anz": 14}}, {"type": "Feature", "geometry": null, "properties": {"stadtteil": "Wilhelmsburg", "jahr": "2019", "sm_statusindex_score": 1.918, "sm_dynamikindex_score": 0.014, "sm_anteil_niedrig_proz": 67.0, "sm_bev_niedrig": 36193, "sm_bev_gesamt": 54017, "sm_gebiete_anz": 22, "sm_gebiete_niedrig_anz": 12}}, {"type": "Feature", "geometry": null, "properties": {"stadtteil": "Wilhelmsburg", "jahr": "2020", "sm_statusindex_score": 1.922, "sm_dynamikindex_score": 0.236, "sm_anteil_niedrig_proz": 66.8, "sm_bev_niedrig": 35727, "sm_bev_gesamt": 53484, "sm_gebiete_anz": 22, "sm_gebiete_niedrig_anz": 12}}, {"type": "Feature", "geometry": null, "properties": {"stadtteil": "Wilhelmsburg", "jahr": "2021", "sm_statusindex_score": 1.831, "sm_dynamikindex_score": 0.041, "sm_anteil_niedrig_proz": 74.2, "sm_bev_niedrig": 39351, "sm_bev_gesamt": 53026, "sm_gebiete_anz": 22, "sm_gebiete_niedrig_anz": 13}}, {"type": "Feature", "geometry": null, "properties": {"stadtteil": "Wilhelmsburg", "jahr": "2022", "sm_statusindex_score": 1.906, "sm_dynamikindex_score": 0.045, "sm_anteil_niedrig_proz": 66.2, "sm_bev_niedrig": 34868, "sm_bev_gesamt": 52641, "sm_gebiete_anz": 22, "sm_gebiete_niedrig_anz": 12}}, {"type": "Feature", "geometry": null, "properties": {"stadtteil": "Wilhelmsburg", "jahr": "2023", "sm_statusindex_score": 2.097, "sm_dynamikindex_score": 0.018, "sm_anteil_niedrig_proz": 59.9, "sm_bev_niedrig": 31670, "sm_bev_gesamt": 52915, "sm_gebiete_anz": 22, "sm_gebiete_niedrig_anz": 11}}, {"type": "Feature", "geometry": null, "properties": {"stadtteil": "Wilhelmsburg", "jahr": "2024", "sm_statusindex_score": 2.055, "sm_dynamikindex_score": -0.013, "sm_anteil_niedrig_proz": 56.3, "sm_bev_niedrig": 30741, "sm_bev_gesamt": 54611, "sm_gebiete_anz": 22, "sm_gebiete_niedrig_anz": 10}}, {"type": "Feature", "geometry": null, "properties": {"stadtteil": "Wilhelmsburg", "jahr": "2025", "sm_statusindex_score": 2.213, "sm_dynamikindex_score": 0.188, "sm_anteil_niedrig_proz": 55.8, "sm_bev_niedrig": 30133, "sm_bev_gesamt": 54027, "sm_gebiete_anz": 22, "sm_gebiete_niedrig_anz": 10}}, {"type": "Feature", "geometry": null, "properties": {"stadtteil": "Wilstorf", "jahr": "2013", "sm_statusindex_score": 2.673, "sm_dynamikindex_score": 0.0, "sm_anteil_niedrig_proz": 32.7, "sm_bev_niedrig": 5310, "sm_bev_gesamt": 16224, "sm_gebiete_anz": 7, "sm_gebiete_niedrig_anz": 2}}, {"type": "Feature", "geometry": null, "properties": {"stadtteil": "Wilstorf", "jahr": "2014", "sm_statusindex_score": 2.671, "sm_dynamikindex_score": 0.0, "sm_anteil_niedrig_proz": 32.9, "sm_bev_niedrig": 5338, "sm_bev_gesamt": 16225, "sm_gebiete_anz": 7, "sm_gebiete_niedrig_anz": 2}}, {"type": "Feature", "geometry": null, "properties": {"stadtteil": "Wilstorf", "jahr": "2015", "sm_statusindex_score": 2.669, "sm_dynamikindex_score": -0.209, "sm_anteil_niedrig_proz": 33.1, "sm_bev_niedrig": 5418, "sm_bev_gesamt": 16350, "sm_gebiete_anz": 7, "sm_gebiete_niedrig_anz": 2}}, {"type": "Feature", "geometry": null, "properties": {"stadtteil": "Wilstorf", "jahr": "2016", "sm_statusindex_score": 2.673, "sm_dynamikindex_score": -0.126, "sm_anteil_niedrig_proz": 32.7, "sm_bev_niedrig": 5450, "sm_bev_gesamt": 16682, "sm_gebiete_anz": 7, "sm_gebiete_niedrig_anz": 2}}, {"type": "Feature", "geometry": null, "properties": {"stadtteil": "Wilstorf", "jahr": "2017", "sm_statusindex_score": 3.0, "sm_dynamikindex_score": -0.003, "sm_anteil_niedrig_proz": 0.0, "sm_bev_niedrig": 0, "sm_bev_gesamt": 17104, "sm_gebiete_anz": 7, "sm_gebiete_niedrig_anz": 0}}, {"type": "Feature", "geometry": null, "properties": {"stadtteil": "Wilstorf", "jahr": "2018", "sm_statusindex_score": 3.0, "sm_dynamikindex_score": 0.0, "sm_anteil_niedrig_proz": 0.0, "sm_bev_niedrig": 0, "sm_bev_gesamt": 17437, "sm_gebiete_anz": 7, "sm_gebiete_niedrig_anz": 0}}, {"type": "Feature", "geometry": null, "properties": {"stadtteil": "Wilstorf", "jahr": "2019", "sm_statusindex_score": 3.0, "sm_dynamikindex_score": 0.0, "sm_anteil_niedrig_proz": 0.0, "sm_bev_niedrig": 0, "sm_bev_gesamt": 17506, "sm_gebiete_anz": 7, "sm_gebiete_niedrig_anz": 0}}, {"type": "Feature", "geometry": null, "properties": {"stadtteil": "Wilstorf", "jahr": "2020", "sm_statusindex_score": 2.806, "sm_dynamikindex_score": 0.0, "sm_anteil_niedrig_proz": 19.4, "sm_bev_niedrig": 3433, "sm_bev_gesamt": 17658, "sm_gebiete_anz": 7, "sm_gebiete_niedrig_anz": 1}}, {"type": "Feature", "geometry": null, "properties": {"stadtteil": "Wilstorf", "jahr": "2021", "sm_statusindex_score": 2.808, "sm_dynamikindex_score": -0.133, "sm_anteil_niedrig_proz": 19.2, "sm_bev_niedrig": 3352, "sm_bev_gesamt": 17460, "sm_gebiete_anz": 7, "sm_gebiete_niedrig_anz": 1}}, {"type": "Feature", "geometry": null, "properties": {"stadtteil": "Wilstorf", "jahr": "2022", "sm_statusindex_score": 2.808, "sm_dynamikindex_score": -0.194, "sm_anteil_niedrig_proz": 19.2, "sm_bev_niedrig": 3344, "sm_bev_gesamt": 17436, "sm_gebiete_anz": 7, "sm_gebiete_niedrig_anz": 1}}, {"type": "Feature", "geometry": null, "properties": {"stadtteil": "Wilstorf", "jahr": "2023", "sm_statusindex_score": 3.0, "sm_dynamikindex_score": 0.0, "sm_anteil_niedrig_proz": 0.0, "sm_bev_niedrig": 0, "sm_bev_gesamt": 17671, "sm_gebiete_anz": 7, "sm_gebiete_niedrig_anz": 0}}, {"type": "Feature", "geometry": null, "properties": {"stadtteil": "Wilstorf", "jahr": "2024", "sm_statusindex_score": 3.0, "sm_dynamikindex_score": 0.0, "sm_anteil_niedrig_proz": 0.0, "sm_bev_niedrig": 0, "sm_bev_gesamt": 17783, "sm_gebiete_anz": 7, "sm_gebiete_niedrig_anz": 0}}, {"type": "Feature", "geometry": null, "properties": {"stadtteil": "Wilstorf", "jahr": "2025", "sm_statusindex_score": 3.0, "sm_dynamikindex_score": 0.0, "sm_anteil_niedrig_proz": 0.0, "sm_bev_niedrig": 0, "sm_bev_gesamt": 17930, "sm_gebiete_anz": 7, "sm_gebiete_niedrig_anz": 0}}, {"type": "Feature", "geometry": null, "properties": {"stadtteil": "Winterhude", "jahr": "2013", "sm_statusindex_score": 3.112, "sm_dynamikindex_score": 0.033, "sm_anteil_niedrig_proz": 3.6, "sm_bev_niedrig": 1834, "sm_bev_gesamt": 50845, "sm_gebiete_anz": 25, "sm_gebiete_niedrig_anz": 2}}, {"type": "Feature", "geometry": null, "properties": {"stadtteil": "Winterhude", "jahr": "2014", "sm_statusindex_score": 3.091, "sm_dynamikindex_score": 0.168, "sm_anteil_niedrig_proz": 3.8, "sm_bev_niedrig": 1960, "sm_bev_gesamt": 51549, "sm_gebiete_anz": 25, "sm_gebiete_niedrig_anz": 2}}, {"type": "Feature", "geometry": null, "properties": {"stadtteil": "Winterhude", "jahr": "2015", "sm_statusindex_score": 3.116, "sm_dynamikindex_score": 0.233, "sm_anteil_niedrig_proz": 3.8, "sm_bev_niedrig": 2005, "sm_bev_gesamt": 52441, "sm_gebiete_anz": 25, "sm_gebiete_niedrig_anz": 2}}, {"type": "Feature", "geometry": null, "properties": {"stadtteil": "Winterhude", "jahr": "2016", "sm_statusindex_score": 3.107, "sm_dynamikindex_score": 0.157, "sm_anteil_niedrig_proz": 4.1, "sm_bev_niedrig": 2244, "sm_bev_gesamt": 54302, "sm_gebiete_anz": 25, "sm_gebiete_niedrig_anz": 2}}, {"type": "Feature", "geometry": null, "properties": {"stadtteil": "Winterhude", "jahr": "2017", "sm_statusindex_score": 3.102, "sm_dynamikindex_score": 0.018, "sm_anteil_niedrig_proz": 3.5, "sm_bev_niedrig": 1942, "sm_bev_gesamt": 54826, "sm_gebiete_anz": 25, "sm_gebiete_niedrig_anz": 2}}, {"type": "Feature", "geometry": null, "properties": {"stadtteil": "Winterhude", "jahr": "2018", "sm_statusindex_score": 3.16, "sm_dynamikindex_score": 0.01, "sm_anteil_niedrig_proz": 1.0, "sm_bev_niedrig": 539, "sm_bev_gesamt": 55651, "sm_gebiete_anz": 25, "sm_gebiete_niedrig_anz": 1}}, {"type": "Feature", "geometry": null, "properties": {"stadtteil": "Winterhude", "jahr": "2019", "sm_statusindex_score": 3.154, "sm_dynamikindex_score": 0.018, "sm_anteil_niedrig_proz": 3.4, "sm_bev_niedrig": 1913, "sm_bev_gesamt": 55900, "sm_gebiete_anz": 25, "sm_gebiete_niedrig_anz": 2}}, {"type": "Feature", "geometry": null, "properties": {"stadtteil": "Winterhude", "jahr": "2020", "sm_statusindex_score": 3.158, "sm_dynamikindex_score": -0.008, "sm_anteil_niedrig_proz": 3.2, "sm_bev_niedrig": 1783, "sm_bev_gesamt": 55492, "sm_gebiete_anz": 25, "sm_gebiete_niedrig_anz": 2}}, {"type": "Feature", "geometry": null, "properties": {"stadtteil": "Winterhude", "jahr": "2021", "sm_statusindex_score": 3.208, "sm_dynamikindex_score": 0.08, "sm_anteil_niedrig_proz": 2.3, "sm_bev_niedrig": 1318, "sm_bev_gesamt": 56382, "sm_gebiete_anz": 25, "sm_gebiete_niedrig_anz": 1}}, {"type": "Feature", "geometry": null, "properties": {"stadtteil": "Winterhude", "jahr": "2022", "sm_statusindex_score": 3.198, "sm_dynamikindex_score": 0.065, "sm_anteil_niedrig_proz": 2.4, "sm_bev_niedrig": 1340, "sm_bev_gesamt": 56878, "sm_gebiete_anz": 25, "sm_gebiete_niedrig_anz": 1}}, {"type": "Feature", "geometry": null, "properties": {"stadtteil": "Winterhude", "jahr": "2023", "sm_statusindex_score": 3.194, "sm_dynamikindex_score": 0.029, "sm_anteil_niedrig_proz": 3.5, "sm_bev_niedrig": 2014, "sm_bev_gesamt": 58052, "sm_gebiete_anz": 25, "sm_gebiete_niedrig_anz": 2}}, {"type": "Feature", "geometry": null, "properties": {"stadtteil": "Winterhude", "jahr": "2024", "sm_statusindex_score": 3.154, "sm_dynamikindex_score": 0.006, "sm_anteil_niedrig_proz": 3.0, "sm_bev_niedrig": 1807, "sm_bev_gesamt": 60435, "sm_gebiete_anz": 25, "sm_gebiete_niedrig_anz": 1}}, {"type": "Feature", "geometry": null, "properties": {"stadtteil": "Winterhude", "jahr": "2025", "sm_statusindex_score": 3.187, "sm_dynamikindex_score": 0.1, "sm_anteil_niedrig_proz": 3.5, "sm_bev_niedrig": 2136, "sm_bev_gesamt": 61192, "sm_gebiete_anz": 25, "sm_gebiete_niedrig_anz": 1}}, {"type": "Feature", "geometry": null, "properties": {"stadtteil": "Wohldorf-Ohlstedt", "jahr": "2013", "sm_statusindex_score": 3.83, "sm_dynamikindex_score": 0.0, "sm_anteil_niedrig_proz": 0.0, "sm_bev_niedrig": 0, "sm_bev_gesamt": 4423, "sm_gebiete_anz": 3, "sm_gebiete_niedrig_anz": 0}}, {"type": "Feature", "geometry": null, "properties": {"stadtteil": "Wohldorf-Ohlstedt", "jahr": "2014", "sm_statusindex_score": 4.0, "sm_dynamikindex_score": 0.0, "sm_anteil_niedrig_proz": 0.0, "sm_bev_niedrig": 0, "sm_bev_gesamt": 4433, "sm_gebiete_anz": 3, "sm_gebiete_niedrig_anz": 0}}, {"type": "Feature", "geometry": null, "properties": {"stadtteil": "Wohldorf-Ohlstedt", "jahr": "2015", "sm_statusindex_score": 4.0, "sm_dynamikindex_score": 0.0, "sm_anteil_niedrig_proz": 0.0, "sm_bev_niedrig": 0, "sm_bev_gesamt": 4475, "sm_gebiete_anz": 3, "sm_gebiete_niedrig_anz": 0}}, {"type": "Feature", "geometry": null, "properties": {"stadtteil": "Wohldorf-Ohlstedt", "jahr": "2016", "sm_statusindex_score": 4.0, "sm_dynamikindex_score": 0.0, "sm_anteil_niedrig_proz": 0.0, "sm_bev_niedrig": 0, "sm_bev_gesamt": 4823, "sm_gebiete_anz": 3, "sm_gebiete_niedrig_anz": 0}}, {"type": "Feature", "geometry": null, "properties": {"stadtteil": "Wohldorf-Ohlstedt", "jahr": "2017", "sm_statusindex_score": 4.0, "sm_dynamikindex_score": 0.0, "sm_anteil_niedrig_proz": 0.0, "sm_bev_niedrig": 0, "sm_bev_gesamt": 4656, "sm_gebiete_anz": 3, "sm_gebiete_niedrig_anz": 0}}, {"type": "Feature", "geometry": null, "properties": {"stadtteil": "Wohldorf-Ohlstedt", "jahr": "2018", "sm_statusindex_score": 4.0, "sm_dynamikindex_score": 0.0, "sm_anteil_niedrig_proz": 0.0, "sm_bev_niedrig": 0, "sm_bev_gesamt": 4585, "sm_gebiete_anz": 3, "sm_gebiete_niedrig_anz": 0}}, {"type": "Feature", "geometry": null, "properties": {"stadtteil": "Wohldorf-Ohlstedt", "jahr": "2019", "sm_statusindex_score": 4.0, "sm_dynamikindex_score": 0.0, "sm_anteil_niedrig_proz": 0.0, "sm_bev_niedrig": 0, "sm_bev_gesamt": 4662, "sm_gebiete_anz": 3, "sm_gebiete_niedrig_anz": 0}}, {"type": "Feature", "geometry": null, "properties": {"stadtteil": "Wohldorf-Ohlstedt", "jahr": "2020", "sm_statusindex_score": 4.0, "sm_dynamikindex_score": 0.0, "sm_anteil_niedrig_proz": 0.0, "sm_bev_niedrig": 0, "sm_bev_gesamt": 4650, "sm_gebiete_anz": 3, "sm_gebiete_niedrig_anz": 0}}, {"type": "Feature", "geometry": null, "properties": {"stadtteil": "Wohldorf-Ohlstedt", "jahr": "2021", "sm_statusindex_score": 4.0, "sm_dynamikindex_score": 0.0, "sm_anteil_niedrig_proz": 0.0, "sm_bev_niedrig": 0, "sm_bev_gesamt": 4649, "sm_gebiete_anz": 3, "sm_gebiete_niedrig_anz": 0}}, {"type": "Feature", "geometry": null, "properties": {"stadtteil": "Wohldorf-Ohlstedt", "jahr": "2022", "sm_statusindex_score": 4.0, "sm_dynamikindex_score": 0.0, "sm_anteil_niedrig_proz": 0.0, "sm_bev_niedrig": 0, "sm_bev_gesamt": 4829, "sm_gebiete_anz": 3, "sm_gebiete_niedrig_anz": 0}}, {"type": "Feature", "geometry": null, "properties": {"stadtteil": "Wohldorf-Ohlstedt", "jahr": "2023", "sm_statusindex_score": 4.0, "sm_dynamikindex_score": 0.0, "sm_anteil_niedrig_proz": 0.0, "sm_bev_niedrig": 0, "sm_bev_gesamt": 4804, "sm_gebiete_anz": 3, "sm_gebiete_niedrig_anz": 0}}, {"type": "Feature", "geometry": null, "properties": {"stadtteil": "Wohldorf-Ohlstedt", "jahr": "2024", "sm_statusindex_score": 4.0, "sm_dynamikindex_score": 0.0, "sm_anteil_niedrig_proz": 0.0, "sm_bev_niedrig": 0, "sm_bev_gesamt": 4801, "sm_gebiete_anz": 3, "sm_gebiete_niedrig_anz": 0}}, {"type": "Feature", "geometry": null, "properties": {"stadtteil": "Wohldorf-Ohlstedt", "jahr": "2025", "sm_statusindex_score": 4.0, "sm_dynamikindex_score": 0.0, "sm_anteil_niedrig_proz": 0.0, "sm_bev_niedrig": 0, "sm_bev_gesamt": 4839, "sm_gebiete_anz": 3, "sm_gebiete_niedrig_anz": 0}}]}